seed,task,method,step,pre_update_objective,pre_update_contrastive,pre_update_graph_energy,pre_update_spectral_penalty,post_update_LipN_bound,post_update_contraction_bound
seed-0,achilles,hard_spectral,10,1.070351004600525,1.0675684213638306,0.002776110079139471,0.0,0.9980009651648742,0.4990004825824371
seed-0,achilles,hard_spectral,20,1.0778292417526245,1.0752147436141968,0.002608151873573661,0.0,0.9980009378823803,0.49900046894119016
seed-0,achilles,hard_spectral,30,1.0846627950668335,1.0821881294250488,0.0024685743264853954,0.0,0.9980009891309797,0.49900049456548984
seed-0,achilles,hard_spectral,40,1.09071683883667,1.0883574485778809,0.002353455638512969,0.0,0.9980010381321811,0.49900051906609055
seed-0,achilles,hard_spectral,50,1.0959378480911255,1.093672275543213,0.002259884960949421,0.0,0.9980009657933969,0.49900048289669846
seed-0,achilles,hard_spectral,60,1.10037362575531,1.0981838703155518,0.0021841551642864943,0.0,0.9980009882437566,0.4990004941218783
seed-0,achilles,hard_spectral,70,1.1041210889816284,1.1019928455352783,0.002122743520885706,0.0,0.9980009900596875,0.4990004950298437
seed-0,achilles,hard_spectral,80,1.1072897911071777,1.1052119731903076,0.002072615548968315,0.0,0.9980010326523691,0.49900051632618453
seed-0,achilles,hard_spectral,90,1.1099827289581299,1.1079462766647339,0.0020313370041549206,0.0,0.9980009604561657,0.49900048022808285
seed-0,achilles,hard_spectral,100,1.112287163734436,1.1102851629257202,0.001997006591409445,0.0,0.9980009979926703,0.49900049899633514
seed-0,achilles,hard_spectral,110,1.1142752170562744,1.1123020648956299,0.0019681700505316257,0.0,0.9980010052137359,0.49900050260686796
seed-0,achilles,hard_spectral,120,1.1160050630569458,1.1140564680099487,0.0019437136361375451,0.0,0.9980009337207034,0.4990004668603517
seed-0,achilles,hard_spectral,130,1.117523193359375,1.1155956983566284,0.0019227846059948206,0.0,0.998001035690407,0.4990005178452035
seed-0,achilles,hard_spectral,140,1.11886727809906,1.1169579029083252,0.0019047227688133717,0.0,0.9980009974433751,0.49900049872168756
seed-0,achilles,hard_spectral,150,1.1200671195983887,1.1181734800338745,0.0018890145001932979,0.0,0.9980009128304436,0.4990004564152218
seed-0,achilles,hard_spectral,160,1.12114679813385,1.1192669868469238,0.0018752558389678597,0.0,0.9980010456875783,0.49900052284378915
seed-0,achilles,hard_spectral,170,1.1221263408660889,1.1202586889266968,0.0018631231505423784,0.0,0.9980009095972108,0.4990004547986054
seed-0,achilles,hard_spectral,180,1.1230220794677734,1.121165156364441,0.0018523557810112834,0.0,0.9980008751225461,0.49900043756127305
seed-0,achilles,hard_spectral,190,1.1238473653793335,1.1220002174377441,0.0018427404575049877,0.0,0.9980009971208061,0.49900049856040307
seed-0,achilles,hard_spectral,200,1.1246140003204346,1.1227754354476929,0.0018341012764722109,0.0,0.9980010796090864,0.4990005398045432
seed-0,achilles,hard_spectral,210,1.1253316402435303,1.123500943183899,0.0018262902740389109,0.0,0.9980009545505152,0.4990004772752576
seed-0,achilles,hard_spectral,220,1.1260087490081787,1.1241852045059204,0.001819183467887342,0.0,0.9980010279987181,0.4990005139993591
seed-0,achilles,hard_spectral,230,1.126652717590332,1.124835729598999,0.0018126738723367453,0.0,0.9980010154201461,0.49900050771007304
seed-0,achilles,hard_spectral,240,1.1272698640823364,1.1254589557647705,0.0018066710326820612,0.0,0.9980008765555012,0.4990004382777506
seed-0,achilles,hard_spectral,250,1.1278661489486694,1.1260607242584229,0.0018010960193350911,0.0,0.9980009902687925,0.49900049513439626
seed-0,achilles,hard_spectral,260,1.1284465789794922,1.1266463994979858,0.0017958779353648424,0.0,0.9980009090636028,0.4990004545318014
seed-0,achilles,hard_spectral,270,1.1290159225463867,1.127220630645752,0.0017909570597112179,0.0,0.9980009763867121,0.4990004881933561
seed-0,achilles,hard_spectral,280,1.1295785903930664,1.1277880668640137,0.0017862793756648898,0.0,0.9980010529495938,0.4990005264747969
seed-0,achilles,hard_spectral,290,1.1301387548446655,1.1283526420593262,0.0017817955231294036,0.0,0.9980010569825619,0.49900052849128096
seed-0,achilles,hard_spectral,300,1.130699872970581,1.128918170928955,0.001777461962774396,0.0,0.9980010031991708,0.4990005015995854
seed-0,achilles,soft_spectral,10,1.0574864149093628,1.051550030708313,0.003093607956543565,0.00028360358555801213,1.0262375514163038,0.5131187757081519
seed-0,achilles,soft_spectral,20,1.0568196773529053,1.0460753440856934,0.003181612817570567,0.0007555857300758362,1.0395964021174218,0.5197982010587109
seed-0,achilles,soft_spectral,30,1.0564464330673218,1.045563817024231,0.0031941456254571676,0.0007681656861677766,1.0396032634011525,0.5198016317005762
seed-0,achilles,soft_spectral,40,1.0562305450439453,1.0465093851089478,0.003179165069013834,0.0006535031134262681,1.035995543255315,0.5179977716276575
seed-0,achilles,soft_spectral,50,1.0560362339019775,1.0471283197402954,0.003168549155816436,0.000573235796764493,1.0341502889820238,0.5170751444910119
seed-0,achilles,soft_spectral,60,1.0560288429260254,1.047190546989441,0.0031668804585933685,0.0005664513446390629,1.0340945721424726,0.5170472860712363
seed-0,achilles,soft_spectral,70,1.0559685230255127,1.0470294952392578,0.0031697899103164673,0.0005762339569628239,1.0349786650754762,0.5174893325377381
seed-0,achilles,soft_spectral,80,1.056034803390503,1.0468969345092773,0.003173177596181631,0.0005957710091024637,1.0347619037837446,0.5173809518918723
seed-0,achilles,soft_spectral,90,1.0560295581817627,1.0468511581420898,0.0031739971600472927,0.0005997514817863703,1.0349537796866055,0.5174768898433028
seed-0,achilles,soft_spectral,100,1.0559537410736084,1.046833872795105,0.003174589714035392,0.0005938399117439985,1.0345206796647552,0.5172603398323776
seed-0,achilles,soft_spectral,110,1.0560033321380615,1.0467815399169922,0.003175796940922737,0.000603905413299799,1.0347129793981762,0.5173564896990881
seed-0,achilles,soft_spectral,120,1.0558598041534424,1.0467511415481567,0.0031771559733897448,0.0005924580618739128,1.0350671328875585,0.5175335664437792
seed-0,achilles,soft_spectral,130,1.0558093786239624,1.0467228889465332,0.0031769052147865295,0.0005902701523154974,1.0347212545039948,0.5173606272519974
seed-0,achilles,soft_spectral,140,1.0558559894561768,1.0466723442077637,0.003176107071340084,0.0006000686553306878,1.0346826168420844,0.5173413084210422
seed-0,achilles,soft_spectral,150,1.055921196937561,1.046633243560791,0.0031759582925587893,0.0006105011561885476,1.03490019313283,0.517450096566415
seed-0,achilles,soft_spectral,160,1.0556116104125977,1.0466139316558838,0.003178975312039256,0.0005811707815155387,1.0342462438114735,0.5171231219057367
seed-0,achilles,soft_spectral,170,1.0557096004486084,1.0465010404586792,0.003180946223437786,0.0006020549917593598,1.0345086462127628,0.5172543231063814
seed-0,achilles,soft_spectral,180,1.0557323694229126,1.0464798212051392,0.003182419342920184,0.0006063067121431231,1.0350358800344328,0.5175179400172164
seed-0,achilles,soft_spectral,190,1.055728793144226,1.0465168952941895,0.003181431908160448,0.0006023446330800653,1.0350050041274732,0.5175025020637366
seed-0,achilles,soft_spectral,200,1.0556012392044067,1.0465271472930908,0.0031805855687707663,0.0005886382423341274,1.034625849334301,0.5173129246671505
seed-0,achilles,soft_spectral,210,1.055675745010376,1.0465049743652344,0.003180833300575614,0.0005982822040095925,1.0346261046403553,0.5173130523201777
seed-0,achilles,soft_spectral,220,1.0557953119277954,1.0464762449264526,0.0031812740489840508,0.0006130844703875482,1.0351588030862493,0.5175794015431247
seed-0,achilles,soft_spectral,230,1.0557218790054321,1.0465095043182373,0.003180067054927349,0.0006025293841958046,1.0353868837281848,0.5176934418640924
seed-0,achilles,soft_spectral,240,1.0557063817977905,1.0465469360351562,0.003178229322656989,0.0005974118830636144,1.0347286589113271,0.5173643294556636
seed-0,achilles,soft_spectral,250,1.0555874109268188,1.046509861946106,0.003180374624207616,0.0005890146130695939,1.034328645642213,0.5171643228211065
seed-0,achilles,soft_spectral,260,1.0555870532989502,1.0464389324188232,0.003181740641593933,0.0005959422560408711,1.0347396588700768,0.5173698294350384
seed-0,achilles,soft_spectral,270,1.0555866956710815,1.0464061498641968,0.0031819110736250877,0.0005991547950543463,1.0347294289701598,0.5173647144850799
seed-0,achilles,soft_spectral,280,1.0556625127792358,1.046422004699707,0.0031819648575037718,0.000605148496106267,1.035067740725231,0.5175338703626154
seed-0,achilles,soft_spectral,290,1.055605173110962,1.046449899673462,0.003181188367307186,0.0005967078031972051,1.0349477735351058,0.5174738867675529
seed-0,achilles,soft_spectral,300,1.0556507110595703,1.0464497804641724,0.0031825846526771784,0.0006011397927068174,1.03483596288531,0.517417981442655
seed-0,achilles,unconstrained,10,1.053163766860962,1.0501196384429932,0.0030373462941497564,0.001215595519170165,1.055840592616006,0.527920296308003
seed-0,achilles,unconstrained,20,1.0414211750030518,1.0382574796676636,0.003156692022457719,0.00585786160081625,1.1175593710103666,0.5587796855051833
seed-0,achilles,unconstrained,30,1.0292924642562866,1.0259582996368408,0.0033268891274929047,0.014382289722561836,1.1835072990807223,0.5917536495403611
seed-0,achilles,unconstrained,40,1.018504023551941,1.0149407386779785,0.0035558193922042847,0.02651558816432953,1.249991946447692,0.624995973223846
seed-0,achilles,unconstrained,50,1.011544108390808,1.007716178894043,0.0038203520234674215,0.04004604369401932,1.3083367029502329,0.6541683514751164
seed-0,achilles,unconstrained,60,1.0086634159088135,1.0046249628067017,0.004030559677630663,0.051376886665821075,1.3489074362820286,0.6744537181410143
seed-0,achilles,unconstrained,70,1.0065447092056274,1.0024211406707764,0.00411568209528923,0.054455652832984924,1.3566643845536486,0.6783321922768243
seed-0,achilles,unconstrained,80,1.0037527084350586,0.9996034502983093,0.004141239449381828,0.05106464773416519,1.3434693290756468,0.6717346645378234
seed-0,achilles,unconstrained,90,1.0005537271499634,0.9963515996932983,0.004194058012217283,0.04707137495279312,1.3290647056168243,0.6645323528084122
seed-0,achilles,unconstrained,100,0.9967998266220093,0.9924846291542053,0.0043070255778729916,0.044386476278305054,1.3191788724950246,0.6595894362475123
seed-0,achilles,unconstrained,110,0.9924135804176331,0.9879148602485657,0.004490407183766365,0.04235115274786949,1.3112717662758766,0.6556358831379383
seed-0,achilles,unconstrained,120,0.9876989722251892,0.9829326272010803,0.0047578816302120686,0.04071653634309769,1.3051702174797466,0.6525851087398733
seed-0,achilles,unconstrained,130,0.9835168123245239,0.9783986210823059,0.0051096174865961075,0.040876418352127075,1.3069537251284047,0.6534768625642023
seed-0,achilles,unconstrained,140,0.9807729721069336,0.9752892851829529,0.005474905949085951,0.045049022883176804,1.3255114071769325,0.6627557035884662
seed-0,achilles,unconstrained,150,0.9794411659240723,0.9736884236335754,0.0057438453659415245,0.05288397893309593,1.353891506715613,0.6769457533578065
seed-0,achilles,unconstrained,160,0.9788423776626587,0.972937285900116,0.005896158516407013,0.056791409850120544,1.365902558705459,0.6829512793527295
seed-0,achilles,unconstrained,170,0.9786109328269958,0.9726275205612183,0.005974387284368277,0.0580461323261261,1.370198376887169,0.6850991884435845
seed-0,achilles,unconstrained,180,0.9785382747650146,0.9725080132484436,0.006021237466484308,0.05982130020856857,1.376397553511396,0.688198776755698
seed-0,achilles,unconstrained,190,0.9785001277923584,0.9724400043487549,0.006051102187484503,0.06137509644031525,1.3813211547734965,0.6906605773867482
seed-0,achilles,unconstrained,200,0.9784787893295288,0.9724149703979492,0.006054833997040987,0.06188667565584183,1.3827260478246015,0.6913630239123008
seed-0,achilles,unconstrained,210,0.978463888168335,0.9724109768867493,0.0060439277440309525,0.061833448708057404,1.3825015803434575,0.6912507901717287
seed-0,achilles,unconstrained,220,0.9784530997276306,0.9724076986312866,0.0060364180244505405,0.06181400269269943,1.3824810856076066,0.6912405428038033
seed-0,achilles,unconstrained,230,0.97844398021698,0.9724017977714539,0.006033155135810375,0.061873987317085266,1.3826822302337127,0.6913411151168564
seed-0,achilles,unconstrained,240,0.9784350395202637,0.9723955392837524,0.006030486896634102,0.06189235299825668,1.3827250907871769,0.6913625453935884
seed-0,achilles,unconstrained,250,0.9784261584281921,0.9723888039588928,0.006028356496244669,0.06189737096428871,1.3827532734493464,0.6913766367246732
seed-0,achilles,unconstrained,260,0.9784172177314758,0.9723809957504272,0.0060272482223808765,0.061942361295223236,1.382918865833317,0.6914594329166585
seed-0,achilles,unconstrained,270,0.9784084558486938,0.9723730683326721,0.006026368588209152,0.06200774759054184,1.383137273705671,0.6915686368528355
seed-0,achilles,unconstrained,280,0.9783995151519775,0.9723654985427856,0.006025027483701706,0.06207376718521118,1.383363851375123,0.6916819256875615
seed-0,achilles,unconstrained,290,0.9783908128738403,0.9723582863807678,0.006023501046001911,0.062154583632946014,1.3836423011083723,0.6918211505541861
seed-0,achilles,unconstrained,300,0.9783820509910583,0.97235107421875,0.006021998357027769,0.06225869432091713,1.3839985400938308,0.6919992700469154
seed-0,buddy,hard_spectral,10,1.0779703855514526,1.073843240737915,0.004120753146708012,0.0,0.9980010191599299,0.49900050957996495
seed-0,buddy,hard_spectral,20,1.084809422492981,1.0808887481689453,0.003914407454431057,0.0,0.9980009330093669,0.49900046650468344
seed-0,buddy,hard_spectral,30,1.0908730030059814,1.0871222019195557,0.003744762856513262,0.0,0.9980009968553004,0.4990004984276502
seed-0,buddy,hard_spectral,40,1.096133828163147,1.0925215482711792,0.00360633572563529,0.0,0.9980010308011508,0.4990005154005754
seed-0,buddy,hard_spectral,50,1.1006089448928833,1.097109317779541,0.0034939395263791084,0.0,0.9980010444093973,0.49900052220469865
seed-0,buddy,hard_spectral,60,1.1043610572814941,1.1009522676467896,0.0034031288232654333,0.0,0.9980009679448214,0.4990004839724107
seed-0,buddy,hard_spectral,70,1.107485055923462,1.1041498184204102,0.0033297378104180098,0.0,0.9980010241885261,0.49900051209426305
seed-0,buddy,hard_spectral,80,1.1100828647613525,1.1068073511123657,0.003270163433626294,0.0,0.9980010598615919,0.49900052993079597
seed-0,buddy,hard_spectral,90,1.1122474670410156,1.109020709991455,0.0032215332612395287,0.0,0.9980009313972572,0.4990004656986286
seed-0,buddy,hard_spectral,100,1.114058256149292,1.1108715534210205,0.0031815615948289633,0.0,0.9980009898061541,0.4990004949030771
seed-0,buddy,hard_spectral,110,1.115580439567566,1.112426996231079,0.003148478688672185,0.0,0.9980009589303548,0.4990004794651774
seed-0,buddy,hard_spectral,120,1.1168662309646606,1.1137404441833496,0.003120922017842531,0.0,0.9980010454483476,0.4990005227241738
seed-0,buddy,hard_spectral,130,1.1179572343826294,1.1148544549942017,0.003097838955000043,0.0,0.9980009108741171,0.49900045543705857
seed-0,buddy,hard_spectral,140,1.118886113166809,1.1158028841018677,0.0030784066766500473,0.0,0.9980009102255788,0.4990004551127894
seed-0,buddy,hard_spectral,150,1.1196796894073486,1.1166129112243652,0.0030619814060628414,0.0,0.9980010289870497,0.49900051449352484
seed-0,buddy,hard_spectral,160,1.120359182357788,1.1173064708709717,0.0030480518471449614,0.0,0.9980010139746821,0.49900050698734105
seed-0,buddy,hard_spectral,170,1.120942234992981,1.11790132522583,0.0030362114775925875,0.0,0.9980009341524496,0.4990004670762248
seed-0,buddy,hard_spectral,180,1.1214429140090942,1.1184121370315552,0.0030261336360126734,0.0,0.9980010664543137,0.4990005332271569
seed-0,buddy,hard_spectral,190,1.121872901916504,1.118850827217102,0.00301755266264081,0.0,0.9980009322965138,0.4990004661482569
seed-0,buddy,hard_spectral,200,1.1222423315048218,1.1192275285720825,0.0030102527234703302,0.0,0.9980010451640852,0.4990005225820426
seed-0,buddy,hard_spectral,210,1.1225590705871582,1.1195504665374756,0.003004055470228195,0.0,0.9980009666435494,0.4990004833217747
seed-0,buddy,hard_spectral,220,1.1228303909301758,1.1198270320892334,0.0029988109599798918,0.0,0.9980010504448812,0.4990005252224406
seed-0,buddy,hard_spectral,230,1.1230618953704834,1.1200629472732544,0.002994394162669778,0.0,0.9980009723495359,0.49900048617476794
seed-0,buddy,hard_spectral,240,1.1232587099075317,1.1202635765075684,0.0029906975105404854,0.0,0.998000919614524,0.499000459807262
seed-0,buddy,hard_spectral,250,1.1234257221221924,1.1204336881637573,0.002987627638503909,0.0,0.9980009866294463,0.4990004933147231
seed-0,buddy,hard_spectral,260,1.1235662698745728,1.1205767393112183,0.0029851070139557123,0.0,0.9980010283025348,0.4990005141512674
seed-0,buddy,hard_spectral,270,1.123684048652649,1.1206965446472168,0.0029830648563802242,0.0,0.9980010428767877,0.49900052143839385
seed-0,buddy,hard_spectral,280,1.1237819194793701,1.1207960844039917,0.0029814394656568766,0.0,0.9980009542271967,0.49900047711359835
seed-0,buddy,hard_spectral,290,1.123862624168396,1.120877981185913,0.0029801782220602036,0.0,0.9980010602064648,0.4990005301032324
seed-0,buddy,hard_spectral,300,1.123928427696228,1.1209447383880615,0.002979232929646969,0.0,0.998000968764712,0.499000484382356
seed-0,buddy,soft_spectral,10,1.0661742687225342,1.0588436126708984,0.004541643429547548,0.0002782279043458402,1.0255076721688672,0.5127538360844336
seed-0,buddy,soft_spectral,20,1.0653202533721924,1.0538362264633179,0.004662546329200268,0.0006814561202190816,1.0376372119695736,0.5188186059847868
seed-0,buddy,soft_spectral,30,1.0652456283569336,1.053378939628601,0.0046754032373428345,0.000718443829100579,1.0381546804370354,0.5190773402185177
seed-0,buddy,soft_spectral,40,1.0651799440383911,1.0542603731155396,0.004651167429983616,0.0006261436501517892,1.0355078923406786,0.5177539461703393
seed-0,buddy,soft_spectral,50,1.0651124715805054,1.0550392866134644,0.004632052965462208,0.0005434240447357297,1.0329986414560868,0.5164993207280434
seed-0,buddy,soft_spectral,60,1.06509268283844,1.0552899837493896,0.004625450819730759,0.0005170332151465118,1.0324745621155775,0.5162372810577888
seed-0,buddy,soft_spectral,70,1.0651137828826904,1.055222749710083,0.004626740235835314,0.0005257388111203909,1.032409138803908,0.516204569401954
seed-0,buddy,soft_spectral,80,1.0651706457138062,1.0550320148468018,0.00463141268119216,0.0005500340485014021,1.0328811940759062,0.5164405970379531
seed-0,buddy,soft_spectral,90,1.0652539730072021,1.0549368858337402,0.004634717479348183,0.0005675412248820066,1.033706035450738,0.516853017725369
seed-0,buddy,soft_spectral,100,1.0651346445083618,1.0549887418746948,0.004628471564501524,0.0005510576884262264,1.033261667996692,0.516630833998346
seed-0,buddy,soft_spectral,110,1.0650314092636108,1.0550012588500977,0.004631160758435726,0.0005392110906541348,1.0331661186209742,0.5165830593104871
seed-0,buddy,soft_spectral,120,1.0651156902313232,1.0549650192260742,0.004630459006875753,0.000551327015273273,1.0332795040248182,0.5166397520124091
seed-0,buddy,soft_spectral,130,1.0650075674057007,1.0549170970916748,0.004632312338799238,0.0005451188189908862,1.0333743772518034,0.5166871886259017
seed-0,buddy,soft_spectral,140,1.0650218725204468,1.054864764213562,0.0046332236379384995,0.0005517058307304978,1.0333751132064186,0.5166875566032093
seed-0,buddy,soft_spectral,150,1.0649458169937134,1.0548473596572876,0.004633447155356407,0.0005458161467686296,1.0335294833940571,0.5167647416970286
seed-0,buddy,soft_spectral,160,1.0650839805603027,1.0548875331878662,0.00463251955807209,0.0005557091790251434,1.033257327884961,0.5166286639424805
seed-0,buddy,soft_spectral,170,1.0650914907455444,1.0549511909484863,0.004631304182112217,0.0005502133863046765,1.0337217638569214,0.5168608819284607
seed-0,buddy,soft_spectral,180,1.0649349689483643,1.0550059080123901,0.004630343057215214,0.0005291805136948824,1.0329996639485164,0.5164998319742582
seed-0,buddy,soft_spectral,190,1.0650075674057007,1.0549575090408325,0.004630244802683592,0.0005412903265096247,1.032837075500228,0.516418537750114
seed-0,buddy,soft_spectral,200,1.0649956464767456,1.0548977851867676,0.004631469491869211,0.0005459396634250879,1.0336497183527433,0.5168248591763717
seed-0,buddy,soft_spectral,210,1.065008521080017,1.0549317598342896,0.004631292540580034,0.0005438518710434437,1.0335383410363737,0.5167691705181868
seed-0,buddy,soft_spectral,220,1.065058946609497,1.054945945739746,0.0046312944032251835,0.0005474755889736116,1.033486829545824,0.516743414772912
seed-0,buddy,soft_spectral,230,1.0650482177734375,1.0549540519714355,0.004630855284631252,0.0005456505459733307,1.0330550785546664,0.5165275392773332
seed-0,buddy,soft_spectral,240,1.0652133226394653,1.0549266338348389,0.004628166556358337,0.0005651635583490133,1.033836041529014,0.516918020764507
seed-0,buddy,soft_spectral,250,1.0651617050170898,1.0550156831741333,0.0046264491975307465,0.0005512733478099108,1.033156483904348,0.516578241952174
seed-0,buddy,soft_spectral,260,1.0650619268417358,1.055048942565918,0.004629325121641159,0.0005376695189625025,1.0334323363497595,0.5167161681748798
seed-0,buddy,soft_spectral,270,1.0650862455368042,1.0550258159637451,0.004628404974937439,0.0005425146082416177,1.0331886320726726,0.5165943160363363
seed-0,buddy,soft_spectral,280,1.0650912523269653,1.0549702644348145,0.004632710944861174,0.0005481383996084332,1.0332683251906158,0.5166341625953079
seed-0,buddy,soft_spectral,290,1.0650453567504883,1.0549023151397705,0.004633799195289612,0.0005502307903952897,1.033522433033677,0.5167612165168385
seed-0,buddy,soft_spectral,300,1.065057635307312,1.0549025535583496,0.004633126314729452,0.0005515040829777718,1.0333154908187168,0.5166577454093584
seed-0,buddy,unconstrained,10,1.0613816976547241,1.0568630695343018,0.00451178103685379,0.001212581992149353,1.05576887883082,0.52788443941541
seed-0,buddy,unconstrained,20,1.0497795343399048,1.0450190305709839,0.004753526300191879,0.005814353935420513,1.1170448124674635,0.5585224062337317
seed-0,buddy,unconstrained,30,1.0380373001098633,1.0329525470733643,0.005077513866126537,0.014139750972390175,1.1818308703723952,0.5909154351861976
seed-0,buddy,unconstrained,40,1.0278968811035156,1.0223995447158813,0.005489950999617577,0.02608117274940014,1.2479800016132918,0.6239900008066459
seed-0,buddy,unconstrained,50,1.0216071605682373,1.0156631469726562,0.005936432164162397,0.040212277323007584,1.3092471033628834,0.6546235516814417
seed-0,buddy,unconstrained,60,1.01921546459198,1.0129395723342896,0.006268140859901905,0.05155374854803085,1.3492779728939481,0.6746389864469741
seed-0,buddy,unconstrained,70,1.0174747705459595,1.0110840797424316,0.006382862105965614,0.053641896694898605,1.3534896444271183,0.6767448222135591
seed-0,buddy,unconstrained,80,1.0150569677352905,1.0086653232574463,0.006383700296282768,0.04984034225344658,1.3390531468810336,0.6695265734405168
seed-0,buddy,unconstrained,90,1.012255311012268,1.0058400630950928,0.00640727998688817,0.04611027613282204,1.325617371876017,0.6628086859380085
seed-0,buddy,unconstrained,100,1.0089279413223267,1.0024123191833496,0.006507545243948698,0.04371284693479538,1.316748146856834,0.658374073428417
seed-0,buddy,unconstrained,110,1.0049885511398315,0.9982854723930359,0.006694875657558441,0.04182015359401703,1.3093349696992873,0.6546674848496437
seed-0,buddy,unconstrained,120,1.0006762742996216,0.9936869144439697,0.006981046870350838,0.03995223715901375,1.301907138609674,0.650953569304837
seed-0,buddy,unconstrained,130,0.9968066215515137,0.9894204139709473,0.007377667352557182,0.03908531367778778,1.2998342140150294,0.6499171070075147
seed-0,buddy,unconstrained,140,0.9944438338279724,0.9866130948066711,0.007822106592357159,0.04525762051343918,1.326707951935984,0.663353975967992
seed-0,buddy,unconstrained,150,0.9933964014053345,0.9852393865585327,0.008148224093019962,0.05137478560209274,1.34710433800332,0.67355216900166
seed-0,buddy,unconstrained,160,0.9929887652397156,0.984665036201477,0.008314854465425014,0.0529525950551033,1.352186698851777,0.6760933494258885
seed-0,buddy,unconstrained,170,0.9929141402244568,0.9844951033592224,0.008410145528614521,0.054346226155757904,1.35724849333711,0.678624246668555
seed-0,buddy,unconstrained,180,0.9928978085517883,0.984422504901886,0.008466341532766819,0.055614493787288666,1.3614693238601214,0.6807346619300607
seed-0,buddy,unconstrained,190,0.9928876161575317,0.9844036102294922,0.008475047536194324,0.056177325546741486,1.3631086742213019,0.6815543371106509
seed-0,buddy,unconstrained,200,0.9928752779960632,0.9844092130661011,0.008457104675471783,0.05605152249336243,1.3625238614755923,0.6812619307377962
seed-0,buddy,unconstrained,210,0.9928651452064514,0.9844146370887756,0.008441592566668987,0.0559273287653923,1.362160724651615,0.6810803623258075
seed-0,buddy,unconstrained,220,0.9928566813468933,0.9844142198562622,0.008433511480689049,0.05610891431570053,1.3628383640545279,0.6814191820272639
seed-0,buddy,unconstrained,230,0.9928486347198486,0.9844110012054443,0.008428688161075115,0.05638638883829117,1.3637774412873276,0.6818887206436638
seed-0,buddy,unconstrained,240,0.9928404092788696,0.9844048023223877,0.008426674641668797,0.0566825196146965,1.3648053110480969,0.6824026555240484
seed-0,buddy,unconstrained,250,0.9928318858146667,0.9843959808349609,0.008426963351666927,0.05706924572587013,1.3661548281634992,0.6830774140817496
seed-0,buddy,unconstrained,260,0.99282306432724,0.9843865633010864,0.008427555672824383,0.057523924857378006,1.3677194428794113,0.6838597214397056
seed-0,buddy,unconstrained,270,0.9928138256072998,0.984377384185791,0.008427529595792294,0.05800332874059677,1.3693630321095973,0.6846815160547987
seed-0,buddy,unconstrained,280,0.9928044080734253,0.9843684434890747,0.008427045308053493,0.05851200222969055,1.3711092125918307,0.6855546062959154
seed-0,buddy,unconstrained,290,0.9927946925163269,0.9843595027923584,0.0084262415766716,0.0590587854385376,1.3729818013741462,0.6864909006870731
seed-0,buddy,unconstrained,300,0.9927846789360046,0.9843505620956421,0.00842518825083971,0.05963919311761856,1.374962356922379,0.6874811784611895
seed-0,cicero,hard_spectral,10,1.0785510540008545,1.0731843709945679,0.005360249895602465,0.0,0.9980010822795594,0.4990005411397797
seed-0,cicero,hard_spectral,20,1.0856374502182007,1.0805188417434692,0.0051123155280947685,0.0,0.9980009684406611,0.49900048422033055
seed-0,cicero,hard_spectral,30,1.0921872854232788,1.0872772932052612,0.004903953522443771,0.0,0.9980009856211083,0.49900049281055414
seed-0,cicero,hard_spectral,40,1.098023772239685,1.0932866334915161,0.004731125198304653,0.0,0.9980009839292111,0.49900049196460555
seed-0,cicero,hard_spectral,50,1.1030776500701904,1.098482370376587,0.004589580465108156,0.0,0.9980010194821121,0.49900050974105603
seed-0,cicero,hard_spectral,60,1.1073764562606812,1.1028965711593628,0.004474290180951357,0.0,0.9980009961980223,0.49900049809901115
seed-0,cicero,hard_spectral,70,1.1110005378723145,1.1066147089004517,0.004380346275866032,0.0,0.9980009981502757,0.4990004990751378
seed-0,cicero,hard_spectral,80,1.114048957824707,1.1097402572631836,0.004303405527025461,0.0,0.9980010211516988,0.4990005105758494
seed-0,cicero,hard_spectral,90,1.116618037223816,1.1123729944229126,0.004239903297275305,0.0,0.9980010134905122,0.4990005067452561
seed-0,cicero,hard_spectral,100,1.118793249130249,1.1146012544631958,0.004187004175037146,0.0,0.998001026158024,0.499000513079012
seed-0,cicero,hard_spectral,110,1.120646595954895,1.1164990663528442,0.00414250697940588,0.0,0.9980009324003841,0.49900046620019206
seed-0,cicero,hard_spectral,120,1.1222360134124756,1.118126392364502,0.0041047194972634315,0.0,0.9980009253897321,0.49900046269486603
seed-0,cicero,hard_spectral,130,1.1236085891723633,1.119531512260437,0.004072339273989201,0.0,0.9980010851578066,0.4990005425789033
seed-0,cicero,hard_spectral,140,1.1248024702072144,1.120753288269043,0.0040443651378154755,0.0,0.9980009134527545,0.4990004567263773
seed-0,cicero,hard_spectral,150,1.1258469820022583,1.1218223571777344,0.004020014777779579,0.0,0.9980009737827271,0.49900048689136356
seed-0,cicero,hard_spectral,160,1.1267670392990112,1.122763752937317,0.0039986735209822655,0.0,0.9980009946973534,0.4990004973486767
seed-0,cicero,hard_spectral,170,1.12758207321167,1.1235977411270142,0.003979853820055723,0.0,0.9980009113305126,0.4990004556652563
seed-0,cicero,hard_spectral,180,1.1283081769943237,1.124340534210205,0.003963160328567028,0.0,0.9980010233844898,0.4990005116922449
seed-0,cicero,hard_spectral,190,1.1289581060409546,1.1250054836273193,0.00394827127456665,0.0,0.9980009271467818,0.4990004635733909
seed-0,cicero,hard_spectral,200,1.1295435428619385,1.125604271888733,0.003934915643185377,0.0,0.9980009998346192,0.4990004999173096
seed-0,cicero,hard_spectral,210,1.1300733089447021,1.1261460781097412,0.0039228759706020355,0.0,0.9980009876705057,0.49900049383525286
seed-0,cicero,hard_spectral,220,1.1305551528930664,1.1266387701034546,0.003911961335688829,0.0,0.9980010408165924,0.4990005204082962
seed-0,cicero,hard_spectral,230,1.130995750427246,1.1270893812179565,0.0039020127151161432,0.0,0.9980009920208118,0.4990004960104059
seed-0,cicero,hard_spectral,240,1.1314011812210083,1.1275039911270142,0.003892892738804221,0.0,0.9980010281862993,0.49900051409314966
seed-0,cicero,hard_spectral,250,1.1317760944366455,1.1278873682022095,0.0038844826631247997,0.0,0.9980009127201623,0.49900045636008117
seed-0,cicero,hard_spectral,260,1.1321251392364502,1.128244161605835,0.0038766800425946712,0.0,0.9980010263668038,0.4990005131834019
seed-0,cicero,hard_spectral,270,1.132452368736267,1.1285786628723145,0.003869391046464443,0.0,0.9980010341859723,0.49900051709298615
seed-0,cicero,hard_spectral,280,1.132761001586914,1.1288942098617554,0.003862535348162055,0.0,0.9980010141404182,0.4990005070702091
seed-0,cicero,hard_spectral,290,1.1330546140670776,1.1291942596435547,0.0038560410030186176,0.0,0.9980010570404989,0.49900052852024945
seed-0,cicero,hard_spectral,300,1.133335828781128,1.1294816732406616,0.0038498402573168278,0.0,0.9980009825537152,0.4990004912768576
seed-0,cicero,soft_spectral,10,1.0664998292922974,1.057896375656128,0.0058831507340073586,0.0002713615831453353,1.0253702990334612,0.5126851495167306
seed-0,cicero,soft_spectral,20,1.0660125017166138,1.052677869796753,0.006047037895768881,0.0007280688732862473,1.038211087471739,0.5191055437358695
seed-0,cicero,soft_spectral,30,1.065985083580017,1.052347183227539,0.006058940198272467,0.000757202273234725,1.0389320031996199,0.5194660015998099
seed-0,cicero,soft_spectral,40,1.065731406211853,1.0535589456558228,0.00601950753480196,0.000614602176938206,1.0346867366367096,0.5173433683183548
seed-0,cicero,soft_spectral,50,1.0656054019927979,1.0543415546417236,0.0059919352643191814,0.0005265004001557827,1.0326296130075114,0.5163148065037557
seed-0,cicero,soft_spectral,60,1.065528154373169,1.0544562339782715,0.005988468881696463,0.0005076567176729441,1.0322328875796012,0.5161164437898006
seed-0,cicero,soft_spectral,70,1.0657296180725098,1.0542523860931396,0.005997070576995611,0.0005473277997225523,1.0334546821122628,0.5167273410561314
seed-0,cicero,soft_spectral,80,1.065545678138733,1.0540940761566162,0.0060006300918757915,0.0005444100243039429,1.0337052794159434,0.5168526397079717
seed-0,cicero,soft_spectral,90,1.0656566619873047,1.0540152788162231,0.006000679451972246,0.0005633793771266937,1.0338639388734825,0.5169319694367412
seed-0,cicero,soft_spectral,100,1.0655149221420288,1.0540430545806885,0.00600141566246748,0.0005463537527248263,1.033515866306169,0.5167579331530845
seed-0,cicero,soft_spectral,110,1.0655701160430908,1.0540488958358765,0.00600234791636467,0.0005511984927579761,1.0335757210592704,0.5167878605296352
seed-0,cicero,soft_spectral,120,1.0653773546218872,1.0540581941604614,0.006001539994031191,0.0005310710985213518,1.0328157559899869,0.5164078779949934
seed-0,cicero,soft_spectral,130,1.065473198890686,1.0540268421173096,0.00600259006023407,0.0005436907522380352,1.0336457227713645,0.5168228613856822
seed-0,cicero,soft_spectral,140,1.065504550933838,1.0540367364883423,0.006003906484693289,0.0005457092775031924,1.0336294679998976,0.5168147339999488
seed-0,cicero,soft_spectral,150,1.0655633211135864,1.0540494918823242,0.006003497168421745,0.0005503438878804445,1.0332431941240716,0.5166215970620358
seed-0,cicero,soft_spectral,160,1.065476417541504,1.054039478302002,0.006002698093652725,0.0005427361465990543,1.0331663434669238,0.5165831717334619
seed-0,cicero,soft_spectral,170,1.065375804901123,1.054003357887268,0.006004121620208025,0.0005361444782465696,1.0329886947577942,0.5164943473788971
seed-0,cicero,soft_spectral,180,1.0654704570770264,1.0539637804031372,0.00600542314350605,0.0005494387587532401,1.0332466089700492,0.5166233044850246
seed-0,cicero,soft_spectral,190,1.065348744392395,1.053941011428833,0.006005622446537018,0.0005395152838900685,1.0334038275625756,0.5167019137812878
seed-0,cicero,soft_spectral,200,1.065490961074829,1.0539419651031494,0.006006306502968073,0.0005535741802304983,1.0331362723657564,0.5165681361828782
seed-0,cicero,soft_spectral,210,1.0655499696731567,1.0539731979370117,0.006005730014294386,0.0005564084276556969,1.0331853764220662,0.5165926882110331
seed-0,cicero,soft_spectral,220,1.0655337572097778,1.0539946556091309,0.006005153991281986,0.0005527036846615374,1.03333599913882,0.51666799956941
seed-0,cicero,soft_spectral,230,1.0655087232589722,1.053991675376892,0.00600586598739028,0.0005504230502992868,1.0332051783691862,0.5166025891845931
seed-0,cicero,soft_spectral,240,1.0654672384262085,1.053973913192749,0.006005386356264353,0.0005480987019836903,1.0330204472423776,0.5165102236211888
seed-0,cicero,soft_spectral,250,1.0653588771820068,1.0539578199386597,0.006005492527037859,0.0005388632416725159,1.0335111699516606,0.5167555849758303
seed-0,cicero,soft_spectral,260,1.0653531551361084,1.0539469718933105,0.006007002200931311,0.0005392306484282017,1.0331789572148402,0.5165894786074201
seed-0,cicero,soft_spectral,270,1.0655194520950317,1.0539205074310303,0.006007848307490349,0.0005584244499914348,1.0337105316255388,0.5168552658127694
seed-0,cicero,soft_spectral,280,1.0654722452163696,1.0539443492889404,0.006007059011608362,0.0005513892974704504,1.0333730242086807,0.5166865121043404
seed-0,cicero,soft_spectral,290,1.0654155015945435,1.0539641380310059,0.006006299518048763,0.0005438203224912286,1.0337187980674205,0.5168593990337103
seed-0,cicero,soft_spectral,300,1.065381407737732,1.0539838075637817,0.00600357074290514,0.0005387036362662911,1.0334115788574234,0.5167057894287117
seed-0,cicero,unconstrained,10,1.0620287656784058,1.05615234375,0.005869657266885042,0.0012116311118006706,1.0557442699611879,0.5278721349805939
seed-0,cicero,unconstrained,20,1.0508673191070557,1.0446455478668213,0.006214710883796215,0.005840652156621218,1.117362991474011,0.5586814957370055
seed-0,cicero,unconstrained,30,1.0398811101913452,1.0332013368606567,0.006672542542219162,0.014279674738645554,1.1827678385320182,0.5913839192660091
seed-0,cicero,unconstrained,40,1.0308029651641846,1.0235496759414673,0.0072458768263459206,0.026094909757375717,1.2477092385533521,0.6238546192766761
seed-0,cicero,unconstrained,50,1.0254697799682617,1.0176215171813965,0.007840628735721111,0.038195330649614334,1.2994619090428845,0.6497309545214422
seed-0,cicero,unconstrained,60,1.022788166999817,1.0145673751831055,0.008212991990149021,0.04443873092532158,1.3211373413659613,0.6605686706829806
seed-0,cicero,unconstrained,70,1.0197714567184448,1.0114587545394897,0.008304792456328869,0.043912529945373535,1.3171716668426863,0.6585858334213431
seed-0,cicero,unconstrained,80,1.0158807039260864,1.0075411796569824,0.00833156332373619,0.0404278039932251,1.3031078736684636,0.6515539368342318
seed-0,cicero,unconstrained,90,1.0112016201019287,1.0027424097061157,0.00845106691122055,0.0372743234038353,1.2905874976668021,0.6452937488334011
seed-0,cicero,unconstrained,100,1.0058120489120483,0.9970788955688477,0.008724968880414963,0.03521910309791565,1.2823572028790293,0.6411786014395147
seed-0,cicero,unconstrained,110,1.0005524158477783,0.9913613796234131,0.009182658977806568,0.03437941148877144,1.2795053753004086,0.6397526876502043
seed-0,cicero,unconstrained,120,0.9968887567520142,0.9871127009391785,0.009767544455826283,0.04101289063692093,1.3111945825645608,0.6555972912822804
seed-0,cicero,unconstrained,130,0.994864821434021,0.984589159488678,0.010266965255141258,0.04984304681420326,1.3427631476743844,0.6713815738371922
seed-0,cicero,unconstrained,140,0.993903636932373,0.9833053350448608,0.010589499026536942,0.054139599204063416,1.3569295660218057,0.6784647830109028
seed-0,cicero,unconstrained,150,0.9935703277587891,0.9827629923820496,0.010798429138958454,0.05602638050913811,1.3634353351402704,0.6817176675701352
seed-0,cicero,unconstrained,160,0.9934895634651184,0.9825509786605835,0.01092970184981823,0.05835912749171257,1.3715345212417516,0.6857672606208758
seed-0,cicero,unconstrained,170,0.9934587478637695,0.9824638962745667,0.010985887609422207,0.06014610454440117,1.3771946460989726,0.6885973230494863
seed-0,cicero,unconstrained,180,0.9934331774711609,0.9824368357658386,0.010987374931573868,0.06066884100437164,1.378638500014711,0.6893192500073555
seed-0,cicero,unconstrained,190,0.9934088587760925,0.9824326038360596,0.010967289097607136,0.060754187405109406,1.378929555563344,0.689464777781672
seed-0,cicero,unconstrained,200,0.9933865666389465,0.9824292659759521,0.010948383249342442,0.06096130609512329,1.3796521590987,0.68982607954935
seed-0,cicero,unconstrained,210,0.9933667182922363,0.9824236035346985,0.010934154503047466,0.061174578964710236,1.3803349293712188,0.6901674646856094
seed-0,cicero,unconstrained,220,0.9933472275733948,0.9824150800704956,0.010923223569989204,0.061340659856796265,1.380886692297352,0.690443346148676
seed-0,cicero,unconstrained,230,0.993328332901001,0.9824029207229614,0.010916454717516899,0.06156017631292343,1.381636789109991,0.6908183945549955
seed-0,cicero,unconstrained,240,0.9933093786239624,0.9823881387710571,0.010912289842963219,0.06183136999607086,1.3825382407168536,0.6912691203584268
seed-0,cicero,unconstrained,250,0.9932906031608582,0.9823732972145081,0.010908358730375767,0.062105417251586914,1.3834392454836377,0.6917196227418189
seed-0,cicero,unconstrained,260,0.993272066116333,0.982358992099762,0.010904114693403244,0.06238634139299393,1.3843679272869456,0.6921839636434728
seed-0,cicero,unconstrained,270,0.9932537078857422,0.9823450446128845,0.010899664834141731,0.06268614530563354,1.385356192660233,0.6926780963301165
seed-0,cicero,unconstrained,280,0.9932356476783752,0.9823316931724548,0.010894980281591415,0.06300022453069687,1.3863878421280267,0.6931939210640133
seed-0,cicero,unconstrained,290,0.9932177066802979,0.9823185205459595,0.010890195146203041,0.06332992017269135,1.3874695948140157,0.6937347974070078
seed-0,cicero,unconstrained,300,0.9931998252868652,0.9823052883148193,0.010885532014071941,0.06368012726306915,1.388615596405584,0.694307798202792
seed-0,decoding,hard_spectral,10,1.0860064029693604,1.0822325944900513,0.0037731651682406664,0.0,0.9980009889408376,0.4990004944704188
seed-0,decoding,hard_spectral,20,1.1324400901794434,1.1295329332351685,0.0029067795258015394,0.0,0.99800091671562,0.49900045835781
seed-0,decoding,hard_spectral,30,1.1725369691848755,1.1702488660812378,0.002287921728566289,0.0,0.9980009940166064,0.4990004970083032
seed-0,decoding,hard_spectral,40,1.19973886013031,1.197817325592041,0.0019214572384953499,0.0,0.9980010804869788,0.4990005402434894
seed-0,decoding,hard_spectral,50,1.2149291038513184,1.21319580078125,0.001733144628815353,0.0,0.9980010332182307,0.4990005166091154
seed-0,decoding,hard_spectral,60,1.2226166725158691,1.220974326133728,0.0016423248453065753,0.0,0.9980010300156232,0.4990005150078116
seed-0,decoding,hard_spectral,70,1.2263723611831665,1.2247731685638428,0.0015992369735613465,0.0,0.9980010543385944,0.4990005271692972
seed-0,decoding,hard_spectral,80,1.2282054424285889,1.2266268730163574,0.0015785160940140486,0.0,0.9980009332249904,0.4990004666124952
seed-0,decoding,hard_spectral,90,1.229123830795288,1.227555751800537,0.0015680997166782618,0.0,0.9980010359228476,0.4990005179614238
seed-0,decoding,hard_spectral,100,1.229608178138733,1.2280457019805908,0.0015624341322109103,0.0,0.9980009422255091,0.49900047111275453
seed-0,decoding,hard_spectral,110,1.2298798561096191,1.228320837020874,0.0015590107068419456,0.0,0.998000997508356,0.499000498754178
seed-0,decoding,hard_spectral,120,1.2300385236740112,1.2284817695617676,0.001556709292344749,0.0,0.998000997541424,0.499000498770712
seed-0,decoding,hard_spectral,130,1.2301279306411743,1.2285728454589844,0.0015550381503999233,0.0,0.9980010765336274,0.4990005382668137
seed-0,decoding,hard_spectral,140,1.2301673889160156,1.2286136150360107,0.001553797977976501,0.0,0.9980011023663227,0.49900055118316133
seed-0,decoding,hard_spectral,150,1.2301677465438843,1.2286148071289062,0.0015529191587120295,0.0,0.9980009962910404,0.4990004981455202
seed-0,decoding,hard_spectral,160,1.2301404476165771,1.2285881042480469,0.00155236991122365,0.0,0.9980009631185293,0.49900048155926463
seed-0,decoding,hard_spectral,170,1.2300989627838135,1.2285468578338623,0.0015521085588261485,0.0,0.9980009936992548,0.4990004968496274
seed-0,decoding,hard_spectral,180,1.230057954788208,1.2285058498382568,0.0015520812012255192,0.0,0.9980010043932378,0.4990005021966189
seed-0,decoding,hard_spectral,190,1.2300282716751099,1.2284760475158691,0.0015522426692768931,0.0,0.9980010643725502,0.4990005321862751
seed-0,decoding,hard_spectral,200,1.2300169467926025,1.2284643650054932,0.0015525700291618705,0.0,0.9980009702843036,0.4990004851421518
seed-0,decoding,hard_spectral,210,1.2300279140472412,1.2284748554229736,0.001553068868815899,0.0,0.9980010231400933,0.49900051157004666
seed-0,decoding,hard_spectral,220,1.230064868927002,1.228511095046997,0.0015537675935775042,0.0,0.9980009594985219,0.49900047974926093
seed-0,decoding,hard_spectral,230,1.2301322221755981,1.2285774946212769,0.001554709393531084,0.0,0.9980009623367403,0.49900048116837015
seed-0,decoding,hard_spectral,240,1.2302371263504028,1.228681206703186,0.001555937109515071,0.0,0.9980010588097683,0.49900052940488415
seed-0,decoding,hard_spectral,250,1.2303903102874756,1.2288328409194946,0.0015574746066704392,0.0,0.9980009920846123,0.4990004960423062
seed-0,decoding,hard_spectral,260,1.2306053638458252,1.229046106338501,0.0015593083808198571,0.0,0.9980009134932208,0.4990004567466104
seed-0,decoding,hard_spectral,270,1.2308974266052246,1.2293360233306885,0.0015613727737218142,0.0,0.9980010048849582,0.4990005024424791
seed-0,decoding,hard_spectral,280,1.2312757968902588,1.2297122478485107,0.0015635555610060692,0.0,0.998000989627867,0.4990004948139335
seed-0,decoding,hard_spectral,290,1.2317371368408203,1.2301714420318604,0.001565725659020245,0.0,0.9980010296771225,0.4990005148385612
seed-0,decoding,hard_spectral,300,1.2322568893432617,1.2306890487670898,0.0015677851624786854,0.0,0.9980010447199756,0.4990005223599878
seed-0,decoding,soft_spectral,10,1.03839111328125,1.017165184020996,0.00523235322907567,0.00159928307402879,1.0506506685286678,0.5253253342643339
seed-0,decoding,soft_spectral,20,1.0358532667160034,1.0183370113372803,0.005184828769415617,0.0012330766767263412,1.046227290307881,0.5231136451539405
seed-0,decoding,soft_spectral,30,1.0327610969543457,1.0183846950531006,0.005174550227820873,0.000920118298381567,1.0426462439624002,0.5213231219812001
seed-0,decoding,soft_spectral,40,1.031240463256836,1.0153462886810303,0.005243738181889057,0.0010649642208591104,1.045865171968521,0.5229325859842605
seed-0,decoding,soft_spectral,50,1.0298981666564941,1.0118613243103027,0.00532590551301837,0.0012710257433354855,1.0529545982940243,0.5264772991470121
seed-0,decoding,soft_spectral,60,1.0293067693710327,1.0122082233428955,0.005323243327438831,0.0011774497106671333,1.0504587076689296,0.5252293538344648
seed-0,decoding,soft_spectral,70,1.0290637016296387,1.0134912729263306,0.0052978708408772945,0.0010273830266669393,1.0477785118451202,0.5238892559225601
seed-0,decoding,soft_spectral,80,1.0303875207901,1.0139504671096802,0.005270462483167648,0.0011165844043716788,1.0466464995778242,0.5233232497889121
seed-0,decoding,soft_spectral,90,1.0307999849319458,1.013882040977478,0.005273228511214256,0.0011643965262919664,1.046070896056227,0.5230354480281135
seed-0,decoding,soft_spectral,100,1.0314524173736572,1.014078140258789,0.0052758678793907166,0.0012097733560949564,1.047831733145461,0.5239158665727305
seed-0,decoding,soft_spectral,110,1.029873251914978,1.0136582851409912,0.005292193964123726,0.00109221157617867,1.045192501556612,0.522596250778306
seed-0,decoding,soft_spectral,120,1.0289592742919922,1.013063669204712,0.005309194792062044,0.001058570807799697,1.0486789128089073,0.5243394564044537
seed-0,decoding,soft_spectral,130,1.0286043882369995,1.0128237009048462,0.0053094723261892796,0.0010470548877492547,1.0463415636145508,0.5231707818072754
seed-0,decoding,soft_spectral,140,1.0307247638702393,1.0133965015411377,0.005290171131491661,0.0012037367559969425,1.0473053479616405,0.5236526739808203
seed-0,decoding,soft_spectral,150,1.0304967164993286,1.0140825510025024,0.005273984745144844,0.0011139502748847008,1.0476573767584996,0.5238286883792498
seed-0,decoding,soft_spectral,160,1.0311161279678345,1.0154097080230713,0.005258946213871241,0.001044680830091238,1.045955152313882,0.522977576156941
seed-0,decoding,soft_spectral,170,1.0309720039367676,1.0149650573730469,0.005261526443064213,0.0010744703467935324,1.047052686431365,0.5235263432156825
seed-0,decoding,soft_spectral,180,1.0301284790039062,1.0146292448043823,0.0052721151150763035,0.0010226391023024917,1.0458763852418276,0.5229381926209138
seed-0,decoding,soft_spectral,190,1.03226637840271,1.0141798257827759,0.005285722203552723,0.0012800127733498812,1.048655070716008,0.524327535358004
seed-0,decoding,soft_spectral,200,1.031203269958496,1.0145806074142456,0.0052759163081645966,0.0011346035171300173,1.0472030896659597,0.5236015448329798
seed-0,decoding,soft_spectral,210,1.0307350158691406,1.0145411491394043,0.005267220549285412,0.0010925886454060674,1.0469350760439706,0.5234675380219853
seed-0,decoding,soft_spectral,220,1.0305861234664917,1.0139665603637695,0.00528428889811039,0.001133458223193884,1.0503422350289031,0.5251711175144516
seed-0,decoding,soft_spectral,230,1.0310003757476807,1.0148907899856567,0.0052481950260698795,0.0010860676411539316,1.0468877043076197,0.5234438521538098
seed-0,decoding,soft_spectral,240,1.030616283416748,1.014857292175293,0.005261033307760954,0.0010497155599296093,1.0464117128699726,0.5232058564349863
seed-0,decoding,soft_spectral,250,1.0297030210494995,1.0142407417297363,0.005274777766317129,0.0010186806321144104,1.0459320962708127,0.5229660481354064
seed-0,decoding,soft_spectral,260,1.030794620513916,1.013477087020874,0.005290957633405924,0.001202580751851201,1.0463206394462445,0.5231603197231223
seed-0,decoding,soft_spectral,270,1.0306588411331177,1.0139429569244385,0.0052822488360106945,0.0011432881001383066,1.0486639567552551,0.5243319783776276
seed-0,decoding,soft_spectral,280,1.0319511890411377,1.014176845550537,0.005270218476653099,0.0012503430480137467,1.0478849315700043,0.5239424657850021
seed-0,decoding,soft_spectral,290,1.032116174697876,1.015169382095337,0.005247520282864571,0.0011698553571477532,1.0454063080455995,0.5227031540227998
seed-0,decoding,soft_spectral,300,1.0310351848602295,1.0147452354431152,0.005263864062726498,0.0011025405256077647,1.0494340298642302,0.5247170149321151
seed-0,decoding,unconstrained,10,0.9228568077087402,0.9143696427345276,0.008486398495733738,0.07055287063121796,1.4580172931909159,0.7290086465954579
seed-0,decoding,unconstrained,20,0.8963515758514404,0.883567214012146,0.01278357207775116,0.11511319875717163,1.5319808393612226,0.7659904196806113
seed-0,decoding,unconstrained,30,0.8875025510787964,0.8740211725234985,0.013480623252689838,0.1304379105567932,1.5790981549060752,0.7895490774530376
seed-0,decoding,unconstrained,40,0.882912814617157,0.869559645652771,0.013352403417229652,0.1418251395225525,1.5971552231360204,0.7985776115680102
seed-0,decoding,unconstrained,50,0.8804587125778198,0.866707444190979,0.01375050749629736,0.1477985382080078,1.6242391936244973,0.8121195968122487
seed-0,decoding,unconstrained,60,0.8797795176506042,0.8656839728355408,0.014094698242843151,0.15707267820835114,1.63499732871357,0.817498664356785
seed-0,decoding,unconstrained,70,0.8794270753860474,0.8654438853263855,0.013982374221086502,0.1468549370765686,1.6161468945276827,0.8080734472638413
seed-0,decoding,unconstrained,80,0.8793373107910156,0.8653738498687744,0.01396260131150484,0.15046024322509766,1.624454992399476,0.812227496199738
seed-0,decoding,unconstrained,90,0.8792868256568909,0.8652679324150085,0.014018071815371513,0.1514735221862793,1.6255953986176492,0.8127976993088246
seed-0,decoding,unconstrained,100,0.8792572021484375,0.8652740716934204,0.013982283882796764,0.15019753575325012,1.6231904847194945,0.8115952423597472
seed-0,decoding,unconstrained,110,0.8792367577552795,0.8652296662330627,0.014006270095705986,0.15154500305652618,1.626155590514639,0.8130777952573195
seed-0,decoding,unconstrained,120,0.8792165517807007,0.8652210235595703,0.013994723558425903,0.15168717503547668,1.62634267226659,0.813171336133295
seed-0,decoding,unconstrained,130,0.8791965842247009,0.8651952147483826,0.014000562950968742,0.15222086012363434,1.6275569331917463,0.8137784665958732
seed-0,decoding,unconstrained,140,0.8791767954826355,0.8651765584945679,0.01399938017129898,0.1528955101966858,1.6289519909628125,0.8144759954814063
seed-0,decoding,unconstrained,150,0.8791564106941223,0.8651536703109741,0.01400190033018589,0.1536039113998413,1.63049145491628,0.81524572745814
seed-0,decoding,unconstrained,160,0.8791342377662659,0.8651321530342102,0.014001268893480301,0.15443947911262512,1.6322314277399625,0.8161157138699813
seed-0,decoding,unconstrained,170,0.8791115283966064,0.8651070594787598,0.014003614895045757,0.15539786219596863,1.63427163106321,0.817135815531605
seed-0,decoding,unconstrained,180,0.8790883421897888,0.8650835156440735,0.014003981836140156,0.15648075938224792,1.6365501871553354,0.8182750935776677
seed-0,decoding,unconstrained,190,0.8790643811225891,0.8650580644607544,0.014005463570356369,0.1577020287513733,1.6391214621038377,0.8195607310519188
seed-0,decoding,unconstrained,200,0.8790397047996521,0.8650322556495667,0.014006600715219975,0.15908844769001007,1.642022561030098,0.821011280515049
seed-0,decoding,unconstrained,210,0.8790140748023987,0.8650051951408386,0.014008025638759136,0.16063180565834045,1.6452573321909987,0.8226286660954993
seed-0,decoding,unconstrained,220,0.8789876103401184,0.8649773597717285,0.014009392820298672,0.16236135363578796,1.648865457699394,0.824432728849697
seed-0,decoding,unconstrained,230,0.8789603114128113,0.864948570728302,0.014010918326675892,0.1642804890871048,1.6528652620907294,0.8264326310453647
seed-0,decoding,unconstrained,240,0.8789322376251221,0.8649187684059143,0.014012631960213184,0.1664092093706131,1.6572918776569359,0.8286459388284679
seed-0,decoding,unconstrained,250,0.8789045810699463,0.8648898601531982,0.014013870619237423,0.16874442994594574,1.6621373914342568,0.8310686957171284
seed-0,decoding,unconstrained,260,0.878873884677887,0.8648573160171509,0.01401570625603199,0.17134486138820648,1.66749172571325,0.833745862856625
seed-0,decoding,unconstrained,270,0.8788419961929321,0.8648232817649841,0.014017879962921143,0.17418383061885834,1.6733524121038883,0.8366762060519441
seed-0,decoding,unconstrained,280,0.8788096904754639,0.864788830280304,0.014020023867487907,0.17730000615119934,1.6797512925149778,0.8398756462574889
seed-0,decoding,unconstrained,290,0.8787763118743896,0.8647533655166626,0.014022141695022583,0.18070253729820251,1.686718417796762,0.843359208898381
seed-0,decoding,unconstrained,300,0.8787415623664856,0.8647162914276123,0.01402442716062069,0.1844196319580078,1.6942929638042878,0.8471464819021439
seed-0,gatsby,hard_spectral,10,1.0843173265457153,1.0799598693847656,0.004351131618022919,0.0,0.9980009817677632,0.4990004908838816
seed-0,gatsby,hard_spectral,20,1.098549723625183,1.0945786237716675,0.003965131007134914,0.0,0.9980010223981616,0.4990005111990808
seed-0,gatsby,hard_spectral,30,1.111189365386963,1.1075315475463867,0.003652213839814067,0.0,0.9980010428833167,0.49900052144165835
seed-0,gatsby,hard_spectral,40,1.1221998929977417,1.1187965869903564,0.0033980808220803738,0.0,0.9980010164334892,0.4990005082167446
seed-0,gatsby,hard_spectral,50,1.1315993070602417,1.1284018754959106,0.003192461561411619,0.0,0.9980009145807733,0.49900045729038667
seed-0,gatsby,hard_spectral,60,1.1395090818405151,1.1364779472351074,0.0030265185050666332,0.0,0.9980009261884403,0.49900046309422014
seed-0,gatsby,hard_spectral,70,1.1461167335510254,1.1432199478149414,0.0028923575300723314,0.0,0.9980010468429015,0.49900052342145074
seed-0,gatsby,hard_spectral,80,1.1516246795654297,1.1488370895385742,0.0027833739295601845,0.0,0.9980010309974819,0.49900051549874097
seed-0,gatsby,hard_spectral,90,1.1562225818634033,1.153524398803711,0.002694250550121069,0.0,0.998000983067553,0.4990004915337765
seed-0,gatsby,hard_spectral,100,1.160075068473816,1.1574504375457764,0.0026208115741610527,0.0,0.9980009729744344,0.4990004864872172
seed-0,gatsby,hard_spectral,110,1.163317322731018,1.1607539653778076,0.0025598304346203804,0.0,0.9980009909114795,0.49900049545573977
seed-0,gatsby,hard_spectral,120,1.166060209274292,1.1635479927062988,0.0025088165421038866,0.0,0.9980010596483213,0.49900052982416065
seed-0,gatsby,hard_spectral,130,1.1683921813964844,1.165922999382019,0.0024658425245434046,0.0,0.9980009937774709,0.49900049688873543
seed-0,gatsby,hard_spectral,140,1.1703845262527466,1.1679519414901733,0.002429412445053458,0.0,0.9980009484528246,0.4990004742264123
seed-0,gatsby,hard_spectral,150,1.1720943450927734,1.169692873954773,0.002398352837190032,0.0,0.9980010192875873,0.49900050964379367
seed-0,gatsby,hard_spectral,160,1.1735676527023315,1.1711928844451904,0.0023717384319752455,0.0,0.998001005792159,0.4990005028960795
seed-0,gatsby,hard_spectral,170,1.1748418807983398,1.1724902391433716,0.002348832320421934,0.0,0.9980009817374316,0.4990004908687158
seed-0,gatsby,hard_spectral,180,1.175947666168213,1.17361581325531,0.002329039853066206,0.0,0.9980010025083045,0.49900050125415224
seed-0,gatsby,hard_spectral,190,1.1769096851348877,1.1745951175689697,0.0023118823301047087,0.0,0.9980009279305669,0.49900046396528347
seed-0,gatsby,hard_spectral,200,1.1777489185333252,1.175449252128601,0.0022969648707658052,0.0,0.9980009627055325,0.49900048135276626
seed-0,gatsby,hard_spectral,210,1.1784822940826416,1.176195740699768,0.002283963607624173,0.0,0.9980009621747739,0.4990004810873869
seed-0,gatsby,hard_spectral,220,1.1791245937347412,1.176849365234375,0.0022726079914718866,0.0,0.9980010351669103,0.49900051758345515
seed-0,gatsby,hard_spectral,230,1.179687738418579,1.1774225234985352,0.002262672409415245,0.0,0.9980009619411861,0.4990004809705931
seed-0,gatsby,hard_spectral,240,1.1801820993423462,1.1779255867004395,0.002253967337310314,0.0,0.9980009175031841,0.49900045875159205
seed-0,gatsby,hard_spectral,250,1.1806166172027588,1.1783677339553833,0.0022463309578597546,0.0,0.9980010372236627,0.49900051861183137
seed-0,gatsby,hard_spectral,260,1.18099844455719,1.1787564754486084,0.002239626832306385,0.0,0.9980009984497011,0.49900049922485057
seed-0,gatsby,hard_spectral,270,1.1813344955444336,1.17909836769104,0.0022337371483445168,0.0,0.9980009964817034,0.4990004982408517
seed-0,gatsby,hard_spectral,280,1.181630253791809,1.1793992519378662,0.0022285610903054476,0.0,0.9980009830697749,0.49900049153488746
seed-0,gatsby,hard_spectral,290,1.1818904876708984,1.179664134979248,0.002224012278020382,0.0,0.9980009308811122,0.4990004654405561
seed-0,gatsby,hard_spectral,300,1.1821194887161255,1.1798970699310303,0.0022200143430382013,0.0,0.9980009492546237,0.49900047462731184
seed-0,gatsby,soft_spectral,10,1.0648874044418335,1.0571199655532837,0.004997574724256992,0.0002762973599601537,1.0253527461856946,0.5126763730928473
seed-0,gatsby,soft_spectral,20,1.0643880367279053,1.0523381233215332,0.005132314749062061,0.0006910641677677631,1.0375304494687398,0.5187652247343699
seed-0,gatsby,soft_spectral,30,1.0646220445632935,1.0520488023757935,0.00514091644436121,0.0007425416843034327,1.0387379058232207,0.5193689529116103
seed-0,gatsby,soft_spectral,40,1.0642235279083252,1.0530699491500854,0.005111777689307928,0.0006034799152985215,1.035160788016141,0.5175803940080705
seed-0,gatsby,soft_spectral,50,1.064221739768982,1.0538018941879272,0.005091838538646698,0.0005321188364177942,1.0325830296437735,0.5162915148218867
seed-0,gatsby,soft_spectral,60,1.0641311407089233,1.0539849996566772,0.005089431069791317,0.0005049830069765449,1.0322047381872526,0.5161023690936263
seed-0,gatsby,soft_spectral,70,1.0641201734542847,1.0537813901901245,0.005094819236546755,0.0005237084114924073,1.0327184228773105,0.5163592114386553
seed-0,gatsby,soft_spectral,80,1.0641348361968994,1.0535707473754883,0.0051006111316382885,0.00054565240861848,1.033492738434509,0.5167463692172545
seed-0,gatsby,soft_spectral,90,1.0641247034072876,1.0535039901733398,0.00510226609185338,0.0005511463969014585,1.033317132314635,0.5166585661573175
seed-0,gatsby,soft_spectral,100,1.0642225742340088,1.053484559059143,0.005103078205138445,0.0005627990467473865,1.0337596673905132,0.5168798336952566
seed-0,gatsby,soft_spectral,110,1.064023494720459,1.053497552871704,0.005102217197418213,0.0005416924832388759,1.0334654356010067,0.5167327178005033
seed-0,gatsby,soft_spectral,120,1.0642768144607544,1.0535551309585571,0.005102859809994698,0.0005611942615360022,1.0340688018890911,0.5170344009445456
seed-0,gatsby,soft_spectral,130,1.0641231536865234,1.05359947681427,0.005099484696984291,0.0005417265929281712,1.0331992963695322,0.5165996481847661
seed-0,gatsby,soft_spectral,140,1.064099907875061,1.053626298904419,0.005099056288599968,0.0005367674166336656,1.0333630533444444,0.5166815266722222
seed-0,gatsby,soft_spectral,150,1.064208745956421,1.0535798072814941,0.0051002600230276585,0.00055218196939677,1.033751153584291,0.5168755767921455
seed-0,gatsby,soft_spectral,160,1.0640630722045898,1.05360746383667,0.0051004039123654366,0.0005348320701159537,1.0332841864983948,0.5166420932491974
seed-0,gatsby,soft_spectral,170,1.0641261339187622,1.0535671710968018,0.005100702401250601,0.0005451289471238852,1.033288584345604,0.516644292172802
seed-0,gatsby,soft_spectral,180,1.0642200708389282,1.05351984500885,0.005101263057440519,0.0005592101369984448,1.0336511996647533,0.5168255998323766
seed-0,gatsby,soft_spectral,190,1.064337968826294,1.05355703830719,0.005100587848573923,0.000567346578463912,1.0335012689746816,0.5167506344873408
seed-0,gatsby,soft_spectral,200,1.0642215013504028,1.0536595582962036,0.005098207388073206,0.0005456807557493448,1.0331901285305418,0.5165950642652709
seed-0,gatsby,soft_spectral,210,1.0642454624176025,1.0536742210388184,0.005098649766296148,0.0005465634749270976,1.033061832260967,0.5165309161304835
seed-0,gatsby,soft_spectral,220,1.064180850982666,1.0536364316940308,0.005099660716950893,0.000543781672604382,1.0330967563055302,0.5165483781527651
seed-0,gatsby,soft_spectral,230,1.0643093585968018,1.0536296367645264,0.005101586692035198,0.0005571250221692026,1.0332541557193466,0.5166270778596733
seed-0,gatsby,soft_spectral,240,1.0640846490859985,1.053607702255249,0.005100150126963854,0.0005369945429265499,1.033014784516632,0.516507392258316
seed-0,gatsby,soft_spectral,250,1.0640339851379395,1.0535612106323242,0.005100765265524387,0.0005365159595385194,1.0329072908434973,0.5164536454217487
seed-0,gatsby,soft_spectral,260,1.0641694068908691,1.0535354614257812,0.005103251431137323,0.0005523784784600139,1.033409575349644,0.516704787674822
seed-0,gatsby,soft_spectral,270,1.0642328262329102,1.053541898727417,0.00510130962356925,0.0005582695011980832,1.0332088172730574,0.5166044086365287
seed-0,gatsby,soft_spectral,280,1.064198613166809,1.0535938739776611,0.005100372713059187,0.0005497463862411678,1.0333373355159094,0.5166686677579547
seed-0,gatsby,soft_spectral,290,1.0641953945159912,1.053599238395691,0.005099512171000242,0.0005489756003953516,1.0336314405963902,0.5168157202981951
seed-0,gatsby,soft_spectral,300,1.0644465684890747,1.0536086559295654,0.005098311696201563,0.0005732694990001619,1.0338366758456914,0.5169183379228457
seed-0,gatsby,unconstrained,10,1.0598591566085815,1.0548816919326782,0.004970652982592583,0.0027973605319857597,1.0851621931379283,0.5425810965689641
seed-0,gatsby,unconstrained,20,1.0484716892242432,1.0432215929031372,0.005243037827312946,0.013023016974329948,1.1771745551651334,0.5885872775825667
seed-0,gatsby,unconstrained,30,1.039519190788269,1.0339175462722778,0.0055944109335541725,0.028690200299024582,1.26058467684152,0.63029233842076
seed-0,gatsby,unconstrained,40,1.0332986116409302,1.0273840427398682,0.005907139740884304,0.037299998104572296,1.2922747062140378,0.6461373531070189
seed-0,gatsby,unconstrained,50,1.0264219045639038,1.0202710628509521,0.006143372040241957,0.03519343584775925,1.2810983659189887,0.6405491829594944
seed-0,gatsby,unconstrained,60,1.019537329673767,1.013097882270813,0.006431689485907555,0.03197221830487251,1.2681890842689034,0.6340945421344517
seed-0,gatsby,unconstrained,70,1.0133888721466064,1.006579875946045,0.006801184266805649,0.03299182653427124,1.2749306030338394,0.6374653015169197
seed-0,gatsby,unconstrained,80,1.0081843137741089,1.000988245010376,0.007188016083091497,0.03714324161410332,1.2924840296159221,0.6462420148079611
seed-0,gatsby,unconstrained,90,1.0033435821533203,0.9958003759384155,0.007535012438893318,0.03875357657670975,1.2977087738582154,0.6488543869291077
seed-0,gatsby,unconstrained,100,0.998710036277771,0.9908138513565063,0.007887788116931915,0.038506150245666504,1.297166277224559,0.6485831386122795
seed-0,gatsby,unconstrained,110,0.9951812624931335,0.9868624210357666,0.008310333825647831,0.043569423258304596,1.320756029908666,0.660378014954333
seed-0,gatsby,unconstrained,120,0.9932588934898376,0.9845283031463623,0.008721890859305859,0.05265340954065323,1.3527227924363534,0.6763613962181767
seed-0,gatsby,unconstrained,130,0.9921424984931946,0.9831317067146301,0.009002058766782284,0.05599366873502731,1.363175121725067,0.6815875608625335
seed-0,gatsby,unconstrained,140,0.9916868805885315,0.9824773669242859,0.009200620464980602,0.05872044712305069,1.3731729674614965,0.6865864837307483
seed-0,gatsby,unconstrained,150,0.9915001392364502,0.9821450114250183,0.009346217848360538,0.06263946741819382,1.3861967010590457,0.6930983505295228
seed-0,gatsby,unconstrained,160,0.9914291501045227,0.9820009469985962,0.009419256821274757,0.06506112217903137,1.3934408991536371,0.6967204495768186
seed-0,gatsby,unconstrained,170,0.991386353969574,0.9819373488426208,0.009440085850656033,0.06615430116653442,1.3968817630216925,0.6984408815108463
seed-0,gatsby,unconstrained,180,0.9913543462753296,0.9819011092185974,0.00944429449737072,0.06723902374505997,1.400308382949613,0.7001541914748065
seed-0,gatsby,unconstrained,190,0.9913273453712463,0.9818809032440186,0.0094375004991889,0.0680270791053772,1.4026492634612813,0.7013246317306406
seed-0,gatsby,unconstrained,200,0.9913033843040466,0.9818674921989441,0.009426923468708992,0.06858761608600616,1.4043736876870105,0.7021868438435053
seed-0,gatsby,unconstrained,210,0.9912809133529663,0.9818524122238159,0.009419555775821209,0.0691940039396286,1.4062368679037656,0.7031184339518828
seed-0,gatsby,unconstrained,220,0.9912595152854919,0.9818364977836609,0.00941406562924385,0.06980150938034058,1.4080793031850456,0.7040396515925228
seed-0,gatsby,unconstrained,230,0.9912382960319519,0.9818193316459656,0.009410041384398937,0.07043331861495972,1.410003244899579,0.7050016224497895
seed-0,gatsby,unconstrained,240,0.9912174344062805,0.9818012714385986,0.009407248347997665,0.07111364603042603,1.4120628310376455,0.7060314155188228
seed-0,gatsby,unconstrained,250,0.991196870803833,0.9817833304405212,0.009404595009982586,0.07183173298835754,1.4142322608891453,0.7071161304445727
seed-0,gatsby,unconstrained,260,0.9911764860153198,0.9817656874656677,0.009401866234838963,0.07259802520275116,1.4165415057018822,0.7082707528509411
seed-0,gatsby,unconstrained,270,0.9911565184593201,0.9817485809326172,0.00939900241792202,0.07341206818819046,1.4189904581665755,0.7094952290832878
seed-0,gatsby,unconstrained,280,0.9911365509033203,0.981731653213501,0.009395983070135117,0.07427753508090973,1.4215880036326887,0.7107940018163443
seed-0,gatsby,unconstrained,290,0.991117000579834,0.9817151427268982,0.009392901323735714,0.07519663870334625,1.424339186708115,0.7121695933540575
seed-0,gatsby,unconstrained,300,0.9910976886749268,0.9816988706588745,0.009389818646013737,0.07616885751485825,1.4272410746824267,0.7136205373412133
seed-1,achilles,hard_spectral,10,1.0761488676071167,1.0734103918075562,0.002732024062424898,0.0,0.9980009567680231,0.49900047838401157
seed-1,achilles,hard_spectral,20,1.0914500951766968,1.0889567136764526,0.0024873532820492983,0.0,0.9980010479613258,0.4990005239806629
seed-1,achilles,hard_spectral,30,1.1065222024917603,1.104240894317627,0.002275635953992605,0.0,0.9980009695978481,0.49900048479892406
seed-1,achilles,hard_spectral,40,1.1199456453323364,1.1178381443023682,0.002102161757647991,0.0,0.9980010527711305,0.49900052638556525
seed-1,achilles,hard_spectral,50,1.131365180015564,1.129396915435791,0.0019633143674582243,0.0,0.9980009347446224,0.4990004673723112
seed-1,achilles,hard_spectral,60,1.1408320665359497,1.1389743089675903,0.0018531207460910082,0.0,0.9980010229190095,0.49900051145950475
seed-1,achilles,hard_spectral,70,1.1485892534255981,1.1468191146850586,0.0017657027347013354,0.0,0.998000966416377,0.4990004832081885
seed-1,achilles,hard_spectral,80,1.1549280881881714,1.1532279253005981,0.0016959516797214746,0.0,0.9980010442992553,0.49900052214962765
seed-1,achilles,hard_spectral,90,1.160121202468872,1.1584774255752563,0.0016398128354921937,0.0,0.9980009947717672,0.4990004973858836
seed-1,achilles,hard_spectral,100,1.1643975973129272,1.1627997159957886,0.0015942004974931479,0.0,0.9980010013661067,0.49900050068305335
seed-1,achilles,hard_spectral,110,1.1679420471191406,1.1663817167282104,0.0015567793743684888,0.0,0.9980010645066535,0.49900053225332675
seed-1,achilles,hard_spectral,120,1.1708992719650269,1.169370174407959,0.0015257986960932612,0.0,0.9980010113369343,0.49900050566846715
seed-1,achilles,hard_spectral,130,1.1733825206756592,1.1718794107437134,0.001499936799518764,0.0,0.9980009814132111,0.49900049070660557
seed-1,achilles,hard_spectral,140,1.1754804849624634,1.1739991903305054,0.0014781850622966886,0.0,0.998001023978057,0.4990005119890285
seed-1,achilles,hard_spectral,150,1.177262544631958,1.17579984664917,0.001459769089706242,0.0,0.9980009806683922,0.4990004903341961
seed-1,achilles,hard_spectral,160,1.1787840127944946,1.1773370504379272,0.0014440868981182575,0.0,0.9980009853431848,0.4990004926715924
seed-1,achilles,hard_spectral,170,1.1800884008407593,1.1786549091339111,0.0014306638622656465,0.0,0.9980010013866928,0.4990005006933464
seed-1,achilles,hard_spectral,180,1.1812108755111694,1.1797890663146973,0.0014191244263201952,0.0,0.9980010291162733,0.49900051455813665
seed-1,achilles,hard_spectral,190,1.1821802854537964,1.1807684898376465,0.0014091661432757974,0.0,0.9980009583507451,0.49900047917537255
seed-1,achilles,hard_spectral,200,1.183019757270813,1.1816165447235107,0.0014005444245412946,0.0,0.9980010484081269,0.49900052420406343
seed-1,achilles,hard_spectral,210,1.183748483657837,1.1823527812957764,0.0013930591521784663,0.0,0.9980010403957377,0.49900052019786884
seed-1,achilles,hard_spectral,220,1.1843820810317993,1.1829930543899536,0.0013865455985069275,0.0,0.9980010571813237,0.49900052859066185
seed-1,achilles,hard_spectral,230,1.184934377670288,1.1835509538650513,0.0013808663934469223,0.0,0.9980010284840902,0.4990005142420451
seed-1,achilles,hard_spectral,240,1.1854158639907837,1.184037446975708,0.001375907682813704,0.0,0.9980009373583657,0.49900046867918285
seed-1,achilles,hard_spectral,250,1.1858360767364502,1.184462070465088,0.0013715721433982253,0.0,0.9980009732563891,0.4990004866281946
seed-1,achilles,hard_spectral,260,1.1862032413482666,1.18483304977417,0.0013677784008905292,0.0,0.998000932874601,0.4990004664373005
seed-1,achilles,hard_spectral,270,1.1865239143371582,1.185157060623169,0.0013644564896821976,0.0,0.9980010585977058,0.4990005292988529
seed-1,achilles,hard_spectral,280,1.186804175376892,1.1854403018951416,0.001361546921543777,0.0,0.998000956162111,0.4990004780810555
seed-1,achilles,hard_spectral,290,1.1870489120483398,1.18568754196167,0.0013589980080723763,0.0,0.9980009950763719,0.4990004975381859
seed-1,achilles,hard_spectral,300,1.1872625350952148,1.185903549194336,0.0013567655114457011,0.0,0.9980010716282605,0.49900053581413023
seed-1,achilles,soft_spectral,10,1.0589426755905151,1.0530381202697754,0.0030955716501921415,0.0002802190720103681,1.0257692246223324,0.5128846123111662
seed-1,achilles,soft_spectral,20,1.058478593826294,1.0475666522979736,0.0031879888847470284,0.0007716964464634657,1.0403839955954315,0.5201919977977157
seed-1,achilles,soft_spectral,30,1.0583146810531616,1.047311544418335,0.0031955179292708635,0.0007800685707479715,1.0400872295525512,0.5200436147762756
seed-1,achilles,soft_spectral,40,1.0580354928970337,1.0486664772033691,0.0031708290334790945,0.0006191281718201935,1.0351769395703005,0.5175884697851503
seed-1,achilles,soft_spectral,50,1.0578699111938477,1.0493322610855103,0.003159713465720415,0.0005371012957766652,1.0330418953362244,0.5165209476681122
seed-1,achilles,soft_spectral,60,1.0577934980392456,1.0492217540740967,0.003160834312438965,0.0005404023104347289,1.0332394376949239,0.5166197188474619
seed-1,achilles,soft_spectral,70,1.057995080947876,1.0488640069961548,0.00316951354034245,0.0005954579683020711,1.0344698433229935,0.5172349216614968
seed-1,achilles,soft_spectral,80,1.0576813220977783,1.0486664772033691,0.0031715144868940115,0.000583637272939086,1.0348639127697832,0.5174319563848916
seed-1,achilles,soft_spectral,90,1.0578012466430664,1.0486177206039429,0.0031725962180644274,0.0006003999151289463,1.034244232905673,0.5171221164528365
seed-1,achilles,soft_spectral,100,1.0575673580169678,1.0486481189727783,0.003172284225001931,0.0005740085616707802,1.034217864161655,0.5171089320808275
seed-1,achilles,soft_spectral,110,1.0575183629989624,1.0485950708389282,0.0031725859735161066,0.0005743695655837655,1.034132226448259,0.5170661132241295
seed-1,achilles,soft_spectral,120,1.0573426485061646,1.048502802848816,0.0031750607304275036,0.0005657969159074128,1.0342859072426962,0.5171429536213481
seed-1,achilles,soft_spectral,130,1.0574146509170532,1.0484421253204346,0.003176305675879121,0.0005789253627881408,1.034503204811375,0.5172516024056875
seed-1,achilles,soft_spectral,140,1.0575015544891357,1.0484205484390259,0.0031752493232488632,0.000589882954955101,1.0343669547388528,0.5171834773694264
seed-1,achilles,soft_spectral,150,1.057446837425232,1.0484256744384766,0.0031775040552020073,0.0005836726631969213,1.0340508975107408,0.5170254487553704
seed-1,achilles,soft_spectral,160,1.0574369430541992,1.0484119653701782,0.0031763846054673195,0.000584169290959835,1.034008589640802,0.517004294820401
seed-1,achilles,soft_spectral,170,1.0576930046081543,1.04840087890625,0.003176402533426881,0.0006108785746619105,1.0350921775390858,0.5175460887695429
seed-1,achilles,soft_spectral,180,1.0573910474777222,1.048466444015503,0.0031755282543599606,0.0005742204375565052,1.0341829946331227,0.5170914973165613
seed-1,achilles,soft_spectral,190,1.0573108196258545,1.0484570264816284,0.0031771406065672636,0.0005669738748110831,1.0340790269660836,0.5170395134830418
seed-1,achilles,soft_spectral,200,1.057306170463562,1.0483585596084595,0.0031778719276189804,0.0005762660875916481,1.0340902851958549,0.5170451425979274
seed-1,achilles,soft_spectral,210,1.0573091506958008,1.0482795238494873,0.0031800768338143826,0.0005842555547133088,1.0345301632346868,0.5172650816173434
seed-1,achilles,soft_spectral,220,1.0573924779891968,1.0482715368270874,0.0031803050078451633,0.0005933669162914157,1.0346225739308816,0.5173112869654408
seed-1,achilles,soft_spectral,230,1.0574544668197632,1.0482988357543945,0.003178300568833947,0.0005970270140096545,1.034702710406068,0.517351355203034
seed-1,achilles,soft_spectral,240,1.057376742362976,1.0483217239379883,0.0031795247923582792,0.000586841837503016,1.0343331834831806,0.5171665917415903
seed-1,achilles,soft_spectral,250,1.0573184490203857,1.0483145713806152,0.0031798339914530516,0.0005816997727379203,1.0342433016008419,0.5171216508004209
seed-1,achilles,soft_spectral,260,1.0571985244750977,1.0482637882232666,0.0031797236297279596,0.0005748005351051688,1.0346098936083592,0.5173049468041796
seed-1,achilles,soft_spectral,270,1.0573318004608154,1.0482280254364014,0.003180022584274411,0.0005916665541008115,1.0347153414521606,0.5173576707260803
seed-1,achilles,soft_spectral,280,1.057337999343872,1.048222303390503,0.0031804924365133047,0.0005928144091740251,1.0346468027241638,0.5173234013620819
seed-1,achilles,soft_spectral,290,1.0573824644088745,1.0482115745544434,0.0031805303879082203,0.0005983331939205527,1.0345901577183634,0.5172950788591817
seed-1,achilles,soft_spectral,300,1.057323932647705,1.048235297203064,0.0031800437718629837,0.0005901629338040948,1.034590328134582,0.517295164067291
seed-1,achilles,unconstrained,10,1.0549581050872803,1.0518932342529297,0.0030581229366362095,0.0020417142659425735,1.0733833933519525,0.5366916966759763
seed-1,achilles,unconstrained,20,1.0436761379241943,1.0404579639434814,0.00321109383367002,0.011366542428731918,1.1662894689812207,0.5831447344906103
seed-1,achilles,unconstrained,30,1.0328435897827148,1.0294041633605957,0.0034321770071983337,0.029399439692497253,1.2670001032138436,0.6335000516069218
seed-1,achilles,unconstrained,40,1.0256054401397705,1.021933674812317,0.0036643403582274914,0.046616725623607635,1.3314548759500033,0.6657274379750017
seed-1,achilles,unconstrained,50,1.0189716815948486,1.015188217163086,0.0037758750841021538,0.046793125569820404,1.32705811861862,0.66352905930931
seed-1,achilles,unconstrained,60,1.011954426765442,1.0080676078796387,0.003879109863191843,0.04044488072395325,1.302227605647024,0.651113802823512
seed-1,achilles,unconstrained,70,1.0055546760559082,1.0015063285827637,0.004040488973259926,0.03651320934295654,1.287389545965044,0.643694772982522
seed-1,achilles,unconstrained,80,1.0001416206359863,0.9958838224411011,0.004249694291502237,0.035827524960041046,1.285779185469403,0.6428895927347015
seed-1,achilles,unconstrained,90,0.9950976967811584,0.9905969500541687,0.004492519423365593,0.037619296461343765,1.2933860762497993,0.6466930381248996
seed-1,achilles,unconstrained,100,0.9900088906288147,0.9852021932601929,0.004798276349902153,0.03788182884454727,1.2939431500325855,0.6469715750162928
seed-1,achilles,unconstrained,110,0.9859975576400757,0.9807987213134766,0.005190260708332062,0.039646752178668976,1.304835365095982,0.652417682547991
seed-1,achilles,unconstrained,120,0.9838234186172485,0.9782797694206238,0.005534949246793985,0.04791524261236191,1.3353953158700178,0.6676976579350089
seed-1,achilles,unconstrained,130,0.9825947284698486,0.9768843650817871,0.005701552145183086,0.051777761429548264,1.3485455970328692,0.6742727985164346
seed-1,achilles,unconstrained,140,0.9820722341537476,0.9762516021728516,0.005811722949147224,0.05373144894838333,1.3552233292136542,0.6776116646068271
seed-1,achilles,unconstrained,150,0.9819027185440063,0.9759711027145386,0.0059227049350738525,0.05616927146911621,1.3641555517585684,0.6820777758792842
seed-1,achilles,unconstrained,160,0.9818568229675293,0.9758589267730713,0.005988968536257744,0.0586288720369339,1.3720855939316532,0.6860427969658266
seed-1,achilles,unconstrained,170,0.9818423390388489,0.9758260846138,0.006007296498864889,0.05924275517463684,1.3737571839747982,0.6868785919873991
seed-1,achilles,unconstrained,180,0.9818339943885803,0.9758151769638062,0.006009881384670734,0.059466518461704254,1.374599315650942,0.687299657825471
seed-1,achilles,unconstrained,190,0.981826901435852,0.9758082032203674,0.006009755190461874,0.05974762886762619,1.3754597044675025,0.6877298522337513
seed-1,achilles,unconstrained,200,0.9818212985992432,0.9758078455924988,0.006004536058753729,0.059714123606681824,1.3752768706322716,0.6876384353161358
seed-1,achilles,unconstrained,210,0.9818169474601746,0.9758092164993286,0.0059987702406942844,0.059660300612449646,1.3751310447192842,0.6875655223596421
seed-1,achilles,unconstrained,220,0.9818128347396851,0.975807249546051,0.005996622610837221,0.0596773698925972,1.3751884277071522,0.6875942138535761
seed-1,achilles,unconstrained,230,0.9818088412284851,0.9758049249649048,0.005994983483105898,0.059678882360458374,1.3751873832661317,0.6875936916330658
seed-1,achilles,unconstrained,240,0.9818050265312195,0.9758023023605347,0.005993792321532965,0.059689585119485855,1.375228951422123,0.6876144757110615
seed-1,achilles,unconstrained,250,0.9818012118339539,0.9757988452911377,0.005993408616632223,0.05971503257751465,1.3753162980807814,0.6876581490403907
seed-1,achilles,unconstrained,260,0.9817972779273987,0.975795567035675,0.005992746911942959,0.059737175703048706,1.3753880119407564,0.6876940059703782
seed-1,achilles,unconstrained,270,0.9817935824394226,0.975792646408081,0.0059919958002865314,0.05975845456123352,1.37546090265097,0.687730451325485
seed-1,achilles,unconstrained,280,0.9817900061607361,0.9757898449897766,0.005991214420646429,0.05978457257151604,1.3755476517569873,0.6877738258784937
seed-1,achilles,unconstrained,290,0.9817862510681152,0.9757869839668274,0.005990323144942522,0.05981232225894928,1.375639246057014,0.687819623028507
seed-1,achilles,unconstrained,300,0.9817827939987183,0.975784420967102,0.005989441182464361,0.05984286963939667,1.3757469534273092,0.6878734767136546
seed-1,buddy,hard_spectral,10,1.0738747119903564,1.069746732711792,0.0041215247474610806,0.0,0.9980010077421434,0.4990005038710717
seed-1,buddy,hard_spectral,20,1.0808848142623901,1.0769634246826172,0.003915062639862299,0.0,0.9980009943174195,0.49900049715870975
seed-1,buddy,hard_spectral,30,1.0870692729949951,1.0833170413970947,0.0037461179308593273,0.0,0.9980010409079606,0.4990005204539803
seed-1,buddy,hard_spectral,40,1.0924094915390015,1.0887951850891113,0.0036083825398236513,0.0,0.9980009472435645,0.49900047362178224
seed-1,buddy,hard_spectral,50,1.0969252586364746,1.0934224128723145,0.003496990306302905,0.0,0.998001001219666,0.499000500609833
seed-1,buddy,hard_spectral,60,1.100690245628357,1.0972774028778076,0.0034072883427143097,0.0,0.9980008947430975,0.49900044737154875
seed-1,buddy,hard_spectral,70,1.1038085222244263,1.1004680395126343,0.003335019340738654,0.0,0.998000998369466,0.499000499184733
seed-1,buddy,hard_spectral,80,1.106388807296753,1.1031068563461304,0.0032765488140285015,0.0,0.9980008922915604,0.4990004461457802
seed-1,buddy,hard_spectral,90,1.1085299253463745,1.1052957773208618,0.003228935180231929,0.0,0.9980010105945892,0.4990005052972946
seed-1,buddy,hard_spectral,100,1.1103160381317139,1.1071209907531738,0.0031898722518235445,0.0,0.9980010249824548,0.4990005124912274
seed-1,buddy,hard_spectral,110,1.1118143796920776,1.1086517572402954,0.00315757910721004,0.0,0.9980008989929685,0.49900044949648426
seed-1,buddy,hard_spectral,120,1.1130784749984741,1.1099427938461304,0.0031306964810937643,0.0,0.99800106501638,0.49900053250819
seed-1,buddy,hard_spectral,130,1.1141505241394043,1.1110374927520752,0.0031081766355782747,0.0,0.998001045803703,0.4990005229018515
seed-1,buddy,hard_spectral,140,1.1150637865066528,1.1119698286056519,0.0030892109498381615,0.0,0.9980009841824616,0.4990004920912308
seed-1,buddy,hard_spectral,150,1.1158446073532104,1.1127666234970093,0.003073166124522686,0.0,0.9980010697094901,0.49900053485474505
seed-1,buddy,hard_spectral,160,1.1165140867233276,1.1134499311447144,0.0030595404095947742,0.0,0.9980010617767991,0.4990005308883996
seed-1,buddy,hard_spectral,170,1.1170899868011475,1.1140373945236206,0.003047935664653778,0.0,0.9980009442418319,0.49900047212091597
seed-1,buddy,hard_spectral,180,1.1175860166549683,1.1145433187484741,0.003038029884919524,0.0,0.9980010092477092,0.4990005046238546
seed-1,buddy,hard_spectral,190,1.118013858795166,1.1149797439575195,0.0030295629985630512,0.0,0.9980010162301566,0.4990005081150783
seed-1,buddy,hard_spectral,200,1.1183834075927734,1.1153565645217896,0.0030223217327147722,0.0,0.9980010151708375,0.49900050758541875
seed-1,buddy,hard_spectral,210,1.11870276927948,1.1156821250915527,0.003016131231561303,0.0,0.9980009200458627,0.49900046002293136
seed-1,buddy,hard_spectral,220,1.1189789772033691,1.1159635782241821,0.0030108431819826365,0.0,0.9980009398509758,0.4990004699254879
seed-1,buddy,hard_spectral,230,1.1192176342010498,1.1162067651748657,0.003006336046382785,0.0,0.9980010393851598,0.4990005196925799
seed-1,buddy,hard_spectral,240,1.1194239854812622,1.1164169311523438,0.0030025034211575985,0.0,0.9980010196296315,0.49900050981481575
seed-1,buddy,hard_spectral,250,1.119602084159851,1.11659836769104,0.002999258693307638,0.0,0.9980010446206924,0.4990005223103462
seed-1,buddy,hard_spectral,260,1.1197559833526611,1.1167550086975098,0.002996522467583418,0.0,0.998000939531047,0.4990004697655235
seed-1,buddy,hard_spectral,270,1.1198889017105103,1.11689031124115,0.0029942281544208527,0.0,0.9980010000881473,0.49900050004407365
seed-1,buddy,hard_spectral,280,1.1200037002563477,1.1170070171356201,0.0029923159163445234,0.0,0.9980010648698829,0.49900053243494147
seed-1,buddy,hard_spectral,290,1.120103359222412,1.1171082258224487,0.0029907342977821827,0.0,0.9980010388862482,0.4990005194431241
seed-1,buddy,hard_spectral,300,1.120190143585205,1.1171963214874268,0.002989436499774456,0.0,0.9980009994152244,0.4990004997076122
seed-1,buddy,soft_spectral,10,1.0615328550338745,1.0542618036270142,0.00454209977760911,0.00027221685741096735,1.0255479241594083,0.5127739620797042
seed-1,buddy,soft_spectral,20,1.06074059009552,1.0489180088043213,0.004668647423386574,0.0007147071301005781,1.038837875402023,0.5194189377010116
seed-1,buddy,soft_spectral,30,1.0607212781906128,1.0483719110488892,0.004682633560150862,0.0007659737020730972,1.0396908007011396,0.5198454003505698
seed-1,buddy,soft_spectral,40,1.0606739521026611,1.0493736267089844,0.004657418001443148,0.0006636072066612542,1.0360060727887834,0.5180030363943917
seed-1,buddy,soft_spectral,50,1.0606379508972168,1.0502477884292603,0.004635864868760109,0.0005747419781982899,1.0340652509598423,0.5170326254799211
seed-1,buddy,soft_spectral,60,1.060476303100586,1.0504900217056274,0.004629753064364195,0.0005349693819880486,1.0330915999085042,0.5165457999542521
seed-1,buddy,soft_spectral,70,1.0603678226470947,1.0502716302871704,0.0046354737132787704,0.0005453805206343532,1.0337666471279745,0.5168833235639873
seed-1,buddy,soft_spectral,80,1.0604456663131714,1.0500069856643677,0.004640534520149231,0.000579119601752609,1.0343641148450113,0.5171820574225057
seed-1,buddy,soft_spectral,90,1.0605512857437134,1.0499025583267212,0.00464418763294816,0.000599766499362886,1.0349636782525968,0.5174818391262984
seed-1,buddy,soft_spectral,100,1.060727596282959,1.0499860048294067,0.004642239306122065,0.0006092390976846218,1.0345861228409718,0.5172930614204859
seed-1,buddy,soft_spectral,110,1.0604426860809326,1.0500907897949219,0.004638799000531435,0.0005706131923943758,1.0338800242185868,0.5169400121092934
seed-1,buddy,soft_spectral,120,1.0604511499404907,1.050103783607483,0.004637700039893389,0.0005702709313482046,1.0340054587545868,0.5170027293772934
seed-1,buddy,soft_spectral,130,1.060484528541565,1.0500558614730835,0.004640655126422644,0.0005781095242127776,1.0340294331488908,0.5170147165744454
seed-1,buddy,soft_spectral,140,1.0603700876235962,1.0499979257583618,0.004640568047761917,0.0005724626826122403,1.0343055169542719,0.5171527584771359
seed-1,buddy,soft_spectral,150,1.0604286193847656,1.0499649047851562,0.0046403720043599606,0.0005816426128149033,1.034476583330762,0.517238291665381
seed-1,buddy,soft_spectral,160,1.0606147050857544,1.049983263015747,0.004637102130800486,0.0005987351760268211,1.0346031912440472,0.5173015956220236
seed-1,buddy,soft_spectral,170,1.0604095458984375,1.0500719547271729,0.004637520294636488,0.0005693138809874654,1.034436653480423,0.5172183267402115
seed-1,buddy,soft_spectral,180,1.0603752136230469,1.050039529800415,0.0046395049430429935,0.0005689291865564883,1.0342346036608714,0.5171173018304357
seed-1,buddy,soft_spectral,190,1.0603386163711548,1.049996256828308,0.004640981554985046,0.0005694450810551643,1.0345850249568913,0.5172925124784457
seed-1,buddy,soft_spectral,200,1.0605100393295288,1.0499714612960815,0.004639779683202505,0.0005891940090805292,1.0343353421382542,0.5171676710691271
seed-1,buddy,soft_spectral,210,1.0605298280715942,1.0499920845031738,0.004641035106033087,0.0005889824824407697,1.034415043620286,0.517207521810143
seed-1,buddy,soft_spectral,220,1.0603715181350708,1.0500239133834839,0.004639740567654371,0.0005700992187485099,1.0342989711246648,0.5171494855623324
seed-1,buddy,soft_spectral,230,1.060448408126831,1.050037145614624,0.004640239756554365,0.0005764144007116556,1.0342595728937125,0.5171297864468563
seed-1,buddy,soft_spectral,240,1.0604010820388794,1.0500409603118896,0.004639183171093464,0.0005714041762985289,1.0345329894897488,0.5172664947448744
seed-1,buddy,soft_spectral,250,1.0604827404022217,1.0500500202178955,0.004638056270778179,0.0005787777481600642,1.0342596398282684,0.5171298199141342
seed-1,buddy,soft_spectral,260,1.0604393482208252,1.0500359535217285,0.004638595040887594,0.000575788551941514,1.0343904311255643,0.5171952155627821
seed-1,buddy,soft_spectral,270,1.0605058670043945,1.0500211715698242,0.004639861173927784,0.0005837936187162995,1.0344609790329267,0.5172304895164633
seed-1,buddy,soft_spectral,280,1.0606862306594849,1.0500352382659912,0.004640084225684404,0.000600399449467659,1.0346977334487897,0.5173488667243948
seed-1,buddy,soft_spectral,290,1.0605462789535522,1.0500531196594238,0.004638819023966789,0.0005847483407706022,1.0345897540611189,0.5172948770305594
seed-1,buddy,soft_spectral,300,1.060540795326233,1.0500518083572388,0.004637844394892454,0.0005844268016517162,1.0343597413929995,0.5171798706964997
seed-1,buddy,unconstrained,10,1.0568453073501587,1.05232572555542,0.004512743093073368,0.0012126759393140674,1.0557738697104848,0.5278869348552424
seed-1,buddy,unconstrained,20,1.0448776483535767,1.0401158332824707,0.004754777532070875,0.0058206417597830296,1.1171208676042335,0.5585604338021167
seed-1,buddy,unconstrained,30,1.0326319932937622,1.0275439023971558,0.0050808219239115715,0.014189952984452248,1.1821996732004663,0.5910998366002331
seed-1,buddy,unconstrained,40,1.0218292474746704,1.0163235664367676,0.005498191341757774,0.026299085468053818,1.24916082903185,0.624580414515925
seed-1,buddy,unconstrained,50,1.0148379802703857,1.008872151374817,0.00595819903537631,0.04095488041639328,1.3125361589575428,0.6562680794787714
seed-1,buddy,unconstrained,60,1.0121115446090698,1.0057885646820068,0.0063150543719530106,0.053606364876031876,1.3571797823544791,0.6785898911772396
seed-1,buddy,unconstrained,70,1.0104857683181763,1.0040273666381836,0.006450582295656204,0.05702878534793854,1.3656249124869055,0.6828124562434528
seed-1,buddy,unconstrained,80,1.008160948753357,1.0017037391662598,0.006449227686971426,0.05343138426542282,1.3520025146103267,0.6760012573051634
seed-1,buddy,unconstrained,90,1.0054397583007812,0.9989766478538513,0.006455138325691223,0.04945936053991318,1.338076919490443,0.6690384597452215
seed-1,buddy,unconstrained,100,1.002198338508606,0.995658278465271,0.00653193099424243,0.04691914841532707,1.3289954102187163,0.6644977051093581
seed-1,buddy,unconstrained,110,0.9982763528823853,0.9915772676467896,0.0066908663138747215,0.04498811811208725,1.321668973472107,0.6608344867360535
seed-1,buddy,unconstrained,120,0.9937617778778076,0.9868113398551941,0.006942025385797024,0.0429675467312336,1.3137456878081064,0.6568728439040532
seed-1,buddy,unconstrained,130,0.9892598986625671,0.9819417595863342,0.007309616543352604,0.04096481204032898,1.3059653080117464,0.6529826540058732
seed-1,buddy,unconstrained,140,0.9860314130783081,0.9782441854476929,0.007778501138091087,0.044419627636671066,1.324259726298166,0.662129863149083
seed-1,buddy,unconstrained,150,0.9845179915428162,0.9763135313987732,0.008195657283067703,0.053537216037511826,1.3557048196786305,0.6778524098393153
seed-1,buddy,unconstrained,160,0.9838459491729736,0.9754098057746887,0.008427259512245655,0.055929865688085556,1.3625433917293184,0.6812716958646592
seed-1,buddy,unconstrained,170,0.9836681485176086,0.9751152992248535,0.008543884381651878,0.05675610154867172,1.3657402136647998,0.6828701068323999
seed-1,buddy,unconstrained,180,0.983635663986206,0.9750067591667175,0.0086198840290308,0.05855868011713028,1.372034698260874,0.686017349130437
seed-1,buddy,unconstrained,190,0.9836218357086182,0.9749593138694763,0.008653530851006508,0.059735603630542755,1.3755584728011425,0.6877792364005713
seed-1,buddy,unconstrained,200,0.9836078882217407,0.9749550223350525,0.00864384975284338,0.059632446616888046,1.3749515265728625,0.6874757632864312
seed-1,buddy,unconstrained,210,0.9835962653160095,0.9749637842178345,0.008623543195426464,0.05932430177927017,1.373993141580473,0.6869965707902365
seed-1,buddy,unconstrained,220,0.9835867285728455,0.9749659895896912,0.008611822500824928,0.0593152791261673,1.3740212122881452,0.6870106061440726
seed-1,buddy,unconstrained,230,0.9835782051086426,0.9749640822410583,0.008605155162513256,0.059342049062252045,1.3740809585648543,0.6870404792824272
seed-1,buddy,unconstrained,240,0.9835696816444397,0.9749606847763062,0.008600070141255856,0.059320107102394104,1.3740102841343096,0.6870051420671548
seed-1,buddy,unconstrained,250,0.9835609197616577,0.9749545454978943,0.00859744194895029,0.05936678871512413,1.374192890622525,0.6870964453112625
seed-1,buddy,unconstrained,260,0.9835518002510071,0.9749466776847839,0.008596177212893963,0.0594649612903595,1.3745274494603577,0.6872637247301788
seed-1,buddy,unconstrained,270,0.9835424423217773,0.9749391674995422,0.008594322949647903,0.059559114277362823,1.3748419978831643,0.6874209989415822
seed-1,buddy,unconstrained,280,0.983532726764679,0.9749321341514587,0.008591669611632824,0.059662893414497375,1.3752010313113776,0.6876005156556888
seed-1,buddy,unconstrained,290,0.9835229516029358,0.9749252796173096,0.00858865026384592,0.05979356914758682,1.3756507945080374,0.6878253972540187
seed-1,buddy,unconstrained,300,0.983512818813324,0.9749184846878052,0.008585315197706223,0.05994759500026703,1.3761840836619061,0.6880920418309531
seed-1,cicero,hard_spectral,10,1.0796091556549072,1.074242353439331,0.0053604175336658955,0.0,0.9980010355642176,0.4990005177821088
seed-1,cicero,hard_spectral,20,1.0868167877197266,1.0816997289657593,0.005110736005008221,0.0,0.9980009746612016,0.4990004873306008
seed-1,cicero,hard_spectral,30,1.093461275100708,1.0885541439056396,0.004901053383946419,0.0,0.9980009817828331,0.49900049089141657
seed-1,cicero,hard_spectral,40,1.0993852615356445,1.0946524143218994,0.004726924002170563,0.0,0.9980010691794355,0.49900053458971777
seed-1,cicero,hard_spectral,50,1.1045129299163818,1.0999228954315186,0.004584295209497213,0.0,0.9980009781115798,0.4990004890557899
seed-1,cicero,hard_spectral,60,1.1088708639144897,1.1043970584869385,0.004468176048249006,0.0,0.9980009428027542,0.4990004714013771
seed-1,cicero,hard_spectral,70,1.112541913986206,1.1081628799438477,0.004373583942651749,0.0,0.9980009775120756,0.4990004887560378
seed-1,cicero,hard_spectral,80,1.1156284809112549,1.1113271713256836,0.004296094179153442,0.0,0.9980010133404434,0.4990005066702217
seed-1,cicero,hard_spectral,90,1.118229866027832,1.113992691040039,0.004232089966535568,0.0,0.998001059342291,0.4990005296711455
seed-1,cicero,hard_spectral,100,1.1204338073730469,1.1162500381469727,0.004178711678832769,0.0,0.9980010120371666,0.4990005060185833
seed-1,cicero,hard_spectral,110,1.1223127841949463,1.1181741952896118,0.0041337390430271626,0.0,0.9980010752730194,0.4990005376365097
seed-1,cicero,hard_spectral,120,1.1239267587661743,1.1198264360427856,0.004095477983355522,0.0,0.998001017420634,0.499000508710317
seed-1,cicero,hard_spectral,130,1.125322937965393,1.1212555170059204,0.004062624182552099,0.0,0.9980009231695841,0.49900046158479205
seed-1,cicero,hard_spectral,140,1.1265393495559692,1.1225005388259888,0.004034173674881458,0.0,0.9980010426631309,0.49900052133156547
seed-1,cicero,hard_spectral,150,1.1276068687438965,1.1235928535461426,0.004009341821074486,0.0,0.9980009880157442,0.4990004940078721
seed-1,cicero,hard_spectral,160,1.128549575805664,1.1245574951171875,0.003987511619925499,0.0,0.9980010864383622,0.4990005432191811
seed-1,cicero,hard_spectral,170,1.129387378692627,1.1254146099090576,0.003968193661421537,0.0,0.998001069151943,0.4990005345759715
seed-1,cicero,hard_spectral,180,1.1301363706588745,1.12618088722229,0.0039509874768555164,0.0,0.9980009732085572,0.4990004866042786
seed-1,cicero,hard_spectral,190,1.1308099031448364,1.1268699169158936,0.003935572225600481,0.0,0.9980009827219972,0.4990004913609986
seed-1,cicero,hard_spectral,200,1.131419062614441,1.1274930238723755,0.003921676892787218,0.0,0.9980009176769258,0.4990004588384629
seed-1,cicero,hard_spectral,210,1.1319732666015625,1.1280597448349,0.0039090802893042564,0.0,0.9980009304222763,0.49900046521113817
seed-1,cicero,hard_spectral,220,1.1324799060821533,1.1285779476165771,0.003897593356668949,0.0,0.998000989140276,0.499000494570138
seed-1,cicero,hard_spectral,230,1.132946491241455,1.1290550231933594,0.0038870563730597496,0.0,0.998000961458873,0.4990004807294365
seed-1,cicero,hard_spectral,240,1.1333779096603394,1.1294963359832764,0.003877330105751753,0.0,0.9980009520051212,0.4990004760025606
seed-1,cicero,hard_spectral,250,1.1337802410125732,1.1299076080322266,0.003868296043947339,0.0,0.998001088421964,0.499000544210982
seed-1,cicero,hard_spectral,260,1.1341575384140015,1.130293369293213,0.0038598510436713696,0.0,0.9980010033129982,0.4990005016564991
seed-1,cicero,hard_spectral,270,1.1345136165618896,1.130657434463501,0.0038519015070050955,0.0,0.998000913401066,0.499000456700533
seed-1,cicero,hard_spectral,280,1.134852647781372,1.131003975868225,0.0038443647790700197,0.0,0.9980009724615271,0.49900048623076354
seed-1,cicero,hard_spectral,290,1.1351772546768188,1.131335735321045,0.0038371707778424025,0.0,0.9980009836610306,0.4990004918305153
seed-1,cicero,hard_spectral,300,1.135490894317627,1.1316564083099365,0.003830250585451722,0.0,0.9980010622149046,0.4990005311074523
seed-1,cicero,soft_spectral,10,1.0674065351486206,1.0589120388031006,0.005882875062525272,0.00026048789732158184,1.0258020629228115,0.5129010314614058
seed-1,cicero,soft_spectral,20,1.0671831369400024,1.0539721250534058,0.006040885578840971,0.0007163132540881634,1.0387593730169267,0.5193796865084633
seed-1,cicero,soft_spectral,30,1.0667811632156372,1.053675889968872,0.006049241404980421,0.0007049112464301288,1.0379173364030922,0.5189586682015461
seed-1,cicero,soft_spectral,40,1.066991925239563,1.054704189300537,0.006013430189341307,0.000626738416031003,1.0351467721271124,0.5175733860635562
seed-1,cicero,soft_spectral,50,1.0666756629943848,1.0555258989334106,0.005989746190607548,0.0005153116071596742,1.0321763937002104,0.5160881968501052
seed-1,cicero,soft_spectral,60,1.0665593147277832,1.0556026697158813,0.005985110066831112,0.0004964562831446528,1.0319753174513324,0.5159876587256662
seed-1,cicero,soft_spectral,70,1.0666619539260864,1.0553600788116455,0.005994626320898533,0.0005300263874232769,1.0326082993776964,0.5163041496888482
seed-1,cicero,soft_spectral,80,1.0665584802627563,1.0551635026931763,0.006000977009534836,0.0005387045675888658,1.0333607279324617,0.5166803639662308
seed-1,cicero,soft_spectral,90,1.0665277242660522,1.0551413297653198,0.006001356989145279,0.0005378108471632004,1.0330647163650812,0.5165323581825406
seed-1,cicero,soft_spectral,100,1.0665069818496704,1.0551221370697021,0.006001665256917477,0.0005376165499910712,1.032999285264956,0.516499642632478
seed-1,cicero,soft_spectral,110,1.0664269924163818,1.0550843477249146,0.006003546062856913,0.0005332194268703461,1.0330123487028955,0.5165061743514477
seed-1,cicero,soft_spectral,120,1.0665382146835327,1.0550739765167236,0.006003323011100292,0.0005453975754790008,1.032866979678118,0.516433489839059
seed-1,cicero,soft_spectral,130,1.0665518045425415,1.0551021099090576,0.006003578193485737,0.0005439165979623795,1.0331127491856873,0.5165563745928436
seed-1,cicero,soft_spectral,140,1.0665347576141357,1.055145263671875,0.006002191454172134,0.000538033782504499,1.033070451026159,0.5165352255130795
seed-1,cicero,soft_spectral,150,1.066494345664978,1.0551469326019287,0.006001507863402367,0.0005339033668860793,1.0326878875150862,0.5163439437575431
seed-1,cicero,soft_spectral,160,1.0665363073349,1.0551310777664185,0.006001886446028948,0.000539648812264204,1.032805947088708,0.516402973544354
seed-1,cicero,soft_spectral,170,1.0665283203125,1.055100917816162,0.006003036163747311,0.0005417419597506523,1.0330297088734353,0.5165148544367176
seed-1,cicero,soft_spectral,180,1.0663650035858154,1.0551079511642456,0.006003028247505426,0.0005247104563750327,1.0328191437384562,0.5164095718692281
seed-1,cicero,soft_spectral,190,1.0664329528808594,1.0550823211669922,0.006003994960337877,0.0005339801427908242,1.0329599586394893,0.5164799793197447
seed-1,cicero,soft_spectral,200,1.0665180683135986,1.0550614595413208,0.0060042948462069035,0.0005445382557809353,1.033518851760781,0.5167594258803905
seed-1,cicero,soft_spectral,210,1.0665357112884521,1.055083990097046,0.006003566551953554,0.0005441168323159218,1.0331161872524612,0.5165580936262306
seed-1,cicero,soft_spectral,220,1.0664831399917603,1.0550925731658936,0.006003360729664564,0.0005380319780670106,1.0332401968507043,0.5166200984253522
seed-1,cicero,soft_spectral,230,1.066396951675415,1.0550810098648071,0.006004213821142912,0.0005304816295392811,1.033345132750585,0.5166725663752925
seed-1,cicero,soft_spectral,240,1.066482424736023,1.055067777633667,0.006004152819514275,0.0005403596442192793,1.0332810575384765,0.5166405287692383
seed-1,cicero,soft_spectral,250,1.066470980644226,1.055061936378479,0.006005274131894112,0.0005396857159212232,1.0330572137690202,0.5165286068845101
seed-1,cicero,soft_spectral,260,1.0664366483688354,1.0550215244293213,0.006005770992487669,0.0005402449169196188,1.0330868071482386,0.5165434035741193
seed-1,cicero,soft_spectral,270,1.066451907157898,1.055014967918396,0.006006087642163038,0.0005423935363069177,1.0332338872996378,0.5166169436498189
seed-1,cicero,soft_spectral,280,1.0665234327316284,1.0550150871276855,0.006006187759339809,0.0005495138466358185,1.0331318087969625,0.5165659043984813
seed-1,cicero,soft_spectral,290,1.066359281539917,1.0550378561019897,0.0060051181353628635,0.0005309353582561016,1.0332416014791037,0.5166208007395519
seed-1,cicero,soft_spectral,300,1.066460371017456,1.0550525188446045,0.006004957482218742,0.0005396038759499788,1.0335850455879254,0.5167925227939627
seed-1,cicero,unconstrained,10,1.0631887912750244,1.0573116540908813,0.005870289634913206,0.0012132161064073443,1.0557919149269848,0.5278959574634924
seed-1,cicero,unconstrained,20,1.0522727966308594,1.0460504293441772,0.006215306464582682,0.005858108401298523,1.1175475037336,0.5587737518668
seed-1,cicero,unconstrained,30,1.0415809154510498,1.034900188446045,0.006673514377325773,0.014323016628623009,1.1830447402749493,0.5915223701374747
seed-1,cicero,unconstrained,40,1.0328624248504639,1.025609016418457,0.007246043998748064,0.026091095060110092,1.247607532565613,0.6238037662828065
seed-1,cicero,unconstrained,50,1.0278410911560059,1.0200047492980957,0.007828761823475361,0.03780171275138855,1.2975653061970054,0.6487826530985027
seed-1,cicero,unconstrained,60,1.02508544921875,1.0169092416763306,0.008168503642082214,0.04313531517982483,1.315699701803785,0.6578498509018925
seed-1,cicero,unconstrained,70,1.0217770338058472,1.013527274131775,0.008241844363510609,0.041910432279109955,1.3091234388463198,0.6545617194231599
seed-1,cicero,unconstrained,80,1.0175665616989136,1.0092767477035522,0.008281839080154896,0.03811916708946228,1.2934812473950845,0.6467406236975423
seed-1,cicero,unconstrained,90,1.0125004053115845,1.0040556192398071,0.008436724543571472,0.034496814012527466,1.2784490898040703,0.6392245449020352
seed-1,cicero,unconstrained,100,1.006810188293457,0.9980366230010986,0.008765345439314842,0.03174417093396187,1.2668190618818929,0.6334095309409464
seed-1,cicero,unconstrained,110,1.001692533493042,0.9923985004425049,0.00928561296314001,0.032210126519203186,1.273496048085102,0.636748024042551
seed-1,cicero,unconstrained,120,0.9984400272369385,0.9885566830635071,0.009874752722680569,0.04323078691959381,1.3191003263308072,0.6595501631654036
seed-1,cicero,unconstrained,130,0.996638298034668,0.9863060712814331,0.010323517955839634,0.05021357163786888,1.3437967916822686,0.6718983958411343
seed-1,cicero,unconstrained,140,0.9958603382110596,0.9852240681648254,0.010627424344420433,0.05380977317690849,1.3556142012575623,0.6778071006287811
seed-1,cicero,unconstrained,150,0.9956018328666687,0.9847681522369385,0.01082481537014246,0.0557250902056694,1.3623482513966807,0.6811741256983403
seed-1,cicero,unconstrained,160,0.9955408573150635,0.9845994710922241,0.010932479053735733,0.057779327034950256,1.369420429400387,0.6847102147001936
seed-1,cicero,unconstrained,170,0.9955193400382996,0.9845293760299683,0.010981006547808647,0.05932692810893059,1.374373243811732,0.687186621905866
seed-1,cicero,unconstrained,180,0.9955025911331177,0.9845108985900879,0.010982722975313663,0.05980139598250389,1.375678676741258,0.687839338370629
seed-1,cicero,unconstrained,190,0.9954879879951477,0.9845163822174072,0.01096266508102417,0.05980275198817253,1.3756748029756325,0.6878374014878162
seed-1,cicero,unconstrained,200,0.9954763650894165,0.9845200181007385,0.01094738021492958,0.0599326491355896,1.3761563141558582,0.6880781570779291
seed-1,cicero,unconstrained,210,0.9954665899276733,0.9845207929611206,0.010936826467514038,0.06009548902511597,1.376672821741268,0.688336410870634
seed-1,cicero,unconstrained,220,0.9954575300216675,0.9845196604728699,0.010928947478532791,0.0601918064057827,1.376986483255185,0.6884932416275925
seed-1,cicero,unconstrained,230,0.9954488277435303,0.9845148921012878,0.010924982838332653,0.06032020226120949,1.3774288798758683,0.6887144399379341
seed-1,cicero,unconstrained,240,0.9954403042793274,0.9845083355903625,0.010923037305474281,0.060488633811473846,1.3779911393512867,0.6889955696756433
seed-1,cicero,unconstrained,250,0.9954319596290588,0.9845016598701477,0.010921387001872063,0.060652926564216614,1.378528798873091,0.6892643994365455
seed-1,cicero,unconstrained,260,0.9954239130020142,0.9844955801963806,0.010919420048594475,0.06081053614616394,1.3790484623973749,0.6895242311986874
seed-1,cicero,unconstrained,270,0.995415985584259,0.9844897985458374,0.010917247273027897,0.0609745979309082,1.379590806027743,0.6897954030138715
seed-1,cicero,unconstrained,280,0.9954083561897278,0.9844844341278076,0.010914978571236134,0.061144616454839706,1.3801484216786974,0.6900742108393487
seed-1,cicero,unconstrained,290,0.9954009056091309,0.9844793081283569,0.010912640020251274,0.06131799891591072,1.380718283136251,0.6903591415681255
seed-1,cicero,unconstrained,300,0.9953933954238892,0.9844740629196167,0.010910420678555965,0.061499349772930145,1.3813141053979971,0.6906570526989986
seed-1,decoding,hard_spectral,10,1.0779272317886353,1.0741350650787354,0.003791585098952055,0.0,0.9980010432128841,0.49900052160644204
seed-1,decoding,hard_spectral,20,1.1135802268981934,1.1105214357376099,0.003058443311601877,0.0,0.9980010341985149,0.49900051709925747
seed-1,decoding,hard_spectral,30,1.146958589553833,1.1444792747497559,0.0024790368042886257,0.0,0.9980010043535487,0.49900050217677433
seed-1,decoding,hard_spectral,40,1.175552248954773,1.1734927892684937,0.002059295540675521,0.0,0.9980010228476659,0.49900051142383295
seed-1,decoding,hard_spectral,50,1.19736647605896,1.1955797672271729,0.0017866044072434306,0.0,0.9980010401789714,0.4990005200894857
seed-1,decoding,hard_spectral,60,1.2125145196914673,1.210890769958496,0.0016236623050644994,0.0,0.998001071612175,0.4990005358060875
seed-1,decoding,hard_spectral,70,1.2220827341079712,1.2205493450164795,0.0015333757037296891,0.0,0.9980010291123639,0.49900051455618194
seed-1,decoding,hard_spectral,80,1.227745771408081,1.226259708404541,0.0014861070085316896,0.0,0.9980010210591571,0.49900051052957856
seed-1,decoding,hard_spectral,90,1.2310380935668945,1.2295759916305542,0.0014621296431869268,0.0,0.9980010835813886,0.4990005417906943
seed-1,decoding,hard_spectral,100,1.2329926490783691,1.2315425872802734,0.0014500138349831104,0.0,0.998001011961878,0.499000505980939
seed-1,decoding,hard_spectral,110,1.2342091798782349,1.232765555381775,0.0014436529017984867,0.0,0.9980010550577163,0.49900052752885815
seed-1,decoding,hard_spectral,120,1.2350212335586548,1.233581304550171,0.0014399397186934948,0.0,0.998001086611664,0.499000543305832
seed-1,decoding,hard_spectral,130,1.2356181144714355,1.2341808080673218,0.0014373395824804902,0.0,0.9980010453897576,0.4990005226948788
seed-1,decoding,hard_spectral,140,1.2361135482788086,1.2346783876419067,0.001435104408301413,0.0,0.9980009588062645,0.49900047940313225
seed-1,decoding,hard_spectral,150,1.2365736961364746,1.2351408004760742,0.0014328858815133572,0.0,0.9980009845717658,0.4990004922858829
seed-1,decoding,hard_spectral,160,1.2370319366455078,1.2356014251708984,0.0014305626973509789,0.0,0.9980009685906674,0.4990004842953337
seed-1,decoding,hard_spectral,170,1.2374963760375977,1.2360682487487793,0.0014281545300036669,0.0,0.99800097851714,0.49900048925857
seed-1,decoding,hard_spectral,180,1.2379615306854248,1.2365357875823975,0.0014257573056966066,0.0,0.9980009764456237,0.49900048822281184
seed-1,decoding,hard_spectral,190,1.2384153604507446,1.2369918823242188,0.0014234916307032108,0.0,0.9980010035488062,0.4990005017744031
seed-1,decoding,hard_spectral,200,1.238844633102417,1.2374231815338135,0.0014214706607162952,0.0,0.9980009017953146,0.4990004508976573
seed-1,decoding,hard_spectral,210,1.2392385005950928,1.237818717956543,0.0014197858981788158,0.0,0.9980010050737947,0.4990005025368974
seed-1,decoding,hard_spectral,220,1.2395884990692139,1.2381700277328491,0.0014185033505782485,0.0,0.9980009452976495,0.49900047264882474
seed-1,decoding,hard_spectral,230,1.239889144897461,1.238471508026123,0.0014176656259223819,0.0,0.9980009031291771,0.49900045156458855
seed-1,decoding,hard_spectral,240,1.2401368618011475,1.2387195825576782,0.0014172963565215468,0.0,0.9980010731061769,0.49900053655308846
seed-1,decoding,hard_spectral,250,1.2403309345245361,1.2389135360717773,0.0014174089301377535,0.0,0.9980009788800335,0.49900048944001674
seed-1,decoding,hard_spectral,260,1.2404710054397583,1.2390530109405518,0.0014180128928273916,0.0,0.9980009828803392,0.4990004914401696
seed-1,decoding,hard_spectral,270,1.24055814743042,1.2391390800476074,0.0014191233785822988,0.0,0.9980010327730604,0.4990005163865302
seed-1,decoding,hard_spectral,280,1.240593671798706,1.2391729354858398,0.001420772634446621,0.0,0.9980010761681655,0.49900053808408273
seed-1,decoding,hard_spectral,290,1.240578293800354,1.2391552925109863,0.0014230224769562483,0.0,0.998001042865253,0.4990005214326265
seed-1,decoding,hard_spectral,300,1.2405130863189697,1.2390871047973633,0.0014259816380217671,0.0,0.9980009897726194,0.4990004948863097
seed-1,decoding,soft_spectral,10,1.045972466468811,1.014055609703064,0.005212741903960705,0.0026703313924372196,1.0647607455421566,0.5323803727710783
seed-1,decoding,soft_spectral,20,1.0347023010253906,1.0181982517242432,0.005057178903371096,0.0011446161661297083,1.0443582329988441,0.5221791164994221
seed-1,decoding,soft_spectral,30,1.0331498384475708,1.0178680419921875,0.0050457860343158245,0.0010235309600830078,1.0460595258522911,0.5230297629261456
seed-1,decoding,soft_spectral,40,1.030516266822815,1.0158302783966064,0.005104054696857929,0.0009581241756677628,1.0441957202215664,0.5220978601107832
seed-1,decoding,soft_spectral,50,1.031324863433838,1.0133984088897705,0.0051470790058374405,0.0012778651434928179,1.051801573989705,0.5259007869948525
seed-1,decoding,soft_spectral,60,1.0304028987884521,1.0121815204620361,0.005184083245694637,0.00130365788936615,1.052773531375298,0.526386765687649
seed-1,decoding,soft_spectral,70,1.0311176776885986,1.0131580829620361,0.00517483614385128,0.0012784013524651527,1.0523229893349721,0.5261614946674861
seed-1,decoding,soft_spectral,80,1.0301525592803955,1.0142863988876343,0.005135991144925356,0.0010729441419243813,1.0448537873521633,0.5224268936760816
seed-1,decoding,soft_spectral,90,1.0298166275024414,1.0134388208389282,0.005162435583770275,0.0011214644182473421,1.0513935846006337,0.5256967923003169
seed-1,decoding,soft_spectral,100,1.0321911573410034,1.0127642154693604,0.005166385322809219,0.0014259801246225834,1.0509158737196511,0.5254579368598256
seed-1,decoding,soft_spectral,110,1.030362844467163,1.014291763305664,0.005138793494552374,0.0010931587312370539,1.0466396381789884,0.5233198190894942
seed-1,decoding,soft_spectral,120,1.0295274257659912,1.0138609409332275,0.005166754592210054,0.0010499060153961182,1.0454618265098983,0.5227309132549491
seed-1,decoding,soft_spectral,130,1.0304707288742065,1.0116547346115112,0.005193512421101332,0.0013621794059872627,1.0509213389202692,0.5254606694601346
seed-1,decoding,soft_spectral,140,1.0302356481552124,1.0132476091384888,0.005167832598090172,0.001181950094178319,1.050878413654482,0.525439206827241
seed-1,decoding,soft_spectral,150,1.0316709280014038,1.0146350860595703,0.005122045986354351,0.0011913073249161243,1.0483928455754274,0.5241964227877137
seed-1,decoding,soft_spectral,160,1.0298259258270264,1.0150859355926514,0.005115718115121126,0.0009623580262996256,1.0475233873684344,0.5237616936842172
seed-1,decoding,soft_spectral,170,1.0319055318832397,1.0155384540557861,0.005124383140355349,0.0011242057662457228,1.050569478500751,0.5252847392503756
seed-1,decoding,soft_spectral,180,1.0299713611602783,1.015038013458252,0.005133178550750017,0.0009799491381272674,1.0453805279736725,0.5226902639868363
seed-1,decoding,soft_spectral,190,1.0301017761230469,1.0132707357406616,0.0051545919850468636,0.0011675707064568996,1.0503979403117334,0.5251989701558667
seed-1,decoding,soft_spectral,200,1.0319113731384277,1.0126852989196777,0.005164723843336105,0.0014060644898563623,1.0500341451626758,0.5250170725813379
seed-1,decoding,soft_spectral,210,1.0296857357025146,1.0137957334518433,0.005138994660228491,0.0010750273941084743,1.0481310283908853,0.5240655141954427
seed-1,decoding,soft_spectral,220,1.0296781063079834,1.0131720304489136,0.005151060409843922,0.0011354368180036545,1.0490187716309738,0.5245093858154869
seed-1,decoding,soft_spectral,230,1.0288958549499512,1.0129072666168213,0.005161755718290806,0.0010826055658981204,1.0481397947422468,0.5240698973711234
seed-1,decoding,soft_spectral,240,1.0304017066955566,1.0132648944854736,0.005164531525224447,0.0011971639469265938,1.0490077880590531,0.5245038940295266
seed-1,decoding,soft_spectral,250,1.032775640487671,1.014224886894226,0.005110112484544516,0.0013439874164760113,1.050715410794454,0.525357705397227
seed-1,decoding,soft_spectral,260,1.0315014123916626,1.0164083242416382,0.005107079166918993,0.0009985286742448807,1.043063597961643,0.5215317989808215
seed-1,decoding,soft_spectral,270,1.031130075454712,1.0139615535736084,0.005131175275892019,0.001203672494739294,1.049953064342282,0.524976532171141
seed-1,decoding,soft_spectral,280,1.0316823720932007,1.0137736797332764,0.005170520860701799,0.0012737509096041322,1.0519308718408458,0.5259654359204229
seed-1,decoding,soft_spectral,290,1.0330097675323486,1.0145283937454224,0.005119134671986103,0.001336162444204092,1.0485214415381907,0.5242607207690954
seed-1,decoding,soft_spectral,300,1.03141450881958,1.0155327320098877,0.005110303871333599,0.0010770824737846851,1.0460989205719473,0.5230494602859737
seed-1,decoding,unconstrained,10,0.9197509288787842,0.9118094444274902,0.007940736599266529,0.060046061873435974,1.4211351739275369,0.7105675869637684
seed-1,decoding,unconstrained,20,0.8910204768180847,0.8781117796897888,0.01290793064981699,0.10676611959934235,1.5092737571500778,0.7546368785750389
seed-1,decoding,unconstrained,30,0.8832339644432068,0.8698155879974365,0.0134176230058074,0.12344713509082794,1.5584708385145796,0.7792354192572898
seed-1,decoding,unconstrained,40,0.8803923726081848,0.8662619590759277,0.014129608869552612,0.14633587002754211,1.6137264495735257,0.8068632247867629
seed-1,decoding,unconstrained,50,0.87874436378479,0.865264892578125,0.01347869448363781,0.1205819621682167,1.5482387445690675,0.7741193722845338
seed-1,decoding,unconstrained,60,0.8783246874809265,0.864610493183136,0.013713444583117962,0.1219945102930069,1.559289561315627,0.7796447806578135
seed-1,decoding,unconstrained,70,0.8782673478126526,0.8644989132881165,0.013767629861831665,0.12705618143081665,1.5657725895207044,0.7828862947603522
seed-1,decoding,unconstrained,80,0.8782070279121399,0.8644535541534424,0.013752720318734646,0.12378089129924774,1.5600343923229403,0.7800171961614701
seed-1,decoding,unconstrained,90,0.8781683444976807,0.86443030834198,0.013737267814576626,0.12543737888336182,1.56325966486148,0.78162983243074
seed-1,decoding,unconstrained,100,0.8781446218490601,0.8643815517425537,0.013762282207608223,0.12449923157691956,1.5613394879827556,0.7806697439913778
seed-1,decoding,unconstrained,110,0.878124475479126,0.864382266998291,0.013741443865001202,0.12514576315879822,1.5627914357515218,0.7813957178757609
seed-1,decoding,unconstrained,120,0.8781052827835083,0.8643453121185303,0.013759180903434753,0.12504848837852478,1.5625361378875524,0.7812680689437762
seed-1,decoding,unconstrained,130,0.8780856728553772,0.8643351793289185,0.013749729841947556,0.12530936300754547,1.5632419373221265,0.7816209686610632
seed-1,decoding,unconstrained,140,0.8780655264854431,0.864310085773468,0.013754663988947868,0.12554685771465302,1.5637286543819349,0.7818643271909674
seed-1,decoding,unconstrained,150,0.8780446648597717,0.8642882704734802,0.01375559251755476,0.12589587271213531,1.5646685612285696,0.7823342806142848
seed-1,decoding,unconstrained,160,0.8780229091644287,0.8642666935920715,0.013755429536104202,0.12627053260803223,1.5654994812793952,0.7827497406396976
seed-1,decoding,unconstrained,170,0.8780035376548767,0.8642452955245972,0.013757486827671528,0.1267930567264557,1.5667991694387713,0.7833995847193856
seed-1,decoding,unconstrained,180,0.8779774904251099,0.8642183542251587,0.013758384622633457,0.12735694646835327,1.5681623481700173,0.7840811740850087
seed-1,decoding,unconstrained,190,0.8779541254043579,0.8641934990882874,0.013759823516011238,0.1280628889799118,1.5698828567427834,0.7849414283713917
seed-1,decoding,unconstrained,200,0.8779297471046448,0.8641677498817444,0.01376123446971178,0.1288689225912094,1.5718520836758603,0.7859260418379301
seed-1,decoding,unconstrained,210,0.8779045939445496,0.864141047000885,0.013762702234089375,0.12982015311717987,1.5741722164077077,0.7870861082038538
seed-1,decoding,unconstrained,220,0.8778786063194275,0.864113450050354,0.013764331117272377,0.13092222809791565,1.5768507329164891,0.7884253664582446
seed-1,decoding,unconstrained,230,0.8778519034385681,0.8640850186347961,0.013766059651970863,0.1321859061717987,1.5799371353632592,0.7899685676816296
seed-1,decoding,unconstrained,240,0.8778241872787476,0.8640554547309875,0.013767868280410767,0.13363534212112427,1.5834648217741798,0.7917324108870899
seed-1,decoding,unconstrained,250,0.8777956962585449,0.8640250563621521,0.013769823126494884,0.13528341054916382,1.5874733955018445,0.7937366977509223
seed-1,decoding,unconstrained,260,0.8777667284011841,0.8639944195747375,0.013771461322903633,0.13713482022285461,1.5919692227768931,0.7959846113884466
seed-1,decoding,unconstrained,270,0.8777363896369934,0.8639614582061768,0.013774101622402668,0.13923263549804688,1.5970339250386705,0.7985169625193352
seed-1,decoding,unconstrained,280,0.8777046799659729,0.8639271855354309,0.01377667672932148,0.1415666937828064,1.602658973150568,0.801329486575284
seed-1,decoding,unconstrained,290,0.8776721954345703,0.8638920783996582,0.013779285363852978,0.14416059851646423,1.6088772308915724,0.8044386154457862
seed-1,decoding,unconstrained,300,0.8776385188102722,0.8638556003570557,0.013782101683318615,0.1470310091972351,1.615703474511657,0.8078517372558285
seed-1,gatsby,hard_spectral,10,1.086962103843689,1.0826051235198975,0.004350706934928894,0.0,0.9980010365780762,0.4990005182890381
seed-1,gatsby,hard_spectral,20,1.1012173891067505,1.0972481966018677,0.0039632562547922134,0.0,0.9980009614175265,0.49900048070876324
seed-1,gatsby,hard_spectral,30,1.1139179468154907,1.1102638244628906,0.003648514859378338,0.0,0.9980009769930759,0.49900048849653794
seed-1,gatsby,hard_spectral,40,1.1249854564666748,1.1215875148773193,0.003392744343727827,0.0,0.9980010769740365,0.49900053848701825
seed-1,gatsby,hard_spectral,50,1.134420394897461,1.1312291622161865,0.0031861974857747555,0.0,0.9980009633215753,0.49900048166078764
seed-1,gatsby,hard_spectral,60,1.1423428058624268,1.1393182277679443,0.0030198751483112574,0.0,0.9980009341988103,0.49900046709940515
seed-1,gatsby,hard_spectral,70,1.14894437789917,1.1460542678833008,0.0028857183642685413,0.0,0.9980009751994531,0.49900048759972654
seed-1,gatsby,hard_spectral,80,1.1544344425201416,1.1516532897949219,0.0027769829612225294,0.0,0.9980009306187684,0.4990004653093842
seed-1,gatsby,hard_spectral,90,1.1590081453323364,1.1563159227371216,0.0026882304809987545,0.0,0.9980009688189532,0.4990004844094766
seed-1,gatsby,hard_spectral,100,1.1628327369689941,1.1602137088775635,0.0026152231730520725,0.0,0.9980009304647046,0.4990004652323523
seed-1,gatsby,hard_spectral,110,1.166046380996704,1.1634881496429443,0.002554690930992365,0.0,0.9980009898233294,0.4990004949116647
seed-1,gatsby,hard_spectral,120,1.1687613725662231,1.1662538051605225,0.0025041187182068825,0.0,0.9980010481677917,0.49900052408389584
seed-1,gatsby,hard_spectral,130,1.1710666418075562,1.1686017513275146,0.002461567521095276,0.0,0.9980009718089494,0.4990004859044747
seed-1,gatsby,hard_spectral,140,1.1730339527130127,1.170605182647705,0.0024255344178527594,0.0,0.99800094147098,0.49900047073549
seed-1,gatsby,hard_spectral,150,1.1747204065322876,1.1723225116729736,0.0023948431480675936,0.0,0.9980011172190114,0.4990005586095057
seed-1,gatsby,hard_spectral,160,1.1761723756790161,1.1738008260726929,0.0023685668129473925,0.0,0.9980009923304088,0.4990004961652044
seed-1,gatsby,hard_spectral,170,1.177426815032959,1.17507803440094,0.002345969434827566,0.0,0.9980010577243617,0.4990005288621808
seed-1,gatsby,hard_spectral,180,1.1785147190093994,1.1761853694915771,0.002326458925381303,0.0,0.9980010246585344,0.4990005123292672
seed-1,gatsby,hard_spectral,190,1.1794602870941162,1.1771479845046997,0.00230955658480525,0.0,0.9980009358448403,0.49900046792242014
seed-1,gatsby,hard_spectral,200,1.1802843809127808,1.1779868602752686,0.002294871024787426,0.0,0.9980009705842642,0.4990004852921321
seed-1,gatsby,hard_spectral,210,1.1810040473937988,1.178719401359558,0.0022820797748863697,0.0,0.9980010071527505,0.49900050357637526
seed-1,gatsby,hard_spectral,220,1.1816339492797852,1.1793603897094727,0.0022709150798618793,0.0,0.9980009991754705,0.49900049958773524
seed-1,gatsby,hard_spectral,230,1.1821855306625366,1.1799218654632568,0.002261153422296047,0.0,0.9980010163080285,0.49900050815401426
seed-1,gatsby,hard_spectral,240,1.1826695203781128,1.1804144382476807,0.00225260597653687,0.0,0.9980010044917559,0.49900050224587794
seed-1,gatsby,hard_spectral,250,1.1830942630767822,1.1808466911315918,0.002245113020762801,0.0,0.9980010228063839,0.49900051140319196
seed-1,gatsby,hard_spectral,260,1.1834675073623657,1.1812266111373901,0.002238539746031165,0.0,0.9980010193033434,0.4990005096516717
seed-1,gatsby,hard_spectral,270,1.1837955713272095,1.1815603971481323,0.0022327688056975603,0.0,0.9980010393002537,0.4990005196501269
seed-1,gatsby,hard_spectral,280,1.1840839385986328,1.1818538904190063,0.002227701712399721,0.0,0.9980009508136425,0.49900047540682124
seed-1,gatsby,hard_spectral,290,1.1843374967575073,1.1821118593215942,0.002223251387476921,0.0,0.9980009721391229,0.49900048606956143
seed-1,gatsby,hard_spectral,300,1.1845601797103882,1.1823384761810303,0.002219343790784478,0.0,0.9980010770905374,0.4990005385452687
seed-1,gatsby,soft_spectral,10,1.0678741931915283,1.0599573850631714,0.004994081798940897,0.0002915982040576637,1.0256107106456747,0.5128053553228373
seed-1,gatsby,soft_spectral,20,1.0673476457595825,1.0551799535751343,0.005135228391736746,0.0007025631493888795,1.0383297939320524,0.5191648969660262
seed-1,gatsby,soft_spectral,30,1.0673664808273315,1.0550345182418823,0.005138177424669266,0.0007186862640082836,1.0377136367772941,0.5188568183886471
seed-1,gatsby,soft_spectral,40,1.0669611692428589,1.0561320781707764,0.005106835626065731,0.000571537297219038,1.0340955179682694,0.5170477589841347
seed-1,gatsby,soft_spectral,50,1.0671418905258179,1.056826114654541,0.005087431985884905,0.0005221477476879954,1.0321827440414932,0.5160913720207466
seed-1,gatsby,soft_spectral,60,1.0669784545898438,1.0569789409637451,0.0050841448828577995,0.0004908473347313702,1.0319134242448114,0.5159567121224057
seed-1,gatsby,soft_spectral,70,1.067100167274475,1.0568222999572754,0.00508833909407258,0.0005182636668905616,1.0318733776546178,0.5159366888273089
seed-1,gatsby,soft_spectral,80,1.067085862159729,1.0566864013671875,0.005092164967209101,0.0005300422199070454,1.03266702786501,0.516333513932505
seed-1,gatsby,soft_spectral,90,1.067059874534607,1.0566279888153076,0.005095463711768389,0.0005329458508640528,1.032723037438905,0.5163615187194525
seed-1,gatsby,soft_spectral,100,1.067063570022583,1.0565733909606934,0.005096546374261379,0.0005386682460084558,1.0328150971407,0.51640754857035
seed-1,gatsby,soft_spectral,110,1.0670472383499146,1.0565619468688965,0.00509544787928462,0.0005382854724302888,1.03282193440719,0.516410967203595
seed-1,gatsby,soft_spectral,120,1.0669389963150024,1.056576132774353,0.005095727741718292,0.000526019895914942,1.0329073331847334,0.5164536665923667
seed-1,gatsby,soft_spectral,130,1.0669772624969482,1.056583046913147,0.005096232518553734,0.0005291060078889132,1.0328796518692376,0.5164398259346188
seed-1,gatsby,soft_spectral,140,1.0671100616455078,1.05660879611969,0.005095214117318392,0.0005399094661697745,1.0328422784961235,0.5164211392480618
seed-1,gatsby,soft_spectral,150,1.0669912099838257,1.0566226243972778,0.005095148924738169,0.0005266559310257435,1.03304491931688,0.51652245965844
seed-1,gatsby,soft_spectral,160,1.066974401473999,1.0566307306289673,0.005094360560178757,0.000524236646015197,1.0328788941055211,0.5164394470527606
seed-1,gatsby,soft_spectral,170,1.067015528678894,1.0566433668136597,0.0050941952504217625,0.00052710494492203,1.0325417003947657,0.5162708501973828
seed-1,gatsby,soft_spectral,180,1.0671366453170776,1.0566372871398926,0.005094651598483324,0.0005397811764851213,1.0331389354714777,0.5165694677357389
seed-1,gatsby,soft_spectral,190,1.0671035051345825,1.0566734075546265,0.005093460436910391,0.0005329673876985908,1.0325613235784512,0.5162806617892256
seed-1,gatsby,soft_spectral,200,1.0670018196105957,1.0567028522491455,0.005092725157737732,0.000519934284966439,1.032733427101026,0.516366713550513
seed-1,gatsby,soft_spectral,210,1.0669294595718384,1.0566775798797607,0.005093162413686514,0.000515175808686763,1.0328725792427873,0.5164362896213937
seed-1,gatsby,soft_spectral,220,1.066968321800232,1.0566611289978027,0.0050926366820931435,0.0005207710200920701,1.0327474082500476,0.5163737041250238
seed-1,gatsby,soft_spectral,230,1.06697678565979,1.056654691696167,0.005093040876090527,0.0005222024046815932,1.0325941883918348,0.5162970941959174
seed-1,gatsby,soft_spectral,240,1.0670652389526367,1.0566216707229614,0.005093520041555166,0.0005343069788068533,1.0332101868443933,0.5166050934221966
seed-1,gatsby,soft_spectral,250,1.0669859647750854,1.0566067695617676,0.005093532148748636,0.0005278664175421,1.0330617331966738,0.5165308665983369
seed-1,gatsby,soft_spectral,260,1.0669913291931152,1.0566580295562744,0.005095016211271286,0.000523136171977967,1.0326541657496942,0.5163270828748471
seed-1,gatsby,soft_spectral,270,1.0670828819274902,1.0566339492797852,0.0050943829119205475,0.0005347635014913976,1.032932032418921,0.5164660162094605
seed-1,gatsby,soft_spectral,280,1.0670239925384521,1.0566710233688354,0.005093767307698727,0.0005252250120975077,1.0325754546395733,0.5162877273197867
seed-1,gatsby,soft_spectral,290,1.0670191049575806,1.0566587448120117,0.005093108396977186,0.000526030664332211,1.032639859734783,0.5163199298673915
seed-1,gatsby,soft_spectral,300,1.0669435262680054,1.0566177368164062,0.005093895364552736,0.0005224946653470397,1.0327902181195054,0.5163951090597527
seed-1,gatsby,unconstrained,10,1.0629291534423828,1.0579519271850586,0.004970401991158724,0.002799269277602434,1.0851961220366861,0.5425980610183431
seed-1,gatsby,unconstrained,20,1.0521529912948608,1.0469039678573608,0.005242029670625925,0.012989511713385582,1.1767911976651368,0.5883955988325684
seed-1,gatsby,unconstrained,30,1.0437241792678833,1.0381368398666382,0.005580092314630747,0.02709932252764702,1.2516496693797479,0.6258248346898739
seed-1,gatsby,unconstrained,40,1.036954641342163,1.031061053276062,0.005886150058358908,0.033654116094112396,1.2768064212344354,0.6384032106172177
seed-1,gatsby,unconstrained,50,1.0298471450805664,1.0236752033233643,0.006164391525089741,0.032422780990600586,1.2694983477616826,0.6347491738808413
seed-1,gatsby,unconstrained,60,1.0230427980422974,1.0165352821350098,0.006499769631773233,0.02988012507557869,1.2585614837391732,0.6292807418695866
seed-1,gatsby,unconstrained,70,1.0173410177230835,1.0104314088821411,0.006901685148477554,0.030023131519556046,1.2624584497036189,0.6312292248518094
seed-1,gatsby,unconstrained,80,1.0127902030944824,1.0054950714111328,0.007287044543772936,0.036274947226047516,1.2896430211637695,0.6448215105818847
seed-1,gatsby,unconstrained,90,1.0083941221237183,1.0007948875427246,0.00759095698595047,0.03883542865514755,1.2980770765922036,0.6490385382961018
seed-1,gatsby,unconstrained,100,1.003794550895691,0.9958951473236084,0.007891109213232994,0.03782609850168228,1.2934554430092573,0.6467277215046286
seed-1,gatsby,unconstrained,110,1.0001428127288818,0.9918429851531982,0.008291279897093773,0.04060272499918938,1.3096473589359243,0.6548236794679622
seed-1,gatsby,unconstrained,120,0.9982301592826843,0.9895188808441162,0.00870264321565628,0.05109144747257233,1.347193595636158,0.673596797818079
seed-1,gatsby,unconstrained,130,0.9970828294754028,0.9881024360656738,0.00897161103785038,0.05421402305364609,1.3568088935743874,0.6784044467871937
seed-1,gatsby,unconstrained,140,0.9966323375701904,0.9874542355537415,0.009169256314635277,0.05706300586462021,1.3676255276065454,0.6838127638032727
seed-1,gatsby,unconstrained,150,0.9964509606361389,0.9871264100074768,0.009315691888332367,0.061328403651714325,1.3818773698433333,0.6909386849216667
seed-1,gatsby,unconstrained,160,0.9963834285736084,0.9869970083236694,0.009377515874803066,0.06369409710168839,1.3889360783507017,0.6944680391753508
seed-1,gatsby,unconstrained,170,0.9963416457176208,0.9869420528411865,0.009390727616846561,0.06472685933113098,1.3922746988677153,0.6961373494338576
seed-1,gatsby,unconstrained,180,0.9963086247444153,0.9869074821472168,0.009392260573804379,0.06579624861478806,1.3956694582105575,0.6978347291052788
seed-1,gatsby,unconstrained,190,0.9962802529335022,0.9868916273117065,0.009379738010466099,0.06648731976747513,1.397750368007924,0.698875184003962
seed-1,gatsby,unconstrained,200,0.9962546229362488,0.9868806600570679,0.009365087375044823,0.06701328605413437,1.399431701804055,0.6997158509020275
seed-1,gatsby,unconstrained,210,0.9962308406829834,0.9868661761283875,0.00935576856136322,0.0676126554608345,1.4013196433632336,0.7006598216816168
seed-1,gatsby,unconstrained,220,0.9962080121040344,0.9868512749671936,0.009347781538963318,0.06820348650217056,1.4031751859512847,0.7015875929756423
seed-1,gatsby,unconstrained,230,0.9961854815483093,0.9868349432945251,0.009341571480035782,0.06884302198886871,1.4051967917647976,0.7025983958823988
seed-1,gatsby,unconstrained,240,0.9961634874343872,0.9868177175521851,0.009336854331195354,0.06953604519367218,1.4073695395872172,0.7036847697936086
seed-1,gatsby,unconstrained,250,0.996141791343689,0.9868007898330688,0.00933206919580698,0.07026325166225433,1.4096461770389483,0.7048230885194742
seed-1,gatsby,unconstrained,260,0.9961205720901489,0.9867843985557556,0.009327217005193233,0.07103825360536575,1.4120673558957832,0.7060336779478916
seed-1,gatsby,unconstrained,270,0.9960997700691223,0.9867686033248901,0.009322221390902996,0.07185714691877365,1.4146122110330284,0.7073061055165142
seed-1,gatsby,unconstrained,280,0.9960793256759644,0.9867533445358276,0.00931706465780735,0.07271812856197357,1.4172817296272846,0.7086408648136423
seed-1,gatsby,unconstrained,290,0.9960594773292542,0.9867385625839233,0.009311892092227936,0.0736219733953476,1.4200768020170729,0.7100384010085364
seed-1,gatsby,unconstrained,300,0.9960398077964783,0.9867240786552429,0.00930673535913229,0.07456719130277634,1.4229863649622188,0.7114931824811094
seed-2,achilles,hard_spectral,10,1.0808171033859253,1.0781038999557495,0.0027069009374827147,0.0,0.9980009596493495,0.49900047982467477
seed-2,achilles,hard_spectral,20,1.0964548587799072,1.0939786434173584,0.0024702090304344893,0.0,0.9980008778242768,0.4990004389121384
seed-2,achilles,hard_spectral,30,1.1106805801391602,1.1083991527557373,0.002275769831612706,0.0,0.9980010711965001,0.49900053559825003
seed-2,achilles,hard_spectral,40,1.1231400966644287,1.1210169792175293,0.0021178163588047028,0.0,0.9980009496267219,0.49900047481336096
seed-2,achilles,hard_spectral,50,1.1337265968322754,1.131730556488037,0.001991001423448324,0.0,0.9980009336304555,0.49900046681522775
seed-2,achilles,hard_spectral,60,1.142547845840454,1.140653371810913,0.001889800070784986,0.0,0.9980010828246088,0.4990005414123044
seed-2,achilles,hard_spectral,70,1.1498318910598755,1.148018479347229,0.0018089452059939504,0.0,0.9980010803252198,0.4990005401626099
seed-2,achilles,hard_spectral,80,1.155834674835205,1.1540864706039429,0.0017439851071685553,0.0,0.9980009506893248,0.4990004753446624
seed-2,achilles,hard_spectral,90,1.1607922315597534,1.1590969562530518,0.0016913930885493755,0.0,0.9980009772291609,0.49900048861458046
seed-2,achilles,hard_spectral,100,1.1649048328399658,1.1632527112960815,0.0016484461957588792,0.0,0.9980010041550255,0.49900050207751273
seed-2,achilles,hard_spectral,110,1.1683355569839478,1.1667189598083496,0.0016130708390846848,0.0,0.998001063397365,0.4990005316986825
seed-2,achilles,hard_spectral,120,1.1712138652801514,1.1696268320083618,0.0015836928505450487,0.0,0.9980010296316095,0.49900051481580476
seed-2,achilles,hard_spectral,130,1.173642635345459,1.1720802783966064,0.0015591112896800041,0.0,0.9980009462275338,0.4990004731137669
seed-2,achilles,hard_spectral,140,1.1757028102874756,1.1741613149642944,0.00153840403072536,0.0,0.9980010088264489,0.49900050441322447
seed-2,achilles,hard_spectral,150,1.1774590015411377,1.17593514919281,0.0015208543045446277,0.0,0.9980009057602639,0.49900045288013195
seed-2,achilles,hard_spectral,160,1.1789627075195312,1.177453875541687,0.0015059015713632107,0.0,0.9980010294992465,0.49900051474962326
seed-2,achilles,hard_spectral,170,1.1802550554275513,1.1787590980529785,0.0014931006589904428,0.0,0.9980010059807288,0.4990005029903644
seed-2,achilles,hard_spectral,180,1.1813697814941406,1.179884910583496,0.0014820965006947517,0.0,0.9980009816331175,0.49900049081655873
seed-2,achilles,hard_spectral,190,1.182334303855896,1.1808589696884155,0.0014726021327078342,0.0,0.9980010296928187,0.49900051484640934
seed-2,achilles,hard_spectral,200,1.1831709146499634,1.1817039251327515,0.0014643840258941054,0.0,0.9980009293574159,0.49900046467870796
seed-2,achilles,hard_spectral,210,1.1838984489440918,1.182438611984253,0.0014572507934644818,0.0,0.998001017604344,0.499000508802172
seed-2,achilles,hard_spectral,220,1.1845322847366333,1.1830787658691406,0.0014510441105812788,0.0,0.9980009366255371,0.49900046831276856
seed-2,achilles,hard_spectral,230,1.1850852966308594,1.1836371421813965,0.0014456325443461537,0.0,0.99800101806319,0.499000509031595
seed-2,achilles,hard_spectral,240,1.1855684518814087,1.1841250658035278,0.0014409060822799802,0.0,0.9980009814986538,0.4990004907493269
seed-2,achilles,hard_spectral,250,1.1859910488128662,1.1845518350601196,0.0014367717085406184,0.0,0.9980010251844431,0.49900051259222156
seed-2,achilles,hard_spectral,260,1.1863608360290527,1.1849253177642822,0.0014331511920318007,0.0,0.998000995860211,0.4990004979301055
seed-2,achilles,hard_spectral,270,1.1866846084594727,1.1852521896362305,0.001429978059604764,0.0,0.9980010252749242,0.4990005126374621
seed-2,achilles,hard_spectral,280,1.1869680881500244,1.1855385303497314,0.001427195267751813,0.0,0.998001078558209,0.4990005392791045
seed-2,achilles,hard_spectral,290,1.1872162818908691,1.1857891082763672,0.0014247539220377803,0.0,0.9980009780110484,0.4990004890055242
seed-2,achilles,hard_spectral,300,1.1874332427978516,1.1860082149505615,0.0014226115308701992,0.0,0.9980009767449229,0.49900048837246147
seed-2,achilles,soft_spectral,10,1.0606786012649536,1.0548412799835205,0.0030963497702032328,0.00027341561508364975,1.0251402529508422,0.5125701264754211
seed-2,achilles,soft_spectral,20,1.06006920337677,1.0494966506958008,0.003186912043020129,0.0007378690643236041,1.039219967473347,0.5196099837366736
seed-2,achilles,soft_spectral,30,1.059937834739685,1.0491360425949097,0.0031943107023835182,0.0007600544486194849,1.0391827538510858,0.5195913769255429
seed-2,achilles,soft_spectral,40,1.0596694946289062,1.0502086877822876,0.0031749620102345943,0.0006278926739469171,1.0353459323997478,0.5176729661998739
seed-2,achilles,soft_spectral,50,1.0597952604293823,1.0509734153747559,0.0031621160451322794,0.0005652726395055652,1.0336969333742785,0.5168484666871392
seed-2,achilles,soft_spectral,60,1.0595130920410156,1.0510776042938232,0.0031601598020642996,0.000526849296875298,1.0327286342025568,0.5163643171012784
seed-2,achilles,soft_spectral,70,1.0594884157180786,1.0508513450622559,0.0031631425954401493,0.0005467058508656919,1.0335735640177923,0.5167867820088962
seed-2,achilles,soft_spectral,80,1.059533715248108,1.0506113767623901,0.0031669700983911753,0.0005748471012338996,1.0340341367491765,0.5170170683745883
seed-2,achilles,soft_spectral,90,1.059529423713684,1.0505192279815674,0.0031713845673948526,0.0005831803428009152,1.0343803755583463,0.5171901877791731
seed-2,achilles,soft_spectral,100,1.0592012405395508,1.0504685640335083,0.003171327756717801,0.0005554386880248785,1.0343163324855629,0.5171581662427814
seed-2,achilles,soft_spectral,110,1.0594770908355713,1.050482153892517,0.0031706150621175766,0.000581746397074312,1.0345067578449543,0.5172533789224771
seed-2,achilles,soft_spectral,120,1.0593262910842896,1.050532579421997,0.003171015763655305,0.0005615889094769955,1.0340369508456815,0.5170184754228407
seed-2,achilles,soft_spectral,130,1.0591868162155151,1.0504820346832275,0.0031723470892757177,0.0005525500746443868,1.0336020388325968,0.5168010194162984
seed-2,achilles,soft_spectral,140,1.059235692024231,1.0503973960876465,0.0031738353427499533,0.0005657572764903307,1.0342315292038171,0.5171157646019086
seed-2,achilles,soft_spectral,150,1.0591822862625122,1.0503721237182617,0.0031740639824420214,0.0005629146471619606,1.0339404902668876,0.5169702451334438
seed-2,achilles,soft_spectral,160,1.0591069459915161,1.0503727197647095,0.0031742260325700045,0.0005553076043725014,1.0338830203871288,0.5169415101935644
seed-2,achilles,soft_spectral,170,1.0592855215072632,1.0503723621368408,0.0031738118268549442,0.0005732374265789986,1.0338244541822952,0.5169122270911476
seed-2,achilles,soft_spectral,180,1.05918288230896,1.0503190755844116,0.0031741070561110973,0.0005682766204699874,1.0336809168666783,0.5168404584333391
seed-2,achilles,soft_spectral,190,1.0592286586761475,1.050271987915039,0.003174377139657736,0.000577526749111712,1.0343477608302785,0.5171738804151392
seed-2,achilles,soft_spectral,200,1.059129238128662,1.0502610206604004,0.003174892859533429,0.0005686287768185139,1.0343925109286178,0.5171962554643089
seed-2,achilles,soft_spectral,210,1.0591455698013306,1.0502482652664185,0.003175404854118824,0.0005714923609048128,1.033875532485848,0.516937766242924
seed-2,achilles,soft_spectral,220,1.0592350959777832,1.0502451658248901,0.0031752432696521282,0.0005807695561088622,1.0339268542898457,0.5169634271449228
seed-2,achilles,soft_spectral,230,1.0591578483581543,1.0502526760101318,0.0031756903044879436,0.0005722345085814595,1.034360280154148,0.517180140077074
seed-2,achilles,soft_spectral,240,1.059314489364624,1.0502346754074097,0.003176135243847966,0.0005896742222830653,1.0342639776740172,0.5171319888370086
seed-2,achilles,soft_spectral,250,1.0589889287948608,1.050247311592102,0.0031760861165821552,0.0005558448610827327,1.033899188619777,0.5169495943098885
seed-2,achilles,soft_spectral,260,1.0589920282363892,1.050182580947876,0.003177578328177333,0.0005624840850941837,1.0342055776293657,0.5171027888146829
seed-2,achilles,soft_spectral,270,1.0589993000030518,1.0501537322998047,0.0031779285054653883,0.0005660677561536431,1.033914088985936,0.516957044492968
seed-2,achilles,soft_spectral,280,1.0590786933898926,1.0501248836517334,0.003178447252139449,0.0005768294213339686,1.0343201468322225,0.5171600734161113
seed-2,achilles,soft_spectral,290,1.0590288639068604,1.0501079559326172,0.003178826766088605,0.000573506229557097,1.0340709955256997,0.5170354977628498
seed-2,achilles,soft_spectral,300,1.0591098070144653,1.0500688552856445,0.0031789534259587526,0.0005855017807334661,1.0342596047485189,0.5171298023742594
seed-2,achilles,unconstrained,10,1.056570291519165,1.0534799098968506,0.003083533141762018,0.0026456802152097225,1.0830351210621145,0.5415175605310573
seed-2,achilles,unconstrained,20,1.045121431350708,1.0418453216552734,0.003269062377512455,0.013058947399258614,1.178015664981119,0.5890078324905595
seed-2,achilles,unconstrained,30,1.0346260070800781,1.0310872793197632,0.0035314434207975864,0.03162749111652374,1.2766155032858195,0.6383077516429098
seed-2,achilles,unconstrained,40,1.0281612873077393,1.0243847370147705,0.0037691681645810604,0.04722760617733002,1.3326700401693325,0.6663350200846663
seed-2,achilles,unconstrained,50,1.0216820240020752,1.0178347826004028,0.003839570563286543,0.04493571072816849,1.3194046563725619,0.6597023281862809
seed-2,achilles,unconstrained,60,1.0147954225540161,1.0108698606491089,0.003917800262570381,0.03811594471335411,1.2927714561228436,0.6463857280614218
seed-2,achilles,unconstrained,70,1.008205533027649,1.004129409790039,0.004068284295499325,0.03459611535072327,1.2793827521274443,0.6396913760637222
seed-2,achilles,unconstrained,80,1.002303123474121,0.9980170726776123,0.004277911502867937,0.03425838053226471,1.2788829068235237,0.6394414534117618
seed-2,achilles,unconstrained,90,0.9970851540565491,0.9925422072410583,0.004534656181931496,0.03528906777501106,1.2836095038338788,0.6418047519169394
seed-2,achilles,unconstrained,100,0.9923974871635437,0.9875409603118896,0.0048481072299182415,0.03627188131213188,1.2879661299132237,0.6439830649566118
seed-2,achilles,unconstrained,110,0.9889332056045532,0.9837104082107544,0.0052142031490802765,0.03893242031335831,1.3012469336881975,0.6506234668440988
seed-2,achilles,unconstrained,120,0.9870954751968384,0.9815677404403687,0.005519006866961718,0.04633571207523346,1.329384060992655,0.6646920304963275
seed-2,achilles,unconstrained,130,0.9861301779747009,0.9804495573043823,0.005671776365488768,0.049332499504089355,1.339147576718516,0.669573788359258
seed-2,achilles,unconstrained,140,0.9857643842697144,0.979985237121582,0.005770294461399317,0.051143016666173935,1.3460414251212156,0.6730207125606078
seed-2,achilles,unconstrained,150,0.985655665397644,0.9797837734222412,0.005862954538315535,0.05372206121683121,1.3553656719269311,0.6776828359634656
seed-2,achilles,unconstrained,160,0.9856309294700623,0.9797077178955078,0.005914253182709217,0.05558495596051216,1.3613527991216556,0.6806763995608278
seed-2,achilles,unconstrained,170,0.9856200814247131,0.9796876311302185,0.0059235249646008015,0.056026700884103775,1.3626298050131123,0.6813149025065561
seed-2,achilles,unconstrained,180,0.9856112003326416,0.9796798825263977,0.005922362208366394,0.05625002458691597,1.3634656006741281,0.6817328003370641
seed-2,achilles,unconstrained,190,0.9856026768684387,0.9796736240386963,0.00592010747641325,0.05652177706360817,1.3643549425514738,0.6821774712757369
seed-2,achilles,unconstrained,200,0.9855955243110657,0.9796724319458008,0.0059141539968550205,0.0566033273935318,1.364597067013419,0.6822985335067095
seed-2,achilles,unconstrained,210,0.9855890274047852,0.9796711802482605,0.005908908322453499,0.0566868782043457,1.3649234518724769,0.6824617259362384
seed-2,achilles,unconstrained,220,0.9855830669403076,0.9796673059463501,0.005906826350837946,0.056856319308280945,1.3655202551921248,0.6827601275960624
seed-2,achilles,unconstrained,230,0.9855771660804749,0.9796628355979919,0.005905378609895706,0.05702720582485199,1.3661119312700756,0.6830559656350378
seed-2,achilles,unconstrained,240,0.9855712056159973,0.9796579480171204,0.005904302000999451,0.05721035599708557,1.3667575501701976,0.6833787750850988
seed-2,achilles,unconstrained,250,0.9855654239654541,0.9796527028083801,0.005903801415115595,0.0574180968105793,1.3674784988525956,0.6837392494262978
seed-2,achilles,unconstrained,260,0.9855597019195557,0.9796476364135742,0.005903105717152357,0.0576305016875267,1.3682101320969777,0.6841050660484889
seed-2,achilles,unconstrained,270,0.9855539798736572,0.9796427488327026,0.005902281496673822,0.05785011500120163,1.3689710662562793,0.6844855331281396
seed-2,achilles,unconstrained,280,0.9855482578277588,0.979637861251831,0.005901462864130735,0.0580822229385376,1.3697749016729517,0.6848874508364758
seed-2,achilles,unconstrained,290,0.9855426549911499,0.9796331524848938,0.005900588817894459,0.058326225727796555,1.3706150741419374,0.6853075370709687
seed-2,achilles,unconstrained,300,0.9855372905731201,0.9796286225318909,0.005899752490222454,0.05858267843723297,1.3715008998884366,0.6857504499442183
seed-2,buddy,hard_spectral,10,1.0777097940444946,1.073582410812378,0.004120910074561834,0.0,0.9980009582739713,0.49900047913698564
seed-2,buddy,hard_spectral,20,1.0845729112625122,1.080652117729187,0.003914486616849899,0.0,0.9980009767779486,0.4990004883889743
seed-2,buddy,hard_spectral,30,1.0906555652618408,1.0869041681289673,0.003745329100638628,0.0,0.9980010652829097,0.49900053264145483
seed-2,buddy,hard_spectral,40,1.0959287881851196,1.0923155546188354,0.0036072363145649433,0.0,0.9980009658542319,0.49900048292711596
seed-2,buddy,hard_spectral,50,1.1004058122634888,1.0969047546386719,0.0034953809808939695,0.0,0.9980010358562458,0.4990005179281229
seed-2,buddy,hard_spectral,60,1.1041532754898071,1.1007425785064697,0.0034051435068249702,0.0,0.9980010181468227,0.49900050907341137
seed-2,buddy,hard_spectral,70,1.1072683334350586,1.1039305925369263,0.0033322947565466166,0.0,0.9980009873472692,0.4990004936736346
seed-2,buddy,hard_spectral,80,1.1098557710647583,1.1065771579742432,0.003273226786404848,0.0,0.9980010175173998,0.4990005087586999
seed-2,buddy,hard_spectral,90,1.1120109558105469,1.1087807416915894,0.0032250150106847286,0.0,0.99800108687937,0.499000543439685
seed-2,buddy,hard_spectral,100,1.1138156652450562,1.110625147819519,0.0031853574328124523,0.0,0.9980009069897212,0.4990004534948606
seed-2,buddy,hard_spectral,110,1.1153358221054077,1.1121783256530762,0.003152477787807584,0.0,0.9980009910624849,0.4990004955312424
seed-2,buddy,hard_spectral,120,1.116623878479004,1.1134939193725586,0.0031250142492353916,0.0,0.9980010722982187,0.49900053614910933
seed-2,buddy,hard_spectral,130,1.1177215576171875,1.114614725112915,0.0031019202433526516,0.0,0.9980009198008454,0.4990004599004227
seed-2,buddy,hard_spectral,140,1.1186617612838745,1.115574598312378,0.00308238435536623,0.0,0.9980009251354303,0.49900046256771513
seed-2,buddy,hard_spectral,150,1.1194703578948975,1.1163997650146484,0.0030657716561108828,0.0,0.9980010404140943,0.49900052020704716
seed-2,buddy,hard_spectral,160,1.1201685667037964,1.1171122789382935,0.0030515831895172596,0.0,0.9980009598878795,0.49900047994393976
seed-2,buddy,hard_spectral,170,1.120773434638977,1.1177294254302979,0.003039417788386345,0.0,0.998000932160031,0.4990004660800155
seed-2,buddy,hard_spectral,180,1.1212992668151855,1.1182656288146973,0.0030289546120911837,0.0,0.9980009982074679,0.49900049910373395
seed-2,buddy,hard_spectral,190,1.12175714969635,1.1187326908111572,0.00301993521861732,0.0,0.9980009157656218,0.4990004578828109
seed-2,buddy,hard_spectral,200,1.1221572160720825,1.1191405057907104,0.0030121447052806616,0.0,0.9980010552427045,0.4990005276213523
seed-2,buddy,hard_spectral,210,1.1225072145462036,1.119497299194336,0.0030054065864533186,0.0,0.9980009138763903,0.49900045693819517
seed-2,buddy,hard_spectral,220,1.122814416885376,1.1198103427886963,0.0029995739459991455,0.0,0.9980010117540624,0.4990005058770312
seed-2,buddy,hard_spectral,230,1.1230840682983398,1.1200851202011108,0.0029945247806608677,0.0,0.9980009581737004,0.4990004790868502
seed-2,buddy,hard_spectral,240,1.1233216524124146,1.120327115058899,0.0029901517555117607,0.0,0.9980009863051463,0.49900049315257317
seed-2,buddy,hard_spectral,250,1.1235313415527344,1.1205406188964844,0.002986365929245949,0.0,0.9980010202939964,0.4990005101469982
seed-2,buddy,hard_spectral,260,1.123716950416565,1.1207294464111328,0.0029830867424607277,0.0,0.9980010042410095,0.49900050212050473
seed-2,buddy,hard_spectral,270,1.1238818168640137,1.1208971738815308,0.0029802497010678053,0.0,0.9980009554616518,0.4990004777308259
seed-2,buddy,hard_spectral,280,1.1240290403366089,1.121046781539917,0.002977792639285326,0.0,0.9980010370419665,0.49900051852098326
seed-2,buddy,hard_spectral,290,1.124160885810852,1.121180772781372,0.0029756631702184677,0.0,0.9980010542802777,0.49900052714013887
seed-2,buddy,hard_spectral,300,1.1242800951004028,1.1213018894195557,0.0029738140292465687,0.0,0.9980009287512589,0.49900046437562945
seed-2,buddy,soft_spectral,10,1.06594717502594,1.0585339069366455,0.00454001035541296,0.0002866489812731743,1.0261449401890372,0.5130724700945186
seed-2,buddy,soft_spectral,20,1.0649924278259277,1.0535916090011597,0.004662439227104187,0.0006731485482305288,1.0376104085993796,0.5188052042996898
seed-2,buddy,soft_spectral,30,1.0649628639221191,1.0531625747680664,0.004671080969274044,0.0007122315000742674,1.0385031751606841,0.5192515875803421
seed-2,buddy,soft_spectral,40,1.0649863481521606,1.0540034770965576,0.004649451933801174,0.0006326604634523392,1.0353377058274675,0.5176688529137338
seed-2,buddy,soft_spectral,50,1.06486976146698,1.0547535419464111,0.004630327224731445,0.0005478928796947002,1.033067700458652,0.516533850229326
seed-2,buddy,soft_spectral,60,1.0648149251937866,1.0549895763397217,0.004625724162906408,0.0005192701355554163,1.0323979449918719,0.5161989724959359
seed-2,buddy,soft_spectral,70,1.06479811668396,1.0548968315124512,0.004626062233000994,0.0005268316017463803,1.0327017816539295,0.5163508908269647
seed-2,buddy,soft_spectral,80,1.0647687911987305,1.0547593832015991,0.004628827329725027,0.0005373685271479189,1.0330770176863218,0.5165385088431609
seed-2,buddy,soft_spectral,90,1.0647929906845093,1.0546778440475464,0.004633157979696989,0.0005475041689351201,1.0332728693350646,0.5166364346675323
seed-2,buddy,soft_spectral,100,1.0647655725479126,1.0546207427978516,0.004631708841770887,0.0005506140296347439,1.0335248475396412,0.5167624237698206
seed-2,buddy,soft_spectral,110,1.0647855997085571,1.0546071529388428,0.004632594995200634,0.0005538942059502006,1.033664701660543,0.5168323508302715
seed-2,buddy,soft_spectral,120,1.064820647239685,1.0546514987945557,0.004629928153008223,0.0005532216746360064,1.0337273479055558,0.5168636739527779
seed-2,buddy,soft_spectral,130,1.0648744106292725,1.054718255996704,0.004629659932106733,0.0005519588012248278,1.0332460090696172,0.5166230045348086
seed-2,buddy,soft_spectral,140,1.0648918151855469,1.0547038316726685,0.004629768896847963,0.0005551341455429792,1.0332906604311771,0.5166453302155886
seed-2,buddy,soft_spectral,150,1.0648655891418457,1.054714560508728,0.004629824310541153,0.0005514284130185843,1.0332494245748889,0.5166247122874444
seed-2,buddy,soft_spectral,160,1.0648337602615356,1.0547003746032715,0.004630711395293474,0.0005495812511071563,1.033176959777667,0.5165884798888335
seed-2,buddy,soft_spectral,170,1.0646487474441528,1.054661750793457,0.004631328862160444,0.0005348805570974946,1.0328608148110128,0.5164304074055064
seed-2,buddy,soft_spectral,180,1.0647978782653809,1.0545859336853027,0.004632323514670134,0.0005572710069827735,1.0334791649891713,0.5167395824945856
seed-2,buddy,soft_spectral,190,1.0647509098052979,1.054599404335022,0.004632061347365379,0.0005512423231266439,1.033496642889743,0.5167483214448715
seed-2,buddy,soft_spectral,200,1.0650326013565063,1.054640769958496,0.004630030132830143,0.0005754774902015924,1.0336743098855485,0.5168371549427743
seed-2,buddy,soft_spectral,210,1.064849853515625,1.0547291040420532,0.004629803821444511,0.0005484027788043022,1.0334219687779724,0.5167109843889862
seed-2,buddy,soft_spectral,220,1.0648784637451172,1.0548030138015747,0.004628058522939682,0.0005440510576590896,1.0333246052900138,0.5166623026450069
seed-2,buddy,soft_spectral,230,1.0646973848342896,1.0547924041748047,0.004627530928701162,0.0005270436522550881,1.0328045495615397,0.5164022747807698
seed-2,buddy,soft_spectral,240,1.0647743940353394,1.0547072887420654,0.004629866220057011,0.0005430284654721618,1.0333292532021303,0.5166646266010652
seed-2,buddy,soft_spectral,250,1.0648185014724731,1.0546272993087769,0.004633020609617233,0.0005551211652345955,1.033448342386734,0.516724171193367
seed-2,buddy,soft_spectral,260,1.064793348312378,1.0546183586120605,0.004631833638995886,0.0005536190583370626,1.033655135371193,0.5168275676855965
seed-2,buddy,soft_spectral,270,1.0648096799850464,1.0546494722366333,0.00463115144520998,0.0005522188730537891,1.0332757008092168,0.5166378504046084
seed-2,buddy,soft_spectral,280,1.064942479133606,1.0546660423278809,0.004631912801414728,0.0005637694848701358,1.0332767148613844,0.5166383574306922
seed-2,buddy,soft_spectral,290,1.0649889707565308,1.0547125339508057,0.004629755392670631,0.0005639803130179644,1.0334768110853307,0.5167384055426654
seed-2,buddy,soft_spectral,300,1.064756155014038,1.0547516345977783,0.004629337694495916,0.0005368239944800735,1.0328891523135026,0.5164445761567513
seed-2,buddy,unconstrained,10,1.061115026473999,1.0565961599349976,0.004512068349868059,0.0012127698864787817,1.0557740527326809,0.5278870263663404
seed-2,buddy,unconstrained,20,1.0495283603668213,1.0447673797607422,0.004753890447318554,0.005810074042528868,1.1169955292353861,0.5584977646176931
seed-2,buddy,unconstrained,30,1.037792444229126,1.0327060222625732,0.005079177673906088,0.014122456312179565,1.181711483101385,0.5908557415506925
seed-2,buddy,unconstrained,40,1.027650237083435,1.0221505165100098,0.005492380354553461,0.026051070541143417,1.2478414412491998,0.6239207206245999
seed-2,buddy,unconstrained,50,1.0213465690612793,1.0154012441635132,0.005937641020864248,0.040245696902275085,1.3094435600487624,0.6547217800243812
seed-2,buddy,unconstrained,60,1.0189353227615356,1.0126643180847168,0.006263202056288719,0.05180223658680916,1.3502462425313364,0.6751231212656682
seed-2,buddy,unconstrained,70,1.0172029733657837,1.0108227729797363,0.006372289266437292,0.05398876219987869,1.3547094081469682,0.6773547040734841
seed-2,buddy,unconstrained,80,1.014804482460022,1.0084277391433716,0.00636874558404088,0.05012238025665283,1.3400720187958437,0.6700360093979219
seed-2,buddy,unconstrained,90,1.0120347738265991,1.0056400299072266,0.006386719644069672,0.046382077038288116,1.3266573429294433,0.6633286714647216
seed-2,buddy,unconstrained,100,1.0087487697601318,1.0022608041763306,0.006479857489466667,0.044007107615470886,1.3178922160629163,0.6589461080314581
seed-2,buddy,unconstrained,110,1.0048507452011108,0.9981842637062073,0.006658218801021576,0.04210216924548149,1.3104356019535608,0.6552178009767804
seed-2,buddy,unconstrained,120,1.0005558729171753,0.993614137172699,0.006933338474482298,0.04017411172389984,1.3027647487422982,0.6513823743711491
seed-2,buddy,unconstrained,130,0.9966478943824768,0.9893196821212769,0.0073196906596422195,0.039251528680324554,1.3006477820331068,0.6503238910165534
seed-2,buddy,unconstrained,140,0.994225263595581,0.9864528775215149,0.007763755973428488,0.0460033193230629,1.3296826364583383,0.6648413182291691
seed-2,buddy,unconstrained,150,0.9931654334068298,0.9850557446479797,0.008100946433842182,0.052452269941568375,1.3511277170068126,0.6755638585034063
seed-2,buddy,unconstrained,160,0.9927412271499634,0.984460711479187,0.008271606639027596,0.05415116995573044,1.3564757754998458,0.6782378877499229
seed-2,buddy,unconstrained,170,0.9926611185073853,0.9842920899391174,0.008360132575035095,0.055431462824344635,1.361093395904852,0.680546697952426
seed-2,buddy,unconstrained,180,0.9926385283470154,0.9842175841331482,0.008412031456828117,0.056642960757017136,1.36512633681251,0.682563168406255
seed-2,buddy,unconstrained,190,0.9926224946975708,0.9841917157173157,0.008421827107667923,0.057169608771800995,1.3666220355114247,0.6833110177557123
seed-2,buddy,unconstrained,200,0.9926034212112427,0.9841926097869873,0.008401846513152122,0.056957222521305084,1.3657418837690058,0.6828709418845029
seed-2,buddy,unconstrained,210,0.9925869107246399,0.9841963648796082,0.008381644263863564,0.056737929582595825,1.3650709181733174,0.6825354590866587
seed-2,buddy,unconstrained,220,0.9925720691680908,0.984192430973053,0.008370728231966496,0.05683007463812828,1.3654380974941864,0.6827190487470932
seed-2,buddy,unconstrained,230,0.9925575852394104,0.9841846227645874,0.008364065550267696,0.056997545063495636,1.36599044497289,0.682995222486445
seed-2,buddy,unconstrained,240,0.9925428032875061,0.9841744303703308,0.008359404280781746,0.05717873573303223,1.3666243065694552,0.6833121532847276
seed-2,buddy,unconstrained,250,0.9925275444984436,0.9841617345809937,0.008356870152056217,0.057456277310848236,1.3675956267836826,0.6837978133918413
seed-2,buddy,unconstrained,260,0.9925118684768677,0.9841480255126953,0.008354902267456055,0.05779321491718292,1.368747992061493,0.6843739960307464
seed-2,buddy,unconstrained,270,0.9924958348274231,0.9841347932815552,0.008352075703442097,0.05815283954143524,1.3699795184935908,0.6849897592467954
seed-2,buddy,unconstrained,280,0.9924792647361755,0.9841217994689941,0.008348518051207066,0.058549873530864716,1.3713438589043117,0.6856719294521558
seed-2,buddy,unconstrained,290,0.992462158203125,0.984108567237854,0.008344626985490322,0.05899132043123245,1.3728594766161606,0.6864297383080803
seed-2,buddy,unconstrained,300,0.9924445748329163,0.9840951561927795,0.008340454660356045,0.05947497859597206,1.3745172279162423,0.6872586139581212
seed-2,cicero,hard_spectral,10,1.0787049531936646,1.0733376741409302,0.005360860843211412,0.0,0.9980010442792348,0.4990005221396174
seed-2,cicero,hard_spectral,20,1.0859806537628174,1.0808632373809814,0.005111085716634989,0.0,0.9980010051272898,0.4990005025636449
seed-2,cicero,hard_spectral,30,1.0926735401153564,1.087766170501709,0.004901271779090166,0.0,0.9980010554355554,0.4990005277177777
seed-2,cicero,hard_spectral,40,1.0986207723617554,1.093887448310852,0.004727412015199661,0.0,0.9980009076634319,0.49900045383171593
seed-2,cicero,hard_spectral,50,1.103758692741394,1.0991679430007935,0.004585059825330973,0.0,0.9980009058494059,0.49900045292470296
seed-2,cicero,hard_spectral,60,1.1081198453903198,1.1036450862884521,0.004469152539968491,0.0,0.9980009807215143,0.49900049036075717
seed-2,cicero,hard_spectral,70,1.1117908954620361,1.1074106693267822,0.004374700598418713,0.0,0.9980010147931151,0.49900050739655755
seed-2,cicero,hard_spectral,80,1.114875078201294,1.1105724573135376,0.004297324921935797,0.0,0.998000894716325,0.4990004473581625
seed-2,cicero,hard_spectral,90,1.1174726486206055,1.113234043121338,0.004233435727655888,0.0,0.998000957780399,0.4990004788901995
seed-2,cicero,hard_spectral,100,1.1196714639663696,1.1154862642288208,0.004180183168500662,0.0,0.9980009634285063,0.49900048171425315
seed-2,cicero,hard_spectral,110,1.1215447187423706,1.1174044609069824,0.004135360475629568,0.0,0.9980009831856119,0.49900049159280596
seed-2,cicero,hard_spectral,120,1.1231521368026733,1.1190500259399414,0.004097260534763336,0.0,0.9980009004070689,0.49900045020353445
seed-2,cicero,hard_spectral,130,1.1245412826538086,1.1204719543457031,0.004064575303345919,0.0,0.9980009459283967,0.49900047296419836
seed-2,cicero,hard_spectral,140,1.1257505416870117,1.1217095851898193,0.004036297556012869,0.0,0.9980010262628731,0.49900051313143656
seed-2,cicero,hard_spectral,150,1.1268101930618286,1.1227939128875732,0.004011640790849924,0.0,0.9980009935016279,0.4990004967508139
seed-2,cicero,hard_spectral,160,1.1277445554733276,1.12375009059906,0.003989984281361103,0.0,0.9980010307838688,0.4990005153919344
seed-2,cicero,hard_spectral,170,1.1285736560821533,1.1245982646942139,0.003970836754888296,0.0,0.9980009697466397,0.4990004848733198
seed-2,cicero,hard_spectral,180,1.129313588142395,1.1253552436828613,0.003953796811401844,0.0,0.9980011343434911,0.49900056717174557
seed-2,cicero,hard_spectral,190,1.1299775838851929,1.1260346174240112,0.00393854221329093,0.0,0.9980010678837776,0.4990005339418888
seed-2,cicero,hard_spectral,200,1.1305769681930542,1.126647710800171,0.0039248052053153515,0.0,0.9980010412971266,0.4990005206485633
seed-2,cicero,hard_spectral,210,1.1311209201812744,1.127204179763794,0.003912363201379776,0.0,0.9980010164529782,0.4990005082264891
seed-2,cicero,hard_spectral,220,1.1316173076629639,1.1277118921279907,0.0039010322652757168,0.0,0.9980009564538624,0.4990004782269312
seed-2,cicero,hard_spectral,230,1.1320726871490479,1.1281776428222656,0.0038906512781977654,0.0,0.9980009726840248,0.4990004863420124
seed-2,cicero,hard_spectral,240,1.1324931383132935,1.1286077499389648,0.003881086129695177,0.0,0.998001069108817,0.4990005345544085
seed-2,cicero,hard_spectral,250,1.1328837871551514,1.1290072202682495,0.0038722187746316195,0.0,0.9980009453715368,0.4990004726857684
seed-2,cicero,hard_spectral,260,1.1332486867904663,1.129380464553833,0.0038639476988464594,0.0,0.9980010296087476,0.4990005148043738
seed-2,cicero,hard_spectral,270,1.1335923671722412,1.1297318935394287,0.0038561797700822353,0.0,0.9980009818886825,0.49900049094434124
seed-2,cicero,hard_spectral,280,1.1339178085327148,1.1300647258758545,0.0038488360587507486,0.0,0.998000952913974,0.499000476456987
seed-2,cicero,hard_spectral,290,1.1342287063598633,1.1303825378417969,0.003841844154521823,0.0,0.9980009320517395,0.4990004660258697
seed-2,cicero,hard_spectral,300,1.134527564048767,1.130688190460205,0.0038351400289684534,0.0,0.9980010934818186,0.4990005467409093
seed-2,cicero,soft_spectral,10,1.066456913948059,1.0578794479370117,0.005882441997528076,0.00026882177917286754,1.025725031863868,0.512862515931934
seed-2,cicero,soft_spectral,20,1.0660065412521362,1.052899956703186,0.006043984089046717,0.0007055690512061119,1.0382207448583642,0.5191103724291821
seed-2,cicero,soft_spectral,30,1.065744161605835,1.0526074171066284,0.006052582059055567,0.0007077273912727833,1.0378055092316099,0.5189027546158049
seed-2,cicero,soft_spectral,40,1.0656877756118774,1.0535473823547363,0.006021794397383928,0.0006111764814704657,1.0349358992857627,0.5174679496428813
seed-2,cicero,soft_spectral,50,1.0657912492752075,1.0542283058166504,0.005999785847961903,0.0005556205287575722,1.0332723824962935,0.5166361912481467
seed-2,cicero,soft_spectral,60,1.0657703876495361,1.0544770956039429,0.005991682875901461,0.0005294703878462315,1.0327687421400658,0.5163843710700329
seed-2,cicero,soft_spectral,70,1.0655356645584106,1.0543768405914307,0.005993902217596769,0.000515809515491128,1.0327560686247101,0.5163780343123551
seed-2,cicero,soft_spectral,80,1.0654716491699219,1.054190993309021,0.005999349988996983,0.0005274447612464428,1.0330302312843627,0.5165151156421813
seed-2,cicero,soft_spectral,90,1.0654948949813843,1.0540324449539185,0.006003620568662882,0.0005451882025226951,1.0332128898785125,0.5166064449392562
seed-2,cicero,soft_spectral,100,1.0655019283294678,1.0540039539337158,0.006005467381328344,0.0005485537694767118,1.0333012668916552,0.5166506334458276
seed-2,cicero,soft_spectral,110,1.0656026601791382,1.0540624856948853,0.0060027469880878925,0.0005530422204174101,1.0333770225434127,0.5166885112717063
seed-2,cicero,soft_spectral,120,1.0655890703201294,1.0541414022445679,0.006000535096973181,0.0005440260865725577,1.033299100255638,0.516649550127819
seed-2,cicero,soft_spectral,130,1.0655617713928223,1.054141879081726,0.006001113448292017,0.0005411809543147683,1.032921255195659,0.5164606275978295
seed-2,cicero,soft_spectral,140,1.0654852390289307,1.0541120767593384,0.006001872010529041,0.0005364363314583898,1.0331775196432857,0.5165887598216429
seed-2,cicero,soft_spectral,150,1.0655453205108643,1.0540608167648315,0.00600284431129694,0.0005474674981087446,1.0331340079749667,0.5165670039874833
seed-2,cicero,soft_spectral,160,1.0655871629714966,1.054030179977417,0.006004087161272764,0.0005545932799577713,1.0335334317954379,0.5167667158977189
seed-2,cicero,soft_spectral,170,1.065412998199463,1.054042100906372,0.0060042208060622215,0.0005359739298000932,1.0331361194310154,0.5165680597155077
seed-2,cicero,soft_spectral,180,1.0656875371932983,1.05403470993042,0.006004972383379936,0.0005640956806018949,1.0336304686342763,0.5168152343171382
seed-2,cicero,soft_spectral,190,1.0656139850616455,1.054074764251709,0.006003193557262421,0.000552921264898032,1.0337376823393993,0.5168688411696997
seed-2,cicero,soft_spectral,200,1.06553053855896,1.054101824760437,0.006000801455229521,0.000542108085937798,1.0332109336684692,0.5166054668342346
seed-2,cicero,soft_spectral,210,1.0654841661453247,1.05409574508667,0.006001495756208897,0.0005380064249038696,1.0333481301859884,0.5166740650929942
seed-2,cicero,soft_spectral,220,1.0654369592666626,1.0540781021118164,0.00600206945091486,0.0005349860293790698,1.0330766969623388,0.5165383484811694
seed-2,cicero,soft_spectral,230,1.0654633045196533,1.0540192127227783,0.0060045854188501835,0.0005432600737549365,1.0331043310083616,0.5165521655041808
seed-2,cicero,soft_spectral,240,1.0654038190841675,1.0539591312408447,0.006005093455314636,0.0005432784091681242,1.0331120510256433,0.5165560255128216
seed-2,cicero,soft_spectral,250,1.0654042959213257,1.0539522171020508,0.006006872747093439,0.0005438297521322966,1.0331941637671507,0.5165970818835753
seed-2,cicero,soft_spectral,260,1.0654547214508057,1.0539274215698242,0.006008499301970005,0.0005511936615221202,1.0334447741670076,0.5167223870835038
seed-2,cicero,soft_spectral,270,1.065576434135437,1.053911805152893,0.006006873212754726,0.0005650919047184289,1.0340167004768432,0.5170083502384216
seed-2,cicero,soft_spectral,280,1.0655301809310913,1.0539613962173462,0.00600531417876482,0.0005556528922170401,1.033552461131005,0.5167762305655025
seed-2,cicero,soft_spectral,290,1.065445065498352,1.0540341138839722,0.006005753297358751,0.0005398290231823921,1.0330014996213628,0.5165007498106814
seed-2,cicero,soft_spectral,300,1.065455436706543,1.0540021657943726,0.0060046701692044735,0.0005441618850454688,1.0331508382597703,0.5165754191298851
seed-2,cicero,unconstrained,10,1.0622221231460571,1.056344985961914,0.005870311986654997,0.0012112262193113565,1.0557472028036938,0.5278736014018469
seed-2,cicero,unconstrained,20,1.0513006448745728,1.0450776815414429,0.006215901579707861,0.005856790114194155,1.1175378596992063,0.5587689298496031
seed-2,cicero,unconstrained,30,1.0406078100204468,1.033926010131836,0.006674478761851788,0.014321903698146343,1.1830388825623133,0.5915194412811566
seed-2,cicero,unconstrained,40,1.0318915843963623,1.0246360301971436,0.0072481147944927216,0.0261400006711483,1.2479354940443974,0.6239677470221987
seed-2,cicero,unconstrained,50,1.026847243309021,1.0190051794052124,0.007834377698600292,0.03850158676505089,1.3009484816370804,0.6504742408185402
seed-2,cicero,unconstrained,60,1.0240517854690552,1.015862226486206,0.008181781508028507,0.044803082942962646,1.3221269649950227,0.6610634824975113
seed-2,cicero,unconstrained,70,1.0206518173217773,1.0123881101608276,0.008255809545516968,0.042977042496204376,1.3130388683354115,0.6565194341677058
seed-2,cicero,unconstrained,80,1.0163215398788452,1.0080158710479736,0.008297679014503956,0.03871393948793411,1.2958310300243463,0.6479155150121731
seed-2,cicero,unconstrained,90,1.0110890865325928,1.0026217699050903,0.00845920667052269,0.034966278821229935,1.2803639011425247,0.6401819505712624
seed-2,cicero,unconstrained,100,1.005199670791626,0.9963918924331665,0.008799565024673939,0.031945303082466125,1.2674251104670735,0.6337125552335368
seed-2,cicero,unconstrained,110,0.9999210834503174,0.9905782341957092,0.009334470145404339,0.032673634588718414,1.2756876349426463,0.6378438174713231
seed-2,cicero,unconstrained,120,0.9966145157814026,0.9866749048233032,0.009931011125445366,0.044733285903930664,1.3249550735308038,0.6624775367654019
seed-2,cicero,unconstrained,130,0.9948017597198486,0.9844154119491577,0.010377672500908375,0.0514272078871727,1.3478877601922694,0.6739438800961347
seed-2,cicero,unconstrained,140,0.9939775466918945,0.9832892417907715,0.010679465718567371,0.05459186062216759,1.358364603671887,0.6791823018359435
seed-2,cicero,unconstrained,150,0.9937087893486023,0.9828261733055115,0.010873735882341862,0.05670053884387016,1.3658247305883608,0.6829123652941804
seed-2,cicero,unconstrained,160,0.9936355948448181,0.9826419949531555,0.010984743945300579,0.05908285826444626,1.3739279013667933,0.6869639506833967
seed-2,cicero,unconstrained,170,0.9936058521270752,0.9825612306594849,0.011035695672035217,0.06070373207330704,1.3789896238216082,0.6894948119108041
seed-2,cicero,unconstrained,180,0.993584394454956,0.9825425148010254,0.011032931506633759,0.061177775263786316,1.3803233523623044,0.6901616761811522
seed-2,cicero,unconstrained,190,0.9935662150382996,0.9825441241264343,0.011013141833245754,0.06131448596715927,1.3807828012713543,0.6903914006356772
seed-2,cicero,unconstrained,200,0.9935511350631714,0.9825452566146851,0.010996917262673378,0.06153126433491707,1.3815091642571202,0.6907545821285601
seed-2,cicero,unconstrained,210,0.9935377836227417,0.9825451970100403,0.010983651503920555,0.06172956898808479,1.3821352633881459,0.6910676316940729
seed-2,cicero,unconstrained,220,0.9935250282287598,0.9825420379638672,0.010974048636853695,0.06188710033893585,1.3826442078521912,0.6913221039260956
seed-2,cicero,unconstrained,230,0.9935122728347778,0.9825354814529419,0.01096786092966795,0.062081478536129,1.3832936006117897,0.6916468003058949
seed-2,cicero,unconstrained,240,0.9934995770454407,0.9825267791748047,0.010963836684823036,0.062325384467840195,1.3840916341125515,0.6920458170562758
seed-2,cicero,unconstrained,250,0.9934868812561035,0.9825180768966675,0.010959883220493793,0.06257636845111847,1.3849015735055583,0.6924507867527792
seed-2,cicero,unconstrained,260,0.9934743046760559,0.9825099110603333,0.010955464094877243,0.06283753365278244,1.3857494366000846,0.6928747183000423
seed-2,cicero,unconstrained,270,0.9934617280960083,0.9825019240379333,0.010950892232358456,0.06312590092420578,1.3866836903905597,0.6933418451952799
seed-2,cicero,unconstrained,280,0.993449330329895,0.9824942350387573,0.01094609685242176,0.06343606859445572,1.3876846097369313,0.6938423048684657
seed-2,cicero,unconstrained,290,0.9934369921684265,0.9824867248535156,0.010941283777356148,0.06376934051513672,1.3887590671462837,0.6943795335731419
seed-2,cicero,unconstrained,300,0.9934247732162476,0.9824791550636292,0.01093664113432169,0.06413085758686066,1.3899220568483073,0.6949610284241536
seed-2,decoding,hard_spectral,10,1.080379843711853,1.0765460729599,0.003833118127658963,0.0,0.9980010440078574,0.4990005220039287
seed-2,decoding,hard_spectral,20,1.1157506704330444,1.112623691558838,0.0031266717705875635,0.0,0.9980010847839352,0.4990005423919676
seed-2,decoding,hard_spectral,30,1.1458172798156738,1.1432304382324219,0.0025866590440273285,0.0,0.9980009636717695,0.49900048183588475
seed-2,decoding,hard_spectral,40,1.1735097169876099,1.1713612079620361,0.002148424508050084,0.0,0.9980010733179571,0.49900053665897853
seed-2,decoding,hard_spectral,50,1.1965157985687256,1.1946914196014404,0.001824254053644836,0.0,0.9980009893788944,0.4990004946894472
seed-2,decoding,hard_spectral,60,1.2122772932052612,1.2106564044952393,0.0016208103625103831,0.0,0.998001098006065,0.4990005490030325
seed-2,decoding,hard_spectral,70,1.2214152812957764,1.219905138015747,0.0015101436292752624,0.0,0.9980009566762398,0.4990004783381199
seed-2,decoding,hard_spectral,80,1.2262012958526611,1.224745750427246,0.001455542049370706,0.0,0.9980010061408695,0.49900050307043475
seed-2,decoding,hard_spectral,90,1.228634238243103,1.2272040843963623,0.0014302022755146027,0.0,0.9980009497986616,0.4990004748993308
seed-2,decoding,hard_spectral,100,1.2299124002456665,1.2284934520721436,0.001418986706994474,0.0,0.9980009617574399,0.49900048087871995
seed-2,decoding,hard_spectral,110,1.2306554317474365,1.2292412519454956,0.0014141654828563333,0.0,0.9980009966172347,0.49900049830861737
seed-2,decoding,hard_spectral,120,1.2311588525772095,1.2297468185424805,0.001412006327882409,0.0,0.9980010607224672,0.4990005303612336
seed-2,decoding,hard_spectral,130,1.2315529584884644,1.2301421165466309,0.00141082180198282,0.0,0.9980009697010545,0.4990004848505272
seed-2,decoding,hard_spectral,140,1.2318898439407349,1.2304799556732178,0.0014099223772063851,0.0,0.9980009533103693,0.49900047665518465
seed-2,decoding,hard_spectral,150,1.2321882247924805,1.2307791709899902,0.0014090758049860597,0.0,0.9980009093623506,0.4990004546811753
seed-2,decoding,hard_spectral,160,1.2324554920196533,1.23104727268219,0.0014082405250519514,0.0,0.9980009841069986,0.4990004920534993
seed-2,decoding,hard_spectral,170,1.232696771621704,1.2312893867492676,0.0014074408682063222,0.0,0.9980009920686792,0.4990004960343396
seed-2,decoding,hard_spectral,180,1.2329192161560059,1.2315125465393066,0.0014067132724449039,0.0,0.9980010249429501,0.49900051247147503
seed-2,decoding,hard_spectral,190,1.233132243156433,1.2317261695861816,0.0014060845132917166,0.0,0.9980010031804722,0.4990005015902361
seed-2,decoding,hard_spectral,200,1.2333484888076782,1.231942892074585,0.0014055665815249085,0.0,0.998001005392658,0.499000502696329
seed-2,decoding,hard_spectral,210,1.2335811853408813,1.2321760654449463,0.0014051594771444798,0.0,0.9980010235402098,0.4990005117701049
seed-2,decoding,hard_spectral,220,1.2338401079177856,1.2324352264404297,0.0014048590091988444,0.0,0.9980009979411752,0.4990004989705876
seed-2,decoding,hard_spectral,230,1.2341278791427612,1.2327232360839844,0.001404667622409761,0.0,0.9980010219664982,0.4990005109832491
seed-2,decoding,hard_spectral,240,1.2344378232955933,1.2330331802368164,0.0014046011492609978,0.0,0.9980009905617244,0.4990004952808622
seed-2,decoding,hard_spectral,250,1.2347522974014282,1.2333476543426514,0.0014046867145225406,0.0,0.998000918566601,0.4990004592833005
seed-2,decoding,hard_spectral,260,1.2350497245788574,1.233644723892212,0.0014049547025933862,0.0,0.998000938943536,0.499000469471768
seed-2,decoding,hard_spectral,270,1.2353073358535767,1.233901858329773,0.001405425718985498,0.0,0.9980009832000633,0.4990004916000316
seed-2,decoding,hard_spectral,280,1.235507607460022,1.2341015338897705,0.0014061019755899906,0.0,0.9980010080671072,0.4990005040335536
seed-2,decoding,hard_spectral,290,1.2356410026550293,1.234234094619751,0.0014069639146327972,0.0,0.9980009810694135,0.49900049053470674
seed-2,decoding,hard_spectral,300,1.2357054948806763,1.234297513961792,0.0014079725369811058,0.0,0.9980009328215326,0.4990004664107663
seed-2,decoding,soft_spectral,10,1.0378046035766602,1.014153003692627,0.005215766374021769,0.0018435090314596891,1.0525170665933188,0.5262585332966594
seed-2,decoding,soft_spectral,20,1.0334694385528564,1.0154112577438354,0.005142667330801487,0.0012914747931063175,1.0532404700492257,0.5266202350246129
seed-2,decoding,soft_spectral,30,1.0321061611175537,1.0173070430755615,0.0051048267632722855,0.0009693572064861655,1.0420472969203523,0.5210236484601761
seed-2,decoding,soft_spectral,40,1.0302006006240845,1.0150063037872314,0.005162706132978201,0.001003081677481532,1.0453168931820507,0.5226584465910253
seed-2,decoding,soft_spectral,50,1.0286041498184204,1.0112504959106445,0.005252222064882517,0.00121006416156888,1.0512915093882491,0.5256457546941246
seed-2,decoding,soft_spectral,60,1.0287238359451294,1.0101029872894287,0.005295188631862402,0.0013325016479939222,1.053657660493223,0.5268288302466115
seed-2,decoding,soft_spectral,70,1.0304622650146484,1.0110628604888916,0.005255304742604494,0.0014143374282866716,1.0519529138730246,0.5259764569365123
seed-2,decoding,soft_spectral,80,1.02814519405365,1.0135326385498047,0.005201714113354683,0.0009410085622221231,1.0428970217125058,0.5214485108562529
seed-2,decoding,soft_spectral,90,1.0282635688781738,1.0120586156845093,0.005239321384578943,0.0010964873945340514,1.04698598789457,0.523492993947285
seed-2,decoding,soft_spectral,100,1.0314404964447021,1.0108861923217773,0.005269384011626244,0.0015284147812053561,1.0531836130494567,0.5265918065247284
seed-2,decoding,soft_spectral,110,1.0291529893875122,1.0129348039627075,0.005219721235334873,0.0010997792705893517,1.0467267689041588,0.5233633844520794
seed-2,decoding,soft_spectral,120,1.0300382375717163,1.0142794847488403,0.005203672219067812,0.0010554370237514377,1.0432785229219206,0.5216392614609603
seed-2,decoding,soft_spectral,130,1.0293617248535156,1.0123109817504883,0.005239657126367092,0.0011810366995632648,1.0519700218654915,0.5259850109327457
seed-2,decoding,soft_spectral,140,1.029538631439209,1.0125762224197388,0.005240534897893667,0.0011721090413630009,1.0480864764496292,0.5240432382248146
seed-2,decoding,soft_spectral,150,1.0304834842681885,1.012293815612793,0.0052302381955087185,0.0012958808802068233,1.050568266796139,0.5252841333980695
seed-2,decoding,soft_spectral,160,1.0278397798538208,1.0126368999481201,0.005214566830545664,0.0009987552184611559,1.0463125079126343,0.5231562539563172
seed-2,decoding,soft_spectral,170,1.0281550884246826,1.011838674545288,0.005240678787231445,0.0011075035436078906,1.0510731193000598,0.5255365596500299
seed-2,decoding,soft_spectral,180,1.029213309288025,1.011870265007019,0.0052439249120652676,0.0012098427396267653,1.0485986890852752,0.5242993445426376
seed-2,decoding,soft_spectral,190,1.0281801223754883,1.011962652206421,0.005255917087197304,0.0010960816871374846,1.0477855843454338,0.5238927921727169
seed-2,decoding,soft_spectral,200,1.0281094312667847,1.0114322900772095,0.005257332231849432,0.0011419071815907955,1.049713469609754,0.524856734804877
seed-2,decoding,soft_spectral,210,1.0293446779251099,1.011339545249939,0.005255246534943581,0.0012749222805723548,1.051735415211575,0.5258677076057875
seed-2,decoding,soft_spectral,220,1.0292003154754639,1.01193106174469,0.005225990898907185,0.0012042466551065445,1.049367528135972,0.524683764067986
seed-2,decoding,soft_spectral,230,1.0276776552200317,1.0124402046203613,0.005227128509432077,0.0010009614052250981,1.047085597030197,0.5235427985150986
seed-2,decoding,soft_spectral,240,1.0288628339767456,1.011576533317566,0.005249606445431709,0.001203601947054267,1.0503423574958597,0.5251711787479298
seed-2,decoding,soft_spectral,250,1.0279935598373413,1.012125015258789,0.005231949966400862,0.0010635827202349901,1.0489027229215655,0.5244513614607828
seed-2,decoding,soft_spectral,260,1.0293381214141846,1.0119245052337646,0.005236650351434946,0.0012176312739029527,1.052569495667893,0.5262847478339465
seed-2,decoding,soft_spectral,270,1.0312092304229736,1.0135780572891235,0.005201350431889296,0.0012429093476384878,1.0477948495925649,0.5238974247962824
seed-2,decoding,soft_spectral,280,1.0306307077407837,1.0146540403366089,0.005177654791623354,0.0010798319708555937,1.0437814762686255,0.5218907381343127
seed-2,decoding,soft_spectral,290,1.0292537212371826,1.0139665603637695,0.005188607145100832,0.0010097899939864874,1.048838147640426,0.524419073820213
seed-2,decoding,soft_spectral,300,1.0317367315292358,1.0127894878387451,0.005223507061600685,0.0013723073061555624,1.052750951616209,0.5263754758081045
seed-2,decoding,unconstrained,10,0.9169708490371704,0.9087371826171875,0.00823289342224598,0.06388816982507706,1.4365123191090268,0.7182561595545134
seed-2,decoding,unconstrained,20,0.8905839920043945,0.8777915239334106,0.012791694141924381,0.10839887708425522,1.5174813416382706,0.7587406708191353
seed-2,decoding,unconstrained,30,0.8824470043182373,0.8696585297584534,0.012787697836756706,0.11464488506317139,1.5394308076006367,0.7697154038003183
seed-2,decoding,unconstrained,40,0.8783134818077087,0.8647438883781433,0.013568834401667118,0.11726151406764984,1.5527727148681134,0.7763863574340567
seed-2,decoding,unconstrained,50,0.877587080001831,0.8643224835395813,0.013263809494674206,0.11360220611095428,1.5249293128949348,0.7624646564474674
seed-2,decoding,unconstrained,60,0.8772897720336914,0.8640281558036804,0.013260850682854652,0.10463442653417587,1.5135749773282732,0.7567874886641366
seed-2,decoding,unconstrained,70,0.8771162033081055,0.8636599779129028,0.013455471955239773,0.10983633995056152,1.5235544747001666,0.7617772373500833
seed-2,decoding,unconstrained,80,0.8770695924758911,0.8637306094169617,0.013338197022676468,0.10989890992641449,1.5235690765805077,0.7617845382902538
seed-2,decoding,unconstrained,90,0.8770387172698975,0.8636459112167358,0.013392054475843906,0.10861463844776154,1.5199913110986814,0.7599956555493407
seed-2,decoding,unconstrained,100,0.8770209550857544,0.863654375076294,0.013365802355110645,0.10889487713575363,1.521577540546861,0.7607887702734305
seed-2,decoding,unconstrained,110,0.8770068287849426,0.8636125922203064,0.013393444940447807,0.10970352590084076,1.5230081980735886,0.7615040990367943
seed-2,decoding,unconstrained,120,0.8769938349723816,0.8636221885681152,0.01337086595594883,0.10952362418174744,1.5228658839253597,0.7614329419626799
seed-2,decoding,unconstrained,130,0.8769810795783997,0.8635923266410828,0.01338795106858015,0.11001497507095337,1.5240244671536947,0.7620122335768473
seed-2,decoding,unconstrained,140,0.8769677877426147,0.8635852336883545,0.013381804339587688,0.11037488281726837,1.5250185777693235,0.7625092888846617
seed-2,decoding,unconstrained,150,0.8769542574882507,0.8635684251785278,0.013385060243308544,0.11078672111034393,1.526063542380668,0.763031771190334
seed-2,decoding,unconstrained,160,0.8769401907920837,0.8635525703430176,0.013386853039264679,0.11128446459770203,1.5273790222016383,0.7636895111008192
seed-2,decoding,unconstrained,170,0.8769255876541138,0.8635373115539551,0.013387519866228104,0.11184348911046982,1.5288289773108747,0.7644144886554374
seed-2,decoding,unconstrained,180,0.8769104480743408,0.8635201454162598,0.013389556668698788,0.1124727725982666,1.5304645949487576,0.7652322974743788
seed-2,decoding,unconstrained,190,0.8768948912620544,0.8635031580924988,0.013390934094786644,0.11318763345479965,1.5323245039553377,0.7661622519776689
seed-2,decoding,unconstrained,200,0.8768787384033203,0.8634852766990662,0.013392691500484943,0.11398608982563019,1.5343941722485548,0.7671970861242774
seed-2,decoding,unconstrained,210,0.876862108707428,0.8634669780731201,0.01339434552937746,0.11488113552331924,1.536712608348339,0.7683563041741694
seed-2,decoding,unconstrained,220,0.8768449425697327,0.863447904586792,0.013396241702139378,0.11587560176849365,1.5392861462722476,0.7696430731361238
seed-2,decoding,unconstrained,230,0.8768271803855896,0.8634283542633057,0.01339807454496622,0.11698032915592194,1.5421342560776437,0.7710671280388218
seed-2,decoding,unconstrained,240,0.8768091201782227,0.8634082078933716,0.0134000638499856,0.11819903552532196,1.5452746068878702,0.7726373034439351
seed-2,decoding,unconstrained,250,0.8767904043197632,0.8633874654769897,0.013402128592133522,0.11954659223556519,1.5487245146559145,0.7743622573279573
seed-2,decoding,unconstrained,260,0.8767747282981873,0.8633700609207153,0.01340381521731615,0.12099386006593704,1.552423817899859,0.7762119089499295
seed-2,decoding,unconstrained,270,0.8767525553703308,0.8633452653884888,0.01340648252516985,0.12263168394565582,1.5565801755950175,0.7782900877975087
seed-2,decoding,unconstrained,280,0.8767312169075012,0.8633215427398682,0.013408810831606388,0.1244003027677536,1.5610554292926089,0.7805277146463044
seed-2,decoding,unconstrained,290,0.8767096996307373,0.8632975816726685,0.013411298394203186,0.1263253092765808,1.5659085940503648,0.7829542970251824
seed-2,decoding,unconstrained,300,0.8766878843307495,0.8632732629776001,0.013413813896477222,0.12842784821987152,1.5711660167677572,0.7855830083838786
seed-2,gatsby,hard_spectral,10,1.0849201679229736,1.080562710762024,0.00435112277045846,0.0,0.99800092961191,0.499000464805955
seed-2,gatsby,hard_spectral,20,1.099251389503479,1.0952814817428589,0.003963932394981384,0.0,0.9980010410003246,0.4990005205001623
seed-2,gatsby,hard_spectral,30,1.1119921207427979,1.1083362102508545,0.0036502983421087265,0.0,0.9980009654100527,0.49900048270502634
seed-2,gatsby,hard_spectral,40,1.1230909824371338,1.1196905374526978,0.003395258681848645,0.0,0.9980010206270092,0.4990005103135046
seed-2,gatsby,hard_spectral,50,1.1325621604919434,1.1293680667877197,0.0031890813261270523,0.0,0.9980009618358945,0.49900048091794724
seed-2,gatsby,hard_spectral,60,1.1405260562896729,1.1374986171722412,0.003022836521267891,0.0,0.9980010552711249,0.49900052763556246
seed-2,gatsby,hard_spectral,70,1.147171974182129,1.1442790031433105,0.002888549817726016,0.0,0.9980010788459683,0.49900053942298417
seed-2,gatsby,hard_spectral,80,1.1527060270309448,1.149922251701355,0.002779601141810417,0.0,0.9980010334685345,0.49900051673426726
seed-2,gatsby,hard_spectral,90,1.1573212146759033,1.154626727104187,0.0026906034909188747,0.0,0.9980009544880836,0.4990004772440418
seed-2,gatsby,hard_spectral,100,1.161184549331665,1.1585633754730225,0.00261733983643353,0.0,0.9980009447316794,0.4990004723658397
seed-2,gatsby,hard_spectral,110,1.164433479309082,1.1618733406066895,0.0025565612595528364,0.0,0.9980010378275408,0.4990005189137704
seed-2,gatsby,hard_spectral,120,1.1671799421310425,1.164670705795288,0.0025057606399059296,0.0,0.9980009476247358,0.4990004738123679
seed-2,gatsby,hard_spectral,130,1.16951322555542,1.1670469045639038,0.002463000826537609,0.0,0.9980009877457195,0.4990004938728598
seed-2,gatsby,hard_spectral,140,1.1715055704116821,1.169075608253479,0.0024267793633043766,0.0,0.9980009438856696,0.4990004719428348
seed-2,gatsby,hard_spectral,150,1.1732144355773926,1.1708154678344727,0.0023959213867783546,0.0,0.9980009780468869,0.49900048902344346
seed-2,gatsby,hard_spectral,160,1.174686074256897,1.1723135709762573,0.0023694976698607206,0.0,0.99800095873114,0.49900047936557
seed-2,gatsby,hard_spectral,170,1.1759581565856934,1.1736085414886475,0.002346770139411092,0.0,0.9980010187927475,0.49900050939637375
seed-2,gatsby,hard_spectral,180,1.177061676979065,1.1747316122055054,0.00232714437879622,0.0,0.9980009649788946,0.4990004824894473
seed-2,gatsby,hard_spectral,190,1.1780210733413696,1.1757081747055054,0.0023101407568901777,0.0,0.998000925046151,0.4990004625230755
seed-2,gatsby,hard_spectral,200,1.178857684135437,1.1765596866607666,0.002295364625751972,0.0,0.9980010327313106,0.4990005163656553
seed-2,gatsby,hard_spectral,210,1.1795886754989624,1.1773035526275635,0.0022824930492788553,0.0,0.9980010386046309,0.4990005193023154
seed-2,gatsby,hard_spectral,220,1.180228352546692,1.1779544353485107,0.0022712568752467632,0.0,0.9980010040639953,0.49900050203199764
seed-2,gatsby,hard_spectral,230,1.1807888746261597,1.1785249710083008,0.002261430723592639,0.0,0.9980009891521259,0.49900049457606294
seed-2,gatsby,hard_spectral,240,1.1812809705734253,1.179025650024414,0.002252826001495123,0.0,0.9980009945201727,0.49900049726008633
seed-2,gatsby,hard_spectral,250,1.1817131042480469,1.1794652938842773,0.0022452822886407375,0.0,0.9980009948194835,0.49900049740974173
seed-2,gatsby,hard_spectral,260,1.1820926666259766,1.1798516511917114,0.0022386626806110144,0.0,0.9980009652250782,0.4990004826125391
seed-2,gatsby,hard_spectral,270,1.1824265718460083,1.1801912784576416,0.0022328519262373447,0.0,0.9980009255956531,0.49900046279782656
seed-2,gatsby,hard_spectral,280,1.1827201843261719,1.1804900169372559,0.0022277487441897392,0.0,0.9980010105576322,0.4990005052788161
seed-2,gatsby,hard_spectral,290,1.1829782724380493,1.1807526350021362,0.0022232665214687586,0.0,0.9980008956976836,0.4990004478488418
seed-2,gatsby,hard_spectral,300,1.183205246925354,1.180983543395996,0.00221933051943779,0.0,0.9980011170019424,0.4990005585009712
seed-2,gatsby,soft_spectral,10,1.0654711723327637,1.0576788187026978,0.0049979304894804955,0.00027875544037669897,1.025680732296191,0.5128403661480955
seed-2,gatsby,soft_spectral,20,1.0649887323379517,1.0525377988815308,0.005140418652445078,0.0007303577731363475,1.0390749731315632,0.5195374865657816
seed-2,gatsby,soft_spectral,30,1.065025806427002,1.0524580478668213,0.005140579305589199,0.0007420342299155891,1.038720412145546,0.519360206072773
seed-2,gatsby,soft_spectral,40,1.0649462938308716,1.0537936687469482,0.00510389544069767,0.0006041777087375522,1.0346462314366331,0.5173231157183166
seed-2,gatsby,soft_spectral,50,1.0647859573364258,1.054631233215332,0.005082194693386555,0.0005065539153292775,1.0319167348830733,0.5159583674415367
seed-2,gatsby,soft_spectral,60,1.0648771524429321,1.0546401739120483,0.005082037299871445,0.0005148021737113595,1.0318798733702048,0.5159399366851024
seed-2,gatsby,soft_spectral,70,1.0649594068527222,1.0544015169143677,0.005091906059533358,0.0005459068925119936,1.033344447363731,0.5166722236818655
seed-2,gatsby,soft_spectral,80,1.064844012260437,1.0542465448379517,0.005097022745758295,0.0005493510398082435,1.0327421983468228,0.5163710991734114
seed-2,gatsby,soft_spectral,90,1.0648002624511719,1.0541528463363647,0.005096616223454475,0.0005543882725760341,1.033552605132664,0.516776302566332
seed-2,gatsby,soft_spectral,100,1.0647828578948975,1.054140567779541,0.005098266992717981,0.0005537150427699089,1.0331441764772615,0.5165720882386308
seed-2,gatsby,soft_spectral,110,1.064888834953308,1.0541480779647827,0.005096439737826586,0.0005637406138703227,1.0335765355224862,0.5167882677612431
seed-2,gatsby,soft_spectral,120,1.0647474527359009,1.0542405843734741,0.005093820858746767,0.0005406123818829656,1.0333175713475182,0.5166587856737591
seed-2,gatsby,soft_spectral,130,1.0647345781326294,1.054233431816101,0.005094900261610746,0.0005399307701736689,1.0334432350796852,0.5167216175398426
seed-2,gatsby,soft_spectral,140,1.0646916627883911,1.0542062520980835,0.0050988635048270226,0.000537963816896081,1.0332848962933727,0.5166424481466864
seed-2,gatsby,soft_spectral,150,1.0647393465042114,1.0542280673980713,0.0050981356762349606,0.0005406215786933899,1.0332667271419023,0.5166333635709511
seed-2,gatsby,soft_spectral,160,1.0646847486495972,1.0542628765106201,0.005095075350254774,0.0005319861229509115,1.0329053672371353,0.5164526836185677
seed-2,gatsby,soft_spectral,170,1.0646286010742188,1.054247260093689,0.0050963591784238815,0.0005278135649859905,1.032988432993002,0.516494216496501
seed-2,gatsby,soft_spectral,180,1.0647451877593994,1.0541688203811646,0.005099205300211906,0.0005470297764986753,1.0328739813989969,0.5164369906994984
seed-2,gatsby,soft_spectral,190,1.064642071723938,1.054150938987732,0.00510066095739603,0.0005383653333410621,1.0335119139921165,0.5167559569960583
seed-2,gatsby,soft_spectral,200,1.0646443367004395,1.0541393756866455,0.005098356865346432,0.0005399645306169987,1.0333674483944364,0.5166837241972182
seed-2,gatsby,soft_spectral,210,1.0646454095840454,1.0541462898254395,0.005099329631775618,0.0005392906023189425,1.0333627780204508,0.5166813890102254
seed-2,gatsby,soft_spectral,220,1.0646677017211914,1.054139256477356,0.005099392496049404,0.0005422116373665631,1.0331474889816945,0.5165737444908473
seed-2,gatsby,soft_spectral,230,1.0646508932113647,1.054092288017273,0.005100417882204056,0.0005451330216601491,1.0333794713770534,0.5166897356885267
seed-2,gatsby,soft_spectral,240,1.0646090507507324,1.0541046857833862,0.005099918693304062,0.0005397595232352614,1.0333623873435636,0.5166811936717818
seed-2,gatsby,soft_spectral,250,1.0647239685058594,1.0541281700134277,0.005100317299365997,0.0005488490569405258,1.0330308327126783,0.5165154163563391
seed-2,gatsby,soft_spectral,260,1.0646486282348633,1.0541760921478271,0.005098557565361261,0.0005367005942389369,1.0333138806632014,0.5166569403316007
seed-2,gatsby,soft_spectral,270,1.0648151636123657,1.0541507005691528,0.005100267007946968,0.0005557317053899169,1.0337209667216785,0.5168604833608392
seed-2,gatsby,soft_spectral,280,1.064694881439209,1.0541702508926392,0.00509801646694541,0.0005419772351160645,1.0331283713884627,0.5165641856942313
seed-2,gatsby,soft_spectral,290,1.0646123886108398,1.0541627407073975,0.005099141970276833,0.0005343529628589749,1.0330394050342588,0.5165197025171294
seed-2,gatsby,soft_spectral,300,1.0647103786468506,1.0541071891784668,0.005100153386592865,0.0005496108205989003,1.0331172574514316,0.5165586287257158
seed-2,gatsby,unconstrained,10,1.060559868812561,1.055582046508789,0.004970995709300041,0.002798662520945072,1.0851785047730964,0.5425892523865482
seed-2,gatsby,unconstrained,20,1.0494616031646729,1.0442122220993042,0.005242402199655771,0.013014707714319229,1.1770975493448468,0.5885487746724234
seed-2,gatsby,unconstrained,30,1.0408917665481567,1.0352919101715088,0.0055926162749528885,0.02850881591439247,1.2595284625637064,0.6297642312818532
seed-2,gatsby,unconstrained,40,1.0348498821258545,1.0289517641067505,0.005890679080039263,0.03583681583404541,1.2852732525289152,0.6426366262644576
seed-2,gatsby,unconstrained,50,1.027877688407898,1.0217567682266235,0.006113462150096893,0.03202357888221741,1.2666999972218105,0.6333499986109052
seed-2,gatsby,unconstrained,60,1.0208383798599243,1.014426827430725,0.006403828971087933,0.028091704472899437,1.250168826446894,0.625084413223447
seed-2,gatsby,unconstrained,70,1.014236569404602,1.0074518918991089,0.0067768520675599575,0.02888253703713417,1.256379921183461,0.6281899605917305
seed-2,gatsby,unconstrained,80,1.0081795454025269,1.0009902715682983,0.0071811312809586525,0.03282098472118378,1.2740323684133101,0.6370161842066551
seed-2,gatsby,unconstrained,90,1.0024410486221313,0.9948333501815796,0.007599458564072847,0.03528309240937233,1.2844960045497202,0.6422480022748601
seed-2,gatsby,unconstrained,100,0.9977408051490784,0.9896535873413086,0.008078754879534245,0.04247944802045822,1.3174109266098035,0.6587054633049018
seed-2,gatsby,unconstrained,110,0.9949209094047546,0.9863549470901489,0.008557355962693691,0.053195737302303314,1.35498178084814,0.67749089042407
seed-2,gatsby,unconstrained,120,0.9931937456130981,0.984296441078186,0.008888588286936283,0.056474119424819946,1.3646110304175085,0.6823055152087543
seed-2,gatsby,unconstrained,130,0.9923837780952454,0.9832489490509033,0.009126026183366776,0.05870236083865166,1.3731940729630294,0.6865970364815147
seed-2,gatsby,unconstrained,140,0.9920371174812317,0.9827075600624084,0.009320654906332493,0.06331884860992432,1.3888007118017331,0.6944003559008666
seed-2,gatsby,unconstrained,150,0.9919127225875854,0.9824645519256592,0.009439269080758095,0.06640350818634033,1.3979009741472521,0.6989504870736261
seed-2,gatsby,unconstrained,160,0.9918544292449951,0.9823611974716187,0.00948426779359579,0.06753107905387878,1.401368387328469,0.7006841936642345
seed-2,gatsby,unconstrained,170,0.9918157458305359,0.9823049306869507,0.00950190145522356,0.06881345808506012,1.405441005183318,0.702720502591659
seed-2,gatsby,unconstrained,180,0.9917834997177124,0.9822734594345093,0.00950109027326107,0.06972432136535645,1.4080411313704102,0.7040205656852051
seed-2,gatsby,unconstrained,190,0.9917543530464172,0.9822553396224976,0.009490080177783966,0.07022453099489212,1.4095325495149433,0.7047662747574717
seed-2,gatsby,unconstrained,200,0.991727352142334,0.982237696647644,0.009480726905167103,0.07083478569984436,1.4113741660401133,0.7056870830200567
seed-2,gatsby,unconstrained,210,0.9917015433311462,0.982219934463501,0.009472670964896679,0.07142616808414459,1.4130959984515823,0.7065479992257911
seed-2,gatsby,unconstrained,220,0.9916762709617615,0.9822008013725281,0.009466546587646008,0.07203152775764465,1.4148949579243377,0.7074474789621689
seed-2,gatsby,unconstrained,230,0.9916512966156006,0.9821798205375671,0.009462514892220497,0.07272804528474808,1.4169497671889226,0.7084748835944613
seed-2,gatsby,unconstrained,240,0.991626501083374,0.9821585416793823,0.009459003806114197,0.07347239553928375,1.4191383281922065,0.7095691640961033
seed-2,gatsby,unconstrained,250,0.991601824760437,0.9821370244026184,0.009455868043005466,0.07428587228059769,1.4215367810652182,0.7107683905326091
seed-2,gatsby,unconstrained,260,0.9915774464607239,0.9821157455444336,0.009452764876186848,0.07517534494400024,1.424149673920871,0.7120748369604355
seed-2,gatsby,unconstrained,270,0.9915533661842346,0.9820948839187622,0.009449519217014313,0.07613587379455566,1.426973466924798,0.713486733462399
seed-2,gatsby,unconstrained,280,0.9915295839309692,0.9820742607116699,0.009446305222809315,0.0771765261888504,1.4300267500720683,0.7150133750360341
seed-2,gatsby,unconstrained,290,0.9915058612823486,0.9820537567138672,0.00944312009960413,0.07829459011554718,1.4333009398086811,0.7166504699043406
seed-2,gatsby,unconstrained,300,0.9914824962615967,0.9820334315299988,0.00944005511701107,0.0794897973537445,1.4367907978105086,0.7183953989052543
