seed,task,method,outer,contrastive,quadratic_energy,tv_energy,base_prior_energy,linear_relative_residual,cg_steps,primal_relative,dual_relative,explicit_objective,tv_gap_per_node,denoiser_bandwidth_squared
seed-0,achilles,admm_quadratic,1,1.0502591133117676,0.0030586463399231434,0.1364036500453949,8.591196092311293e-06,6.380611807799141e-07,6,0.021614177152514458,0.025185825303196907,1.053326350847783,,
seed-0,achilles,admm_quadratic,2,1.0500531196594238,0.0029740603640675545,0.13622908294200897,8.597549822297879e-06,7.588918151668622e-07,6,0.004630253650248051,0.01679098978638649,1.0530357775733137,,
seed-0,achilles,admm_quadratic,3,1.0498548746109009,0.0028950092382729053,0.13610802590847015,8.610879376647063e-06,7.861657991270476e-07,6,0.0014615723630413413,0.008936714380979538,1.0527584947285504,,
seed-0,achilles,admm_quadratic,4,1.0496622323989868,0.0028335857205092907,0.13605913519859314,8.62842261994956e-06,7.886865205364302e-07,6,0.001196361263282597,0.00853846874088049,1.052504446542116,,
seed-0,achilles,admm_quadratic,5,1.0494766235351562,0.0027792565524578094,0.13602624833583832,8.650287782074884e-06,7.828155048628105e-07,6,0.00123923912178725,0.00846631545573473,1.0522645303753961,,
seed-0,achilles,admm_quadratic,6,1.0492994785308838,0.0027287572156637907,0.13598835468292236,8.675287062942516e-06,7.73895010297565e-07,6,0.0012411086354404688,0.008386550471186638,1.0520369110336105,,
seed-0,achilles,admm_quadratic,7,1.04913330078125,0.0026826532557606697,0.13595333695411682,8.703120329300873e-06,7.630098934896523e-07,6,0.0012024582829326391,0.00826968252658844,1.05182465715734,,
seed-0,achilles,admm_quadratic,8,1.0489717721939087,0.002639736980199814,0.13591578602790833,8.73434964887565e-06,7.526905960730801e-07,6,0.0011580100981518626,0.00826843548566103,1.0516202435237574,,
seed-0,achilles,admm_quadratic,9,1.048815131187439,0.002599801868200302,0.1358850747346878,8.769035957811866e-06,7.418942118420091e-07,6,0.001109107630327344,0.008216926828026772,1.051423702091597,,
seed-0,achilles,admm_quadratic,10,1.0486621856689453,0.0025619531515985727,0.13584469258785248,8.806904588709585e-06,7.321689849959512e-07,6,0.0010611918987706304,0.00811958871781826,1.0512329457251326,,
seed-0,achilles,admm_quadratic,11,1.0485107898712158,0.0025264660362154245,0.13579276204109192,8.847470780892763e-06,7.222491262837138e-07,6,0.0010255740489810705,0.008054054342210293,1.0510461033782121,,
seed-0,achilles,admm_quadratic,12,1.048363208770752,0.0024927665945142508,0.1357269585132599,8.890826393326279e-06,7.135872124308662e-07,6,0.0009952392429113388,0.007961394265294075,1.0508648661916595,,
seed-0,achilles,admm_quadratic,13,1.048219919204712,0.0024608478415757418,0.13564711809158325,8.937268830777612e-06,7.056432878016494e-07,6,0.0009650658466853201,0.007875734940171242,1.0506897043151184,,
seed-0,achilles,admm_quadratic,14,1.0480786561965942,0.0024310231674462557,0.135584756731987,8.987034561869223e-06,6.998038770689163e-07,6,0.0009410067577846348,0.007761811837553978,1.0505186663986024,,
seed-0,achilles,admm_quadratic,15,1.0479397773742676,0.002403146820142865,0.13551044464111328,9.040220902534202e-06,6.926966307219118e-07,6,0.0009332229383289814,0.0076111131347715855,1.050351964415313,,
seed-0,achilles,admm_quadratic,16,1.047804355621338,0.00237695942632854,0.1354331225156784,9.096780559048057e-06,6.861565111648815e-07,6,0.0008956995443440974,0.007505109533667564,1.0501904118282255,,
seed-0,achilles,admm_quadratic,17,1.0476735830307007,0.002351951552554965,0.13536624610424042,9.156638952845242e-06,6.805640282436798e-07,6,0.0008433975744992495,0.0074569727294147015,1.0500346912222085,,
seed-0,achilles,admm_quadratic,18,1.0475471019744873,0.002328219125047326,0.13532394170761108,9.218741979566403e-06,6.751669161531026e-07,6,0.0008025175775401294,0.007386933546513319,1.0498845398415142,,
seed-0,achilles,admm_quadratic,19,1.0474236011505127,0.0023056489881128073,0.13527944684028625,9.28284407564206e-06,6.695282763757859e-07,6,0.000762335432227701,0.00729922903701663,1.0497385329827011,,
seed-0,achilles,admm_quadratic,20,1.0473049879074097,0.002283299108967185,0.13522633910179138,9.349482752440963e-06,6.640777883148985e-07,6,0.0007319013238884509,0.0071758548729121685,1.0495976364991293,,
seed-0,achilles,admm_quadratic,21,1.0471904277801514,0.0022622456308454275,0.13517841696739197,9.41889356909087e-06,6.597405217689811e-07,6,0.0007043856894597411,0.006996347103267908,1.0494620923045659,,
seed-0,achilles,admm_quadratic,22,1.047076940536499,0.0022423353511840105,0.1351412534713745,9.491486707702279e-06,6.558277618751163e-07,6,0.0006830385536886752,0.006960043217986822,1.0493287673743907,,
seed-0,achilles,admm_quadratic,23,1.046964168548584,0.0022236949298530817,0.1351296752691269,9.567109373165295e-06,6.530478344757285e-07,6,0.0006641204236075282,0.006977208890020847,1.0491974305878102,,
seed-0,achilles,admm_quadratic,24,1.0468531847000122,0.002205575117841363,0.13512611389160156,9.645311365602538e-06,6.499176947727392e-07,6,0.0006499196751974523,0.006965205539017916,1.0490684051292192,,
seed-0,achilles,admm_quadratic,25,1.0467439889907837,0.002188177080824971,0.13513046503067017,9.726374628371559e-06,6.477040983554616e-07,6,0.0006355001241900027,0.006933520082384348,1.048941892446237,,
seed-0,achilles,admm_quadratic,26,1.0466392040252686,0.002171855652704835,0.13513441383838654,9.810682058741804e-06,6.456487540162925e-07,6,0.0006146591622382402,0.006795251742005348,1.0488208703600321,,
seed-0,achilles,admm_quadratic,27,1.0465366840362549,0.0021564846392720938,0.13514366745948792,9.898444659484085e-06,6.420827958208974e-07,6,0.000596232246607542,0.006721646059304476,1.0487030671201865,,
seed-0,achilles,admm_quadratic,28,1.046435832977295,0.0021418656688183546,0.13514918088912964,9.989811587729491e-06,6.38342612546694e-07,6,0.0005737365572713315,0.00657274853438139,1.048587688457701,,
seed-0,achilles,admm_quadratic,29,1.0463361740112305,0.0021278392523527145,0.13516341149806976,1.008474464470055e-05,6.367034188770049e-07,6,0.0005558640114031732,0.006477627903223038,1.0484740980082279,,
seed-0,achilles,admm_quadratic,30,1.0462380647659302,0.0021145083010196686,0.13519857823848724,1.0182796359003987e-05,6.342959295579931e-07,6,0.0005502660060301423,0.006460907869040966,1.0483627558633088,,
seed-0,achilles,admm_tv,1,1.0502591133117676,0.0030586463399231434,0.1364036500453949,8.591196092311293e-06,,,0.041193097829818726,0.04194677993655205,1.0639080695123995,6.0378963098628446e-05,
seed-0,achilles,admm_tv,2,1.0500918626785278,0.002980284160003066,0.1357155293226242,8.595762665208895e-06,,,0.015621415339410305,0.03305865451693535,1.0636720113734555,1.780115781002678e-05,
seed-0,achilles,admm_tv,3,1.0499298572540283,0.0029149563051760197,0.13500499725341797,8.6074105638545e-06,,,0.009768527932465076,0.011843313463032246,1.063438964389934,9.449187018617522e-06,
seed-0,achilles,admm_tv,4,1.0497628450393677,0.0028650863096117973,0.1344815343618393,8.624070687801577e-06,,,0.006921606138348579,0.009067284874618053,1.0632196225462394,5.421989953902084e-06,
seed-0,achilles,admm_tv,5,1.0496008396148682,0.0028186950366944075,0.13398431241512299,8.644889931019861e-06,,,0.005275981035083532,0.008284992538392544,1.0630079157463115,3.5297109661769355e-06,
seed-0,achilles,admm_tv,6,1.0494449138641357,0.0027756066992878914,0.13351300358772278,8.669219823786989e-06,,,0.004187178798019886,0.00800221599638462,1.0628048834427317,2.4721709905861644e-06,
seed-0,achilles,admm_tv,7,1.0492913722991943,0.002735729794949293,0.13306015729904175,8.697237717569806e-06,,,0.00345830456353724,0.007929030805826187,1.062606085266816,1.8632845240063034e-06,
seed-0,achilles,admm_tv,8,1.0491406917572021,0.0026979660615324974,0.13262498378753662,8.729023647902068e-06,,,0.0029894565232098103,0.007916090078651905,1.0624119191596038,1.4817766214036965e-06,
seed-0,achilles,admm_tv,9,1.0489909648895264,0.0026617601979523897,0.13220882415771484,8.764630365476478e-06,,,0.002665489912033081,0.007905129343271255,1.0622206119356634,1.2467677379390807e-06,
seed-0,achilles,admm_tv,10,1.0488463640213013,0.002627416281029582,0.1318158507347107,8.804589924693573e-06,,,0.002493427600711584,0.007858873344957829,1.062036753684697,1.0666960861271946e-06,
seed-0,achilles,admm_tv,11,1.048705816268921,0.002595321973785758,0.1314542144536972,8.848754987411667e-06,,,0.0023656014818698168,0.007775366771966219,1.061860086469278,9.324052712145203e-07,
seed-0,achilles,admm_tv,12,1.0485687255859375,0.00256583234295249,0.13113245368003845,8.89645980350906e-06,,,0.0022859780583530664,0.007736034691333771,1.0616908674137449,8.408433700424212e-07,
seed-0,achilles,admm_tv,13,1.0484325885772705,0.0025387839414179325,0.1308354288339615,8.948062713898253e-06,,,0.002233020728453994,0.0076874736696481705,1.0615250795233806,7.782761031194241e-07,
seed-0,achilles,admm_tv,14,1.048299789428711,0.002513579558581114,0.13054557144641876,9.00296163308667e-06,,,0.002228881698101759,0.0075736986473202705,1.061363349534986,7.157087793530081e-07,
seed-0,achilles,admm_tv,15,1.048170566558838,0.002490877639502287,0.13027773797512054,9.060880984179676e-06,,,0.0022580395452678204,0.007515392731875181,1.061207401237334,6.790840529902198e-07,
seed-0,achilles,admm_tv,16,1.0480467081069946,0.002470106352120638,0.13001303374767303,9.121916264120955e-06,,,0.0022611182648688555,0.007480620872229338,1.061057133398026,6.699278287669586e-07,
seed-0,achilles,admm_tv,17,1.0479286909103394,0.002449575113132596,0.12972648441791534,9.186554962070659e-06,,,0.002211387502029538,0.0073876152746379375,1.060910525907093,6.424592697840126e-07,
seed-0,achilles,admm_tv,18,1.0478129386901855,0.0024284936953336,0.12943382561206818,9.254276847059373e-06,,,0.002184384036809206,0.007353130728006363,1.0607655755282395,6.180427476465411e-07,
seed-0,achilles,admm_tv,19,1.0476973056793213,0.002407371299341321,0.12915019690990448,9.324288839707151e-06,,,0.0022189610172063112,0.007313343230634928,1.0606216496591514,6.195688229126972e-07,
seed-0,achilles,admm_tv,20,1.0475832223892212,0.0023858915083110332,0.1288563460111618,9.396079803991597e-06,,,0.002261331770569086,0.007392156403511763,1.0604782530701413,6.256728966036462e-07,
seed-0,achilles,admm_tv,21,1.0474727153778076,0.0023649591021239758,0.12857168912887573,9.470397344557568e-06,,,0.0023684161715209484,0.00746197672560811,1.0603393546880397,6.165167292238038e-07,
seed-0,achilles,admm_tv,22,1.0473659038543701,0.0023453254252672195,0.12829485535621643,9.547575245960616e-06,,,0.002471081679686904,0.007370817009359598,1.0602049369652378,5.905741886635951e-07,
seed-0,achilles,admm_tv,23,1.0472633838653564,0.0023261550813913345,0.12801285088062286,9.628018233343028e-06,,,0.002575059188529849,0.007293605711311102,1.0600742969716521,5.921002070863324e-07,
seed-0,achilles,admm_tv,24,1.0471625328063965,0.002308361232280731,0.12776070833206177,9.710982340038754e-06,,,0.0026546926237642765,0.007198328617960215,1.0599483146219426,5.905741886635951e-07,
seed-0,achilles,admm_tv,25,1.0470635890960693,0.0022921443451195955,0.1275256723165512,9.797058737603948e-06,,,0.0026643110904842615,0.007024882826954126,1.059825953386462,6.226208597581717e-07,
seed-0,achilles,admm_tv,26,1.0469675064086914,0.002276803832501173,0.12729376554489136,9.886454790830612e-06,,,0.002411775290966034,0.0068575916811823845,1.0597067694179714,6.80610071412957e-07,
seed-0,achilles,admm_tv,27,1.0468757152557373,0.0022621359676122665,0.12705844640731812,9.978385605791118e-06,,,0.0021596180740743876,0.006777642294764519,1.0595915382820749,6.302510087152768e-07,
seed-0,achilles,admm_tv,28,1.0467861890792847,0.002248459029942751,0.1268359273672104,1.0073325029225089e-05,,,0.0020930818282067776,0.006640775129199028,1.059479855141035,6.24146878180909e-07,
seed-0,achilles,admm_tv,29,1.0466978549957275,0.0022346305195242167,0.12661582231521606,1.0171220310439821e-05,,,0.0020882785320281982,0.0066846576519310474,1.0593696084475597,6.485634003183804e-07,
seed-0,achilles,admm_tv,30,1.0466114282608032,0.002221244852989912,0.12639474868774414,1.0272585313941818e-05,,,0.002163865137845278,0.0065369089134037495,1.0592611757148915,6.973963877499045e-07,
seed-0,achilles,control,1,1.0502468347549438,0.0030628342647105455,0.13649770617485046,8.593973689130507e-06,,,,,,,
seed-0,achilles,control,2,1.05000901222229,0.0030223240610212088,0.1368151158094406,8.602100024290849e-06,,,,,,,
seed-0,achilles,control,3,1.0497825145721436,0.0029809721745550632,0.13708409667015076,8.615716069471091e-06,,,,,,,
seed-0,achilles,control,4,1.0495655536651611,0.0029410289134830236,0.13729360699653625,8.634390724182595e-06,,,,,,,
seed-0,achilles,control,5,1.0493531227111816,0.0029038074426352978,0.13747452199459076,8.656919817440212e-06,,,,,,,
seed-0,achilles,control,6,1.0491478443145752,0.0028682968113571405,0.1376217156648636,8.683410669618752e-06,,,,,,,
seed-0,achilles,control,7,1.0489513874053955,0.0028372532688081264,0.13774451613426208,8.713447641639505e-06,,,,,,,
seed-0,achilles,control,8,1.0487593412399292,0.002809766912832856,0.13784532248973846,8.746761523070745e-06,,,,,,,
seed-0,achilles,control,9,1.0485745668411255,0.0027828023303300142,0.13788820803165436,8.783055818639696e-06,,,,,,,
seed-0,achilles,control,10,1.048399806022644,0.0027550531085580587,0.13788071274757385,8.822647032502573e-06,,,,,,,
seed-0,achilles,control,11,1.0482265949249268,0.002728932537138462,0.13784775137901306,8.864944902597927e-06,,,,,,,
seed-0,achilles,control,12,1.0480594635009766,0.0027029637712985277,0.13777580857276917,8.910447832022328e-06,,,,,,,
seed-0,achilles,control,13,1.0478984117507935,0.002678693039342761,0.13770872354507446,8.959406841313466e-06,,,,,,,
seed-0,achilles,control,14,1.0477428436279297,0.00265479926019907,0.13763341307640076,9.011822839966044e-06,,,,,,,
seed-0,achilles,control,15,1.0475884675979614,0.0026313711423426867,0.13756266236305237,9.068384315469302e-06,,,,,,,
seed-0,achilles,control,16,1.04744291305542,0.0026078782975673676,0.1375117301940918,9.128419151238631e-06,,,,,,,
seed-0,achilles,control,17,1.0473042726516724,0.0025825591292232275,0.1374691128730774,9.191026038024575e-06,,,,,,,
seed-0,achilles,control,18,1.0471692085266113,0.0025571968872100115,0.13744647800922394,9.25724089029245e-06,,,,,,,
seed-0,achilles,control,19,1.047035574913025,0.0025320632848888636,0.13741762936115265,9.32676630327478e-06,,,,,,,
seed-0,achilles,control,20,1.0469050407409668,0.0025078710168600082,0.1374070644378662,9.399363079864997e-06,,,,,,,
seed-0,achilles,control,21,1.0467795133590698,0.0024857562966644764,0.1374051421880722,9.475577826378867e-06,,,,,,,
seed-0,achilles,control,22,1.046656608581543,0.0024646117817610502,0.13741609454154968,9.55541054281639e-06,,,,,,,
seed-0,achilles,control,23,1.0465365648269653,0.0024459369014948606,0.1374550759792328,9.638530173106119e-06,,,,,,,
seed-0,achilles,control,24,1.0464197397232056,0.0024277151096612215,0.1375083029270172,9.725434210849926e-06,,,,,,,
seed-0,achilles,control,25,1.046303153038025,0.002411976456642151,0.13756760954856873,9.81511766440235e-06,,,,,,,
seed-0,achilles,control,26,1.0461888313293457,0.0023978392127901316,0.13764847815036774,9.907639650919009e-06,,,,,,,
seed-0,achilles,control,27,1.0460821390151978,0.0023848593700677156,0.13775093853473663,1.0004062460211571e-05,,,,,,,
seed-0,achilles,control,28,1.0459798574447632,0.002371794544160366,0.1378517746925354,1.0103590284415986e-05,,,,,,,
seed-0,achilles,control,29,1.0458780527114868,0.0023596021346747875,0.1379719227552414,1.020661056827521e-05,,,,,,,
seed-0,achilles,control,30,1.0457768440246582,0.002349040238186717,0.1381065398454666,1.0313457096344791e-05,,,,,,,
seed-0,achilles,direct_quadratic,1,1.0502642393112183,0.0030248218681663275,0.13614413142204285,8.591930964030325e-06,,,,,1.0532976531103486,,
seed-0,achilles,direct_quadratic,2,1.0500391721725464,0.002953914226964116,0.13618747889995575,8.60103409650037e-06,,,,,1.053001687433607,,
seed-0,achilles,direct_quadratic,3,1.0498242378234863,0.0028893090784549713,0.1362532526254654,8.616267223260365e-06,,,,,1.0527221631691646,,
seed-0,achilles,direct_quadratic,4,1.0496182441711426,0.0028302709106355906,0.13629508018493652,8.635507583676372e-06,,,,,1.0524571505893618,,
seed-0,achilles,direct_quadratic,5,1.0494184494018555,0.002775327768176794,0.13629873096942902,8.658031219965778e-06,,,,,1.0522024352012522,,
seed-0,achilles,direct_quadratic,6,1.049225091934204,0.002724764170125127,0.13627995550632477,8.683742635184899e-06,,,,,1.0519585398469644,,
seed-0,achilles,direct_quadratic,7,1.0490398406982422,0.0026779756881296635,0.1362377405166626,8.71261454449268e-06,,,,,1.0517265290009163,,
seed-0,achilles,direct_quadratic,8,1.048861026763916,0.0026346296072006226,0.13619372248649597,8.7445323515567e-06,,,,,1.0515044009034682,,
seed-0,achilles,direct_quadratic,9,1.0486866235733032,0.0025938991457223892,0.13613900542259216,8.779191375651862e-06,,,,,1.0512893019104013,,
seed-0,achilles,direct_quadratic,10,1.0485161542892456,0.0025549710262566805,0.13606370985507965,8.816066838335246e-06,,,,,1.0510799413823406,,
seed-0,achilles,direct_quadratic,11,1.0483479499816895,0.002518602879717946,0.13597482442855835,8.855819942255039e-06,,,,,1.0508754086813497,,
seed-0,achilles,direct_quadratic,12,1.0481865406036377,0.0024857737589627504,0.13589702546596527,8.89819330041064e-06,,,,,1.0506812125559009,,
seed-0,achilles,direct_quadratic,13,1.048029899597168,0.00245440611615777,0.1358167827129364,8.94311597221531e-06,,,,,1.050493248829298,,
seed-0,achilles,direct_quadratic,14,1.0478777885437012,0.0024250426795333624,0.13574188947677612,8.991130926006008e-06,,,,,1.0503118223541605,,
seed-0,achilles,direct_quadratic,15,1.0477294921875,0.002397246891632676,0.13566511869430542,9.04283115232829e-06,,,,,1.050135781910285,,
seed-0,achilles,direct_quadratic,16,1.0475873947143555,0.0023706539068371058,0.13560405373573303,9.097411748371087e-06,,,,,1.049967146032941,,
seed-0,achilles,direct_quadratic,17,1.0474495887756348,0.002344304695725441,0.13555774092674255,9.154581675829832e-06,,,,,1.049803048053036,,
seed-0,achilles,direct_quadratic,18,1.047314167022705,0.0023179666604846716,0.1355157345533371,9.214737474394497e-06,,,,,1.0496413484206641,,
seed-0,achilles,direct_quadratic,19,1.0471827983856201,0.0022920493502169847,0.13547098636627197,9.277769095206168e-06,,,,,1.0494841255049323,,
seed-0,achilles,direct_quadratic,20,1.0470556020736694,0.0022667034063488245,0.1354190856218338,9.343405508843716e-06,,,,,1.049331648885527,,
seed-0,achilles,direct_quadratic,21,1.046932578086853,0.0022417802829295397,0.13536183536052704,9.411269275005907e-06,,,,,1.0491837696390576,,
seed-0,achilles,direct_quadratic,22,1.04681396484375,0.0022185693960636854,0.13530582189559937,9.481535926170181e-06,,,,,1.0490420157757399,,
seed-0,achilles,direct_quadratic,23,1.0466992855072021,0.0021975578274577856,0.1352769136428833,9.554721145832445e-06,,,,,1.0489063980558058,,
seed-0,achilles,direct_quadratic,24,1.0465877056121826,0.002178475959226489,0.13528002798557281,9.630726708564907e-06,,,,,1.0487758122981177,,
seed-0,achilles,direct_quadratic,25,1.0464763641357422,0.002161811338737607,0.13532038033008575,9.709539881441742e-06,,,,,1.0486478850143612,,
seed-0,achilles,direct_quadratic,26,1.0463683605194092,0.002147194230929017,0.13538649678230286,9.791412594495341e-06,,,,,1.0485253461629327,,
seed-0,achilles,direct_quadratic,27,1.0462638139724731,0.0021338157821446657,0.13547383248806,9.87698422250105e-06,,,,,1.0484075067388403,,
seed-0,achilles,direct_quadratic,28,1.0461628437042236,0.002120299031957984,0.13556595146656036,9.965900972019881e-06,,,,,1.0482931086371536,,
seed-0,achilles,direct_quadratic,29,1.0460654497146606,0.0021078826393932104,0.13565734028816223,1.0058077350549866e-05,,,,,1.0481833904314044,,
seed-0,achilles,direct_quadratic,30,1.0459692478179932,0.002096897689625621,0.13575460016727448,1.0152722097700462e-05,,,,,1.0480762982297165,,
seed-0,achilles,pnp,1,1.0502591133117676,0.0030586463399231434,0.1364036500453949,8.591196092311293e-06,,,0.0008556409738957882,0.01007105689495802,,,0.0027283611707389355
seed-0,achilles,pnp,2,1.050036907196045,0.0030136576388031244,0.136567160487175,8.595558938395698e-06,,,9.235969628207386e-05,0.009295356459915638,,,0.0027283611707389355
seed-0,achilles,pnp,3,1.049824833869934,0.0029701348394155502,0.13672380149364471,8.605894436186645e-06,,,6.668099376838654e-05,0.009060557931661606,,,0.0027283611707389355
seed-0,achilles,pnp,4,1.0496246814727783,0.002928975038230419,0.13683675229549408,8.621364941063803e-06,,,6.422596197808161e-05,0.008729346096515656,,,0.0027283611707389355
seed-0,achilles,pnp,5,1.0494327545166016,0.0028899686876684427,0.13691847026348114,8.641978638479486e-06,,,6.611908611375839e-05,0.008648458868265152,,,0.0027283611707389355
seed-0,achilles,pnp,6,1.0492486953735352,0.002851378871127963,0.13696733117103577,8.666945177537855e-06,,,6.45802792860195e-05,0.008530869148671627,,,0.0027283611707389355
seed-0,achilles,pnp,7,1.0490716695785522,0.0028140649665147066,0.13699528574943542,8.695756150700618e-06,,,6.610125274164602e-05,0.008389933966100216,,,0.0027283611707389355
seed-0,achilles,pnp,8,1.0489013195037842,0.0027783894911408424,0.13701725006103516,8.728349712328054e-06,,,6.693231262033805e-05,0.008382631465792656,,,0.0027283611707389355
seed-0,achilles,pnp,9,1.0487349033355713,0.0027438034303486347,0.13700875639915466,8.764441190578509e-06,,,6.750728789484128e-05,0.00832741055637598,,,0.0027283611707389355
seed-0,achilles,pnp,10,1.0485713481903076,0.0027121438179165125,0.1370062530040741,8.803874152363278e-06,,,6.539052992593497e-05,0.008327612653374672,,,0.0027283611707389355
seed-0,achilles,pnp,11,1.0484129190444946,0.0026822455693036318,0.13701218366622925,8.84691507962998e-06,,,6.326364382402971e-05,0.008350932970643044,,,0.0027283611707389355
seed-0,achilles,pnp,12,1.0482590198516846,0.002655315212905407,0.1370323747396469,8.893721314962022e-06,,,5.7309065596200526e-05,0.00827203132212162,,,0.0027283611707389355
seed-0,achilles,pnp,13,1.0481067895889282,0.0026311171241104603,0.13705433905124664,8.943981811171398e-06,,,5.418921136879362e-05,0.00817818008363247,,,0.0027283611707389355
seed-0,achilles,pnp,14,1.0479618310928345,0.002608961658552289,0.13706395030021667,8.998097655421589e-06,,,5.0987589929718524e-05,0.008006651885807514,,,0.0027283611707389355
seed-0,achilles,pnp,15,1.0478206872940063,0.00258843507617712,0.137051522731781,9.05585056898417e-06,,,5.344038436305709e-05,0.007837815210223198,,,0.0027283611707389355
seed-0,achilles,pnp,16,1.047683835029602,0.0025690398178994656,0.13704106211662292,9.11708684725454e-06,,,5.174411126063205e-05,0.007806533947587013,,,0.0027283611707389355
seed-0,achilles,pnp,17,1.0475502014160156,0.0025509456172585487,0.137045219540596,9.181417226500344e-06,,,4.965834887116216e-05,0.007769966963678598,,,0.0027283611707389355
seed-0,achilles,pnp,18,1.047419786453247,0.002533638384193182,0.13705553114414215,9.248303285858128e-06,,,4.8404141125502065e-05,0.007643660064786673,,,0.0027283611707389355
seed-0,achilles,pnp,19,1.0472936630249023,0.002516654785722494,0.13706497848033905,9.317841431766283e-06,,,4.938993151881732e-05,0.0074836150743067265,,,0.0027283611707389355
seed-0,achilles,pnp,20,1.047170639038086,0.002500333124771714,0.137067973613739,9.3904900495545e-06,,,4.895125675830059e-05,0.007316466886550188,,,0.0027283611707389355
seed-0,achilles,pnp,21,1.0470508337020874,0.002485204953700304,0.1370772272348404,9.466783012612723e-06,,,4.8611553211230785e-05,0.007117345929145813,,,0.0027283611707389355
seed-0,achilles,pnp,22,1.0469332933425903,0.002470603911206126,0.13708971440792084,9.547033187118359e-06,,,4.6977300371509045e-05,0.0068833669647574425,,,0.0027283611707389355
seed-0,achilles,pnp,23,1.0468180179595947,0.0024559386074543,0.13711170852184296,9.630681233829819e-06,,,4.7048026317497715e-05,0.006710176356136799,,,0.0027283611707389355
seed-0,achilles,pnp,24,1.0467042922973633,0.002441540826112032,0.13713839650154114,9.718340152176097e-06,,,4.8807145503815264e-05,0.006554214749485254,,,0.0027283611707389355
seed-0,achilles,pnp,25,1.046592354774475,0.00242801196873188,0.1371813416481018,9.81064931693254e-06,,,5.0599770474946126e-05,0.006570267491042614,,,0.0027283611707389355
seed-0,achilles,pnp,26,1.0464856624603271,0.002414731541648507,0.13723760843276978,9.906746527121868e-06,,,5.126226460561156e-05,0.006402578670531511,,,0.0027283611707389355
seed-0,achilles,pnp,27,1.046382188796997,0.002401909092441201,0.13730697333812714,1.0006664524553344e-05,,,4.91492246510461e-05,0.006232441868633032,,,0.0027283611707389355
seed-0,achilles,pnp,28,1.0462814569473267,0.002390105975791812,0.13740192353725433,1.011010681395419e-05,,,4.7267149057006463e-05,0.006130704656243324,,,0.0027283611707389355
seed-0,achilles,pnp,29,1.0461819171905518,0.002379066776484251,0.13750801980495453,1.0217892850050703e-05,,,4.571359386318363e-05,0.0061455960385501385,,,0.0027283611707389355
seed-0,achilles,pnp,30,1.0460844039916992,0.002368316752836108,0.1376153528690338,1.0329921678930987e-05,,,4.644083674065769e-05,0.0060978420078754425,,,0.0027283611707389355
seed-0,buddy,admm_quadratic,1,1.0572388172149658,0.0045013208873569965,0.18766869604587555,8.050771612033714e-06,7.820960945537081e-07,6,0.02582237869501114,0.02968548983335495,1.0617481888739349,,
seed-0,buddy,admm_quadratic,2,1.056929111480713,0.004399091470986605,0.18718461692333221,8.055557373154443e-06,9.462037269258872e-07,6,0.0051346695981919765,0.020506402477622032,1.0613362585090726,,
seed-0,buddy,admm_quadratic,3,1.0566431283950806,0.004310846794396639,0.18681472539901733,8.06822663435014e-06,9.939334404407418e-07,6,0.0015040450962260365,0.009191418066620827,1.0609620434161116,,
seed-0,buddy,admm_quadratic,4,1.0563626289367676,0.004245458636432886,0.1866295486688614,8.086977686616592e-06,1.006763454824977e-06,6,0.0011166350450366735,0.008258765563368797,1.060616174550887,,
seed-0,buddy,admm_quadratic,5,1.0560928583145142,0.004187460523098707,0.1864771544933319,8.110211638268083e-06,1.0091569038195303e-06,6,0.001136466977186501,0.008002335205674171,1.0602884290492511,,
seed-0,buddy,admm_quadratic,6,1.055833101272583,0.00413397466763854,0.1863345056772232,8.138377779687289e-06,1.0033876378656714e-06,6,0.0011247947113588452,0.007752950303256512,1.0599752143180012,,
seed-0,buddy,admm_quadratic,7,1.055580973625183,0.004083298612385988,0.18619787693023682,8.17160980659537e-06,9.991603064918309e-07,6,0.0011109758634120226,0.007536114193499088,1.0596724438473757,,
seed-0,buddy,admm_quadratic,8,1.0553390979766846,0.004035331774502993,0.1860695332288742,8.209748557419516e-06,9.933912679116474e-07,6,0.0010932006407529116,0.0073632970452308655,1.059382639499745,,
seed-0,buddy,admm_quadratic,9,1.055104374885559,0.003989668097347021,0.18592588603496552,8.253110536315944e-06,9.900905979520758e-07,6,0.0010666078887879848,0.007216178812086582,1.0591022960934424,,
seed-0,buddy,admm_quadratic,10,1.0548754930496216,0.003946513868868351,0.18577086925506592,8.30169392429525e-06,9.835861192186712e-07,6,0.001030490966513753,0.007069338113069534,1.0588303086124142,,
seed-0,buddy,admm_quadratic,11,1.0546541213989258,0.0039057626854628325,0.18561287224292755,8.354873898497317e-06,9.797157645152765e-07,6,0.0009869501227512956,0.006959429942071438,1.058568238958287,,
seed-0,buddy,admm_quadratic,12,1.0544382333755493,0.0038676417898386717,0.185458704829216,8.411685485043563e-06,9.75738316810748e-07,6,0.0009515590500086546,0.006826355122029781,1.058314286850873,,
seed-0,buddy,admm_quadratic,13,1.0542266368865967,0.00383194861933589,0.1853058934211731,8.47232422529487e-06,9.702057468530256e-07,6,0.0009149989346042275,0.006705109961330891,1.0580670578301579,,
seed-0,buddy,admm_quadratic,14,1.0540214776992798,0.003798763733357191,0.1851700246334076,8.537476787751075e-06,9.674071179688326e-07,6,0.0008756928145885468,0.006557588931173086,1.0578287789094247,,
seed-0,buddy,admm_quadratic,15,1.053823471069336,0.003767642891034484,0.18503887951374054,8.607094059698284e-06,9.629040960135171e-07,6,0.0008461123215965927,0.0063943564891815186,1.0575997210544301,,
seed-0,buddy,admm_quadratic,16,1.0536292791366577,0.0037393071688711643,0.18492066860198975,8.68033203005325e-06,9.577713626640616e-07,6,0.0008262429037131369,0.0062635489739477634,1.057377266637559,,
seed-0,buddy,admm_quadratic,17,1.053438425064087,0.0037126599345356226,0.18481649458408356,8.757794603297953e-06,9.555270708005992e-07,6,0.0008101296843960881,0.006193168461322784,1.0571598427932258,,
seed-0,buddy,admm_quadratic,18,1.0532499551773071,0.003686883021146059,0.18470878899097443,8.83995926415082e-06,9.545316288495087e-07,6,0.0008000170346349478,0.006149161607027054,1.0569456781577173,,
seed-0,buddy,admm_quadratic,19,1.053062081336975,0.0036630211398005486,0.18460416793823242,8.926705049816519e-06,9.526958706373989e-07,6,0.0007900882046669722,0.006064819637686014,1.0567340291818255,,
seed-0,buddy,admm_quadratic,20,1.0528777837753296,0.003640748793259263,0.1845022290945053,9.018380296765827e-06,9.521309038973413e-07,6,0.0007664266740903258,0.006060247775167227,1.0565275509488856,,
seed-0,buddy,admm_quadratic,21,1.0526975393295288,0.0036200324539095163,0.18439804017543793,9.11456754693063e-06,9.495906851952896e-07,6,0.0007353287655860186,0.0059629641473293304,1.0563266863509853,,
seed-0,buddy,admm_quadratic,22,1.052520751953125,0.0036017345264554024,0.18431614339351654,9.215586942445952e-06,9.495230415268452e-07,6,0.0007106724660843611,0.005942763295024633,1.0561317020665228,,
seed-0,buddy,admm_quadratic,23,1.0523486137390137,0.0035847248509526253,0.18423545360565186,9.320863682660274e-06,9.480085623181367e-07,6,0.0006826333119533956,0.005788757931441069,1.055942659453649,,
seed-0,buddy,admm_quadratic,24,1.0521793365478516,0.003567420644685626,0.18414142727851868,9.430120371689554e-06,9.476754598836123e-07,6,0.0006643690867349505,0.005639907903969288,1.0557561873129089,,
seed-0,buddy,admm_quadratic,25,1.0520111322402954,0.003551107831299305,0.18404021859169006,9.543290616420563e-06,9.46998909512331e-07,6,0.0006550167454406619,0.005541153252124786,1.0555717833622111,,
seed-0,buddy,admm_quadratic,26,1.0518428087234497,0.003535457421094179,0.18392889201641083,9.660489922680426e-06,9.4708877895755e-07,6,0.0006675755721516907,0.005530156195163727,1.0553879266344666,,
seed-0,buddy,admm_quadratic,27,1.0516759157180786,0.003520439611747861,0.18380770087242126,9.78166553977644e-06,9.470542750023014e-07,6,0.0006790375337004662,0.00550084188580513,1.0552061369953663,,
seed-0,buddy,admm_quadratic,28,1.051510214805603,0.0035057757049798965,0.18366973102092743,9.90665012068348e-06,9.462677894589433e-07,6,0.0006888842908665538,0.005452366545796394,1.0550258971607036,,
seed-0,buddy,admm_quadratic,29,1.0513412952423096,0.003492574905976653,0.18353548645973206,1.003555917122867e-05,9.44667874591687e-07,6,0.0007245008018799126,0.005497277714312077,1.0548439057074575,,
seed-0,buddy,admm_quadratic,30,1.0511740446090698,0.003480668645352125,0.18341697752475739,1.0168673725274857e-05,9.444951842851879e-07,6,0.0007243295549415052,0.0055065760388970375,1.0546648819281472,,
seed-0,buddy,admm_tv,1,1.0572388172149658,0.0045013208873569965,0.18766869604587555,8.050771612033714e-06,,,0.04958738386631012,0.05073053017258644,1.0760137375911654,2.2431069737649523e-05,
seed-0,buddy,admm_tv,2,1.056974172592163,0.004399203695356846,0.18673107028007507,8.054174941207748e-06,,,0.014384306967258453,0.04222064092755318,1.0756553337951118,5.87983140576398e-06,
seed-0,buddy,admm_tv,3,1.0567320585250854,0.0043142312206327915,0.18585820496082306,8.065249858191237e-06,,,0.007969153113663197,0.012347393669188023,1.075325944271026,2.745004167081788e-06,
seed-0,buddy,admm_tv,4,1.0564805269241333,0.004251538310199976,0.1852816492319107,8.082325621217024e-06,,,0.005492419935762882,0.008635037578642368,1.0750167741729455,1.4525550113830832e-06,
seed-0,buddy,admm_tv,5,1.0562365055084229,0.004192644264549017,0.18475012481212616,8.104313565127086e-06,,,0.004172245506197214,0.00787146482616663,1.0747196223032005,9.095871860154148e-07,
seed-0,buddy,admm_tv,6,1.0560009479522705,0.004136765841394663,0.18425102531909943,8.131562026392203e-06,,,0.003375850385054946,0.007397906854748726,1.0744341820462069,7.285979108928586e-07,
seed-0,buddy,admm_tv,7,1.0557712316513062,0.004083024803549051,0.183762788772583,8.164164682966657e-06,,,0.0028813714161515236,0.007166872266680002,1.0741556746932475,5.708123467229598e-07,
seed-0,buddy,admm_tv,8,1.0555458068847656,0.004031473770737648,0.1832839995622635,8.202252502087504e-06,,,0.0025258518289774656,0.007034442853182554,1.073882409093494,4.6175472334653023e-07,
seed-0,buddy,admm_tv,9,1.0553276538848877,0.003982621245086193,0.1828092783689499,8.24627022666391e-06,,,0.0022707947064191103,0.0068455589935183525,1.0736168279920093,3.7358043414315034e-07,
seed-0,buddy,admm_tv,10,1.055117130279541,0.003936671651899815,0.1823343187570572,8.295439329231158e-06,,,0.0020681596361100674,0.006759758107364178,1.073358857594576,2.9700805725951795e-07,
seed-0,buddy,admm_tv,11,1.0549112558364868,0.0038936154451221228,0.18186475336551666,8.349588824785315e-06,,,0.0019441104959696531,0.0066923419944942,1.0731060807618633,2.5524130364829034e-07,
seed-0,buddy,admm_tv,12,1.0547106266021729,0.003852483117952943,0.18140511214733124,8.408414942095987e-06,,,0.0018818055978044868,0.006627271417528391,1.072859546231848,2.2043566616503085e-07,
seed-0,buddy,admm_tv,13,1.0545098781585693,0.003813980845734477,0.18097583949565887,8.471450200886466e-06,,,0.0018354010535404086,0.006605245638638735,1.072615933558336,2.0419304291863227e-07,
seed-0,buddy,admm_tv,14,1.0543118715286255,0.003777255304157734,0.18056118488311768,8.53864366945345e-06,,,0.0018150570103898644,0.0065716649405658245,1.0723765286606066,1.74028158994588e-07,
seed-0,buddy,admm_tv,15,1.0541150569915771,0.0037422156892716885,0.18015804886817932,8.610355507698841e-06,,,0.0018049848731607199,0.006487593986093998,1.0721394722339028,1.6938740543537278e-07,
seed-0,buddy,admm_tv,16,1.053920030593872,0.0037089765537530184,0.17975948750972748,8.687127774464898e-06,,,0.0018004330340772867,0.0065003084018826485,1.0719046664726193,1.74028158994588e-07,
seed-0,buddy,admm_tv,17,1.053731918334961,0.0036770764272660017,0.1793672740459442,8.76880221767351e-06,,,0.0017717549344524741,0.00646684505045414,1.0716774145417731,1.8795040546137898e-07,
seed-0,buddy,admm_tv,18,1.05354905128479,0.0036468191538006067,0.17896884679794312,8.85549707163591e-06,,,0.0017259528394788504,0.006362156011164188,1.071454791461656,1.8330966611301847e-07,
seed-0,buddy,admm_tv,19,1.053372859954834,0.0036186501383781433,0.17856895923614502,8.946995876613073e-06,,,0.0017091651679947972,0.006234056316316128,1.071238702874325,1.8098928933341085e-07,
seed-0,buddy,admm_tv,20,1.053200364112854,0.0035914250183850527,0.17817316949367523,9.04269745660713e-06,,,0.0017173441592603922,0.006201815325766802,1.0710267237596782,1.8330966611301847e-07,
seed-0,buddy,admm_tv,21,1.0530319213867188,0.0035653160884976387,0.17778731882572174,9.142593626165763e-06,,,0.001727391849271953,0.006190571002662182,1.070819795862917,1.9955228935941705e-07,
seed-0,buddy,admm_tv,22,1.0528647899627686,0.0035404444206506014,0.17742037773132324,9.246945410268381e-06,,,0.0017464513657614589,0.006152748595923185,1.0706160746813111,2.1811528938542324e-07,
seed-0,buddy,admm_tv,23,1.0527031421661377,0.0035170521587133408,0.17705541849136353,9.355599104310386e-06,,,0.0017667830688878894,0.0060083623975515366,1.0704180396143783,2.3667828941142943e-07,
seed-0,buddy,admm_tv,24,1.0525459051132202,0.0034949311520904303,0.1766911745071411,9.468578355154023e-06,,,0.0017805821262300014,0.0059231300838291645,1.0702244911422896,2.3899866619103705e-07,
seed-0,buddy,admm_tv,25,1.0523895025253296,0.0034746176097542048,0.17634233832359314,9.585392035660334e-06,,,0.0017830872675403953,0.005887644365429878,1.0700333217497247,2.506005500890751e-07,
seed-0,buddy,admm_tv,26,1.0522372722625732,0.003454498713836074,0.175983726978302,9.706126547825988e-06,,,0.0017933566123247147,0.0058128139935433865,1.0698453510869512,2.69163564325936e-07,
seed-0,buddy,admm_tv,27,1.0520902872085571,0.003435252932831645,0.17562028765678406,9.83049631031463e-06,,,0.001790955662727356,0.005724428687244654,1.0696621464705458,2.8308579658187227e-07,
seed-0,buddy,admm_tv,28,1.0519436597824097,0.003416898660361767,0.1752578467130661,9.958411283150781e-06,,,0.001763424719683826,0.0057105133309960365,1.0694794028649994,3.1325069471677125e-07,
seed-0,buddy,admm_tv,29,1.051795244216919,0.0033990114461630583,0.1748860627412796,1.0090335308632348e-05,,,0.001722980639897287,0.005700833164155483,1.0692939408263555,3.202118250555941e-07,
seed-0,buddy,admm_tv,30,1.051649808883667,0.003381282789632678,0.1745150089263916,1.0225590813206509e-05,,,0.0016963565722107887,0.005662314593791962,1.0691115353671194,3.062895643779484e-07,
seed-0,buddy,control,1,1.057224154472351,0.004500953014940023,0.18771764636039734,8.051774784689769e-06,,,,,,,
seed-0,buddy,control,2,1.0568885803222656,0.004450240638107061,0.18785615265369415,8.06258412922034e-06,,,,,,,
seed-0,buddy,control,3,1.0565770864486694,0.004406646825373173,0.1880136877298355,8.078817700152285e-06,,,,,,,
seed-0,buddy,control,4,1.0562827587127686,0.0043649147264659405,0.18814775347709656,8.099983460851945e-06,,,,,,,
seed-0,buddy,control,5,1.055999994277954,0.00432185735553503,0.18822228908538818,8.125330168695655e-06,,,,,,,
seed-0,buddy,control,6,1.0557286739349365,0.004280347377061844,0.1882755309343338,8.15542989585083e-06,,,,,,,
seed-0,buddy,control,7,1.0554685592651367,0.0042392294853925705,0.18831543624401093,8.190747394110076e-06,,,,,,,
seed-0,buddy,control,8,1.055216908454895,0.004199610557407141,0.18835224211215973,8.231221727328375e-06,,,,,,,
seed-0,buddy,control,9,1.054971694946289,0.004163866396993399,0.18839897215366364,8.27642361400649e-06,,,,,,,
seed-0,buddy,control,10,1.054731011390686,0.004128277767449617,0.18842187523841858,8.32660498417681e-06,,,,,,,
seed-0,buddy,control,11,1.0544922351837158,0.004092543851584196,0.18843144178390503,8.38152027426986e-06,,,,,,,
seed-0,buddy,control,12,1.0542597770690918,0.004060895182192326,0.18848223984241486,8.441193131147884e-06,,,,,,,
seed-0,buddy,control,13,1.0540330410003662,0.004031823016703129,0.18853844702243805,8.505252480972558e-06,,,,,,,
seed-0,buddy,control,14,1.0538138151168823,0.0040036351419985294,0.18855687975883484,8.57432769407751e-06,,,,,,,
seed-0,buddy,control,15,1.0536022186279297,0.003979127388447523,0.18858084082603455,8.648458788229618e-06,,,,,,,
seed-0,buddy,control,16,1.0533931255340576,0.003958556335419416,0.18862272799015045,8.727058229851536e-06,,,,,,,
seed-0,buddy,control,17,1.0531901121139526,0.003939334768801928,0.1886579543352127,8.81037976796506e-06,,,,,,,
seed-0,buddy,control,18,1.0529910326004028,0.003923613112419844,0.18871641159057617,8.898662599676754e-06,,,,,,,
seed-0,buddy,control,19,1.0527927875518799,0.003909750375896692,0.18878263235092163,8.991673894342966e-06,,,,,,,
seed-0,buddy,control,20,1.0525957345962524,0.0038949407171458006,0.188836008310318,9.089475497603416e-06,,,,,,,
seed-0,buddy,control,21,1.0524017810821533,0.0038823268841952085,0.18891093134880066,9.191797289531678e-06,,,,,,,
seed-0,buddy,control,22,1.0522133111953735,0.003872509580105543,0.18899326026439667,9.299370503867976e-06,,,,,,,
seed-0,buddy,control,23,1.0520291328430176,0.0038629898335784674,0.18904343247413635,9.411253813595977e-06,,,,,,,
seed-0,buddy,control,24,1.0518468618392944,0.003857483621686697,0.18912307918071747,9.527758265903685e-06,,,,,,,
seed-0,buddy,control,25,1.0516631603240967,0.0038532656617462635,0.18919651210308075,9.648904779169243e-06,,,,,,,
seed-0,buddy,control,26,1.0514793395996094,0.0038479603826999664,0.18924099206924438,9.774597856448963e-06,,,,,,,
seed-0,buddy,control,27,1.0512959957122803,0.003841614117845893,0.18924856185913086,9.904451871989295e-06,,,,,,,
seed-0,buddy,control,28,1.0511137247085571,0.0038366138469427824,0.1892515867948532,1.0038371328846551e-05,,,,,,,
seed-0,buddy,control,29,1.0509308576583862,0.003832358168438077,0.1892460733652115,1.017649810819421e-05,,,,,,,
seed-0,buddy,control,30,1.0507466793060303,0.0038317269645631313,0.18926604092121124,1.0318733075109776e-05,,,,,,,
seed-0,buddy,direct_quadratic,1,1.0572504997253418,0.004456571768969297,0.18720614910125732,8.047197297855746e-06,,,,,1.061715118691609,,
seed-0,buddy,direct_quadratic,2,1.0569394826889038,0.0043706330470740795,0.18692848086357117,8.05496074463008e-06,,,,,1.0613181706967225,,
seed-0,buddy,direct_quadratic,3,1.056638240814209,0.004303018096834421,0.18677277863025665,8.069169780355878e-06,,,,,1.0609493280808238,,
seed-0,buddy,direct_quadratic,4,1.0563502311706543,0.004243339411914349,0.18664446473121643,8.088992217381019e-06,,,,,1.060601659574786,,
seed-0,buddy,direct_quadratic,5,1.0560739040374756,0.004185554571449757,0.1865028738975525,8.113356670946814e-06,,,,,1.0602675719655963,,
seed-0,buddy,direct_quadratic,6,1.0558104515075684,0.0041289255023002625,0.18634794652462006,8.141973012243398e-06,,,,,1.0599475189828809,,
seed-0,buddy,direct_quadratic,7,1.0555552244186401,0.004075245000422001,0.1861957311630249,8.175499715434853e-06,,,,,1.0596386449187776,,
seed-0,buddy,direct_quadratic,8,1.055307149887085,0.004024917259812355,0.18605905771255493,8.213908586185426e-06,,,,,1.0593402810554835,,
seed-0,buddy,direct_quadratic,9,1.055066466331482,0.003978049382567406,0.18592923879623413,8.257055924332235e-06,,,,,1.0590527727699737,,
seed-0,buddy,direct_quadratic,10,1.0548341274261475,0.003934134729206562,0.18579524755477905,8.305357368953992e-06,,,,,1.058776567512723,,
seed-0,buddy,direct_quadratic,11,1.0546088218688965,0.0038939821533858776,0.1856684386730194,8.358288141607773e-06,,,,,1.058511162310424,,
seed-0,buddy,direct_quadratic,12,1.0543897151947021,0.0038569981697946787,0.18554583191871643,8.41473593027331e-06,,,,,1.058255128100427,,
seed-0,buddy,direct_quadratic,13,1.0541750192642212,0.003822685917839408,0.18543249368667603,8.474970854877029e-06,,,,,1.0580061801529155,,
seed-0,buddy,direct_quadratic,14,1.0539665222167969,0.003790553193539381,0.18531814217567444,8.539423106412869e-06,,,,,1.0577656148334427,,
seed-0,buddy,direct_quadratic,15,1.053762674331665,0.003759504295885563,0.18519733846187592,8.608294592704624e-06,,,,,1.0575307869221433,,
seed-0,buddy,direct_quadratic,16,1.0535619258880615,0.003729649120941758,0.1850733458995819,8.682074621901847e-06,,,,,1.0573002570836252,,
seed-0,buddy,direct_quadratic,17,1.0533645153045654,0.0037032344844192266,0.18496423959732056,8.760757737036329e-06,,,,,1.0570765105467217,,
seed-0,buddy,direct_quadratic,18,1.0531716346740723,0.0036796543281525373,0.1848655343055725,8.844202966429293e-06,,,,,1.0568601332051912,,
seed-0,buddy,direct_quadratic,19,1.0529841184616089,0.0036578229628503323,0.18475745618343353,8.932621312851552e-06,,,,,1.056650874045772,,
seed-0,buddy,direct_quadratic,20,1.0528010129928589,0.0036371902097016573,0.18465033173561096,9.026077350426931e-06,,,,,1.056447229279911,,
seed-0,buddy,direct_quadratic,21,1.0526217222213745,0.003618585178628564,0.18455779552459717,9.124059943133034e-06,,,,,1.0562494314599462,,
seed-0,buddy,direct_quadratic,22,1.0524481534957886,0.003600561758503318,0.18444901704788208,9.226135261997115e-06,,,,,1.056057941389554,,
seed-0,buddy,direct_quadratic,23,1.0522780418395996,0.0035828992258757353,0.18433380126953125,9.33233241084963e-06,,,,,1.0558702733978862,,
seed-0,buddy,direct_quadratic,24,1.052112340927124,0.0035650196950882673,0.18420355021953583,9.443057933822274e-06,,,,,1.0556868036801461,,
seed-0,buddy,direct_quadratic,25,1.0519468784332275,0.003548193722963333,0.1840732991695404,9.558214514981955e-06,,,,,1.0555046303707059,,
seed-0,buddy,direct_quadratic,26,1.0517829656600952,0.0035325344651937485,0.18394982814788818,9.678081369202118e-06,,,,,1.0553251782066582,,
seed-0,buddy,direct_quadratic,27,1.0516183376312256,0.0035188980400562286,0.18383371829986572,9.802366548683494e-06,,,,,1.0551470380378305,,
seed-0,buddy,direct_quadratic,28,1.0514533519744873,0.003505778731778264,0.1837141513824463,9.930736268870533e-06,,,,,1.0549690614425344,,
seed-0,buddy,direct_quadratic,29,1.051289439201355,0.0034920733887702227,0.183580219745636,1.0063022273243405e-05,,,,,1.0547915756123984,,
seed-0,buddy,direct_quadratic,30,1.0511221885681152,0.003481187392026186,0.18346752226352692,1.0198807103733998e-05,,,,,1.0546135747672452,,
seed-0,buddy,pnp,1,1.0572388172149658,0.0045013208873569965,0.18766869604587555,8.050771612033714e-06,,,0.0015741975512355566,0.01084044761955738,,,0.010679728351533413
seed-0,buddy,pnp,2,1.0569117069244385,0.004444169346243143,0.1876898556947708,8.059311767283361e-06,,,0.0001438162726117298,0.009720190428197384,,,0.010679728351533413
seed-0,buddy,pnp,3,1.056605339050293,0.004393097013235092,0.18773868680000305,8.073442586464807e-06,,,7.994382758624852e-05,0.009093898348510265,,,0.010679728351533413
seed-0,buddy,pnp,4,1.0563149452209473,0.004347571171820164,0.18780013918876648,8.092591997410636e-06,,,7.588379958178848e-05,0.008546157740056515,,,0.010679728351533413
seed-0,buddy,pnp,5,1.0560336112976074,0.004304162226617336,0.18783533573150635,8.116884600894991e-06,,,7.753088721074164e-05,0.008323168382048607,,,0.010679728351533413
seed-0,buddy,pnp,6,1.0557650327682495,0.004263028968125582,0.18786771595478058,8.14641134638805e-06,,,7.508871203754097e-05,0.007976050488650799,,,0.010679728351533413
seed-0,buddy,pnp,7,1.0555057525634766,0.0042239222675561905,0.18791258335113525,8.18119769974146e-06,,,7.389757229248062e-05,0.0077217575162649155,,,0.010679728351533413
seed-0,buddy,pnp,8,1.0552561283111572,0.004185596946626902,0.18793773651123047,8.221072675951291e-06,,,7.040280615910888e-05,0.007438172120600939,,,0.010679728351533413
seed-0,buddy,pnp,9,1.0550127029418945,0.0041494970209896564,0.1879452019929886,8.26564064482227e-06,,,6.98092335369438e-05,0.007302633486688137,,,0.010679728351533413
seed-0,buddy,pnp,10,1.054772973060608,0.004115001764148474,0.18794110417366028,8.314836122735869e-06,,,7.165096030803397e-05,0.007267102599143982,,,0.010679728351533413
seed-0,buddy,pnp,11,1.0545356273651123,0.004081480670720339,0.18792720139026642,8.368770977540407e-06,,,7.455777085851878e-05,0.007220234256237745,,,0.010679728351533413
seed-0,buddy,pnp,12,1.0543043613433838,0.0040494962595403194,0.18790845572948456,8.427644388575573e-06,,,7.681256101932377e-05,0.007090973202139139,,,0.010679728351533413
seed-0,buddy,pnp,13,1.0540786981582642,0.004020411055535078,0.18790985643863678,8.490875188726932e-06,,,7.434997678501531e-05,0.006913414690643549,,,0.010679728351533413
seed-0,buddy,pnp,14,1.0538619756698608,0.003993353806436062,0.18790806829929352,8.558638000977226e-06,,,7.039844786049798e-05,0.00676343310624361,,,0.010679728351533413
seed-0,buddy,pnp,15,1.0536508560180664,0.003968412987887859,0.18790000677108765,8.631280252302531e-06,,,7.149590237531811e-05,0.006710423156619072,,,0.010679728351533413
seed-0,buddy,pnp,16,1.0534451007843018,0.0039456686936318874,0.18789638578891754,8.708286259206943e-06,,,7.232624193420634e-05,0.006620023399591446,,,0.010679728351533413
seed-0,buddy,pnp,17,1.0532448291778564,0.003924719523638487,0.18789871037006378,8.790099855104927e-06,,,6.828726327512413e-05,0.0065160817466676235,,,0.010679728351533413
seed-0,buddy,pnp,18,1.0530478954315186,0.003906962461769581,0.18791458010673523,8.876604624674655e-06,,,6.701480015181005e-05,0.006398268975317478,,,0.010679728351533413
seed-0,buddy,pnp,19,1.052852988243103,0.0038911839947104454,0.1879347860813141,8.967923349700868e-06,,,6.918581493664533e-05,0.006382091902196407,,,0.010679728351533413
seed-0,buddy,pnp,20,1.0526587963104248,0.003876777831465006,0.18795263767242432,9.063574907486327e-06,,,7.039109186735004e-05,0.006363177206367254,,,0.010679728351533413
seed-0,buddy,pnp,21,1.052464485168457,0.0038630561903119087,0.18796662986278534,9.164128641714342e-06,,,7.071695290505886e-05,0.006368761882185936,,,0.010679728351533413
seed-0,buddy,pnp,22,1.0522733926773071,0.0038507338613271713,0.1879785656929016,9.269606380257756e-06,,,6.8187880970072e-05,0.0062730745412409306,,,0.010679728351533413
seed-0,buddy,pnp,23,1.0520862340927124,0.00384065811522305,0.18800757825374603,9.379681614518631e-06,,,6.534149724757299e-05,0.006187319289892912,,,0.010679728351533413
seed-0,buddy,pnp,24,1.0519007444381714,0.003831034991890192,0.1880362331867218,9.495039194007404e-06,,,6.688071152893826e-05,0.006149039603769779,,,0.010679728351533413
seed-0,buddy,pnp,25,1.0517170429229736,0.003823326900601387,0.18806399405002594,9.615634553483687e-06,,,6.917848077137023e-05,0.006135765463113785,,,0.010679728351533413
seed-0,buddy,pnp,26,1.0515339374542236,0.0038164237048476934,0.188079372048378,9.740679161041044e-06,,,7.108275895006955e-05,0.006189777050167322,,,0.010679728351533413
seed-0,buddy,pnp,27,1.0513513088226318,0.003809066955000162,0.18808643519878387,9.869524546957109e-06,,,7.020165503490716e-05,0.00620077783241868,,,0.010679728351533413
seed-0,buddy,pnp,28,1.0511691570281982,0.0038018638733774424,0.18808113038539886,1.0002449926105328e-05,,,7.08039224264212e-05,0.006170662585645914,,,0.010679728351533413
seed-0,buddy,pnp,29,1.0509867668151855,0.0037957585882395506,0.18806739151477814,1.0139267033082433e-05,,,7.106064003892243e-05,0.006167827174067497,,,0.010679728351533413
seed-0,buddy,pnp,30,1.0508074760437012,0.0037908393424004316,0.18806509673595428,1.0279864909534808e-05,,,6.982317427173257e-05,0.006213515065610409,,,0.010679728351533413
seed-0,cicero,admm_quadratic,1,1.056756854057312,0.005835270043462515,0.20269668102264404,8.52357243275037e-06,9.39199651384115e-07,6,0.03253215551376343,0.036353617906570435,1.0626006476732073,,
seed-0,cicero,admm_quadratic,2,1.0564130544662476,0.005728465039283037,0.20214687287807465,8.531463208782952e-06,1.1556073786778143e-06,6,0.007777377963066101,0.025529878214001656,1.0621500509687394,,
seed-0,cicero,admm_quadratic,3,1.056088924407959,0.0056260982528328896,0.20164358615875244,8.547871402697638e-06,1.2354838645478594e-06,6,0.0024880266282707453,0.011191052384674549,1.0617235705321946,,
seed-0,cicero,admm_quadratic,4,1.055785059928894,0.005541135556995869,0.20124422013759613,8.570884347136598e-06,1.2674851177507662e-06,6,0.0014595943503081799,0.009648201055824757,1.061334766370237,,
seed-0,cicero,admm_quadratic,5,1.0554994344711304,0.005465512629598379,0.2008732408285141,8.599839929956943e-06,1.2820780739275506e-06,6,0.0013945173704996705,0.008977803401648998,1.0609735469406587,,
seed-0,cicero,admm_quadratic,6,1.0552277565002441,0.005395673681050539,0.20051346719264984,8.634725418232847e-06,1.2892156746602268e-06,6,0.0013683113502338529,0.008474510163068771,1.060632064906713,,
seed-0,cicero,admm_quadratic,7,1.0549691915512085,0.0053301467560231686,0.20016013085842133,8.67577091412386e-06,1.2940390661242418e-06,6,0.001322917640209198,0.00799726415425539,1.0603080140781458,,
seed-0,cicero,admm_quadratic,8,1.0547206401824951,0.005268516950309277,0.19981372356414795,8.72269993124064e-06,1.299684868172335e-06,6,0.0012727455468848348,0.007601513527333736,1.0599978798327356,,
seed-0,cicero,admm_quadratic,9,1.0544830560684204,0.00521043548360467,0.19947700202465057,8.775436981522944e-06,1.3028384273638949e-06,6,0.0012187289539724588,0.007248749490827322,1.0597022669890066,,
seed-0,cicero,admm_quadratic,10,1.054253339767456,0.005155690014362335,0.19914579391479492,8.833372703520581e-06,1.3059720913588535e-06,6,0.0011723180068656802,0.0069517758674919605,1.059417863154522,,
seed-0,cicero,admm_quadratic,11,1.0540289878845215,0.0051042004488408566,0.19881001114845276,8.89685452420963e-06,1.309954427597404e-06,6,0.0011399599025025964,0.006751560140401125,1.0591420851878866,,
seed-0,cicero,admm_quadratic,12,1.0538123846054077,0.005055663175880909,0.19847948849201202,8.965314009401482e-06,1.3140604551153956e-06,6,0.001110407174564898,0.006554493680596352,1.058877013095298,,
seed-0,cicero,admm_quadratic,13,1.053602695465088,0.005009893327951431,0.19814901053905487,9.038422831508797e-06,1.3161159131414024e-06,6,0.001081835594959557,0.006414556410163641,1.0586216272158708,,
seed-0,cicero,admm_quadratic,14,1.0533974170684814,0.00496642105281353,0.19781389832496643,9.11595816432964e-06,1.3180099358578445e-06,6,0.0010485752718523145,0.006260534282773733,1.0583729540794593,,
seed-0,cicero,admm_quadratic,15,1.0531976222991943,0.00492507591843605,0.19748947024345398,9.197797226079274e-06,1.3215047829362447e-06,6,0.0010167056461796165,0.006118448451161385,1.0581318960148565,,
seed-0,cicero,admm_quadratic,16,1.0530033111572266,0.00488584628328681,0.19717730581760406,9.284185580327176e-06,1.3272670003061648e-06,6,0.0009842182043939829,0.005920857656747103,1.0578984416260937,,
seed-0,cicero,admm_quadratic,17,1.0528132915496826,0.0048481784760952,0.1968630701303482,9.375314220960718e-06,1.3299809324962553e-06,6,0.000950970861595124,0.005757078528404236,1.0576708453399988,,
seed-0,cicero,admm_quadratic,18,1.0526283979415894,0.004812339786440134,0.1965612769126892,9.47084481595084e-06,1.3330180763659882e-06,6,0.0009269941947422922,0.005598882213234901,1.0574502085728454,,
seed-0,cicero,admm_quadratic,19,1.0524479150772095,0.004778691567480564,0.1962839812040329,9.570658221491612e-06,1.3360510138227255e-06,6,0.0009066226193681359,0.0054789455607533455,1.0572361773029115,,
seed-0,cicero,admm_quadratic,20,1.0522713661193848,0.004746284801512957,0.1960098147392273,9.674319699115586e-06,1.3362216577661457e-06,6,0.0008889601449482143,0.005417854990810156,1.0570273252405968,,
seed-0,cicero,admm_quadratic,21,1.0520977973937988,0.004715121816843748,0.19573037326335907,9.782145752978977e-06,1.3398027931543766e-06,6,0.0008691905532032251,0.005353085696697235,1.0568227013563956,,
seed-0,cicero,admm_quadratic,22,1.0519287586212158,0.004685051739215851,0.19544433057308197,9.894349204842001e-06,1.3424966027741903e-06,6,0.0008489512838423252,0.0052272421307861805,1.0566237047096365,,
seed-0,cicero,admm_quadratic,23,1.0517642498016357,0.004656007047742605,0.19515864551067352,1.0010398000304122e-05,1.343503754469566e-06,6,0.0008263412164524198,0.0051043154671788216,1.0564302672473787,,
seed-0,cicero,admm_quadratic,24,1.0516023635864258,0.004627798218280077,0.1948770135641098,1.0129864676855505e-05,1.3451737004288589e-06,6,0.0008092340431176126,0.005029493942856789,1.0562402916693827,,
seed-0,cicero,admm_quadratic,25,1.051445484161377,0.004600359592586756,0.19459517300128937,1.0253047548758332e-05,1.347683564745239e-06,6,0.0007758440915495157,0.00490263057872653,1.0560560968015125,,
seed-0,cicero,admm_quadratic,26,1.0512913465499878,0.004573723301291466,0.19431431591510773,1.0380211278970819e-05,1.3487591559169232e-06,6,0.0007597579387947917,0.004868562798947096,1.0558754500625582,,
seed-0,cicero,admm_quadratic,27,1.0511395931243896,0.004548940341919661,0.19404728710651398,1.051123945217114e-05,1.3494999393515172e-06,6,0.000755456683691591,0.004852214828133583,1.0556990447057615,,
seed-0,cicero,admm_quadratic,28,1.0509897470474243,0.00452541746199131,0.1937842220067978,1.0646029295457993e-05,1.3504026128430269e-06,6,0.0007460495107807219,0.004791650455445051,1.055525810538711,,
seed-0,cicero,admm_quadratic,29,1.0508414506912231,0.0045028324238955975,0.19353048503398895,1.0784303412947338e-05,1.3522499102691654e-06,6,0.0007413969142362475,0.00478962529450655,1.0553550674185317,,
seed-0,cicero,admm_quadratic,30,1.0506951808929443,0.00448148837313056,0.1932796686887741,1.0926138202194124e-05,1.3515110595108126e-06,6,0.0007369587547145784,0.0048071532510221004,1.055187595404277,,
seed-0,cicero,admm_tv,1,1.056756854057312,0.005835270043462515,0.20269668102264404,8.52357243275037e-06,,,0.05642867833375931,0.05826152116060257,1.0770350457320093,2.1004298105253838e-05,
seed-0,cicero,admm_tv,2,1.0564489364624023,0.005741508211940527,0.2016952484846115,8.536706445738673e-06,,,0.015102122910320759,0.049952052533626556,1.0766269980173093,6.249098987609614e-06,
seed-0,cicero,admm_tv,3,1.0561624765396118,0.005658337846398354,0.20069648325443268,8.559990419598762e-06,,,0.008618944324553013,0.013912481255829334,1.0762406848554746,2.713283947741729e-06,
seed-0,cicero,admm_tv,4,1.0558829307556152,0.005587914027273655,0.1999061554670334,8.588793207309209e-06,,,0.006000857334583998,0.010338293388485909,1.0758821350955259,1.5367137393695884e-06,
seed-0,cicero,admm_tv,5,1.0556156635284424,0.005521339364349842,0.19915232062339783,8.622895620646887e-06,,,0.00464450241997838,0.009232555516064167,1.0755395184864027,1.0850084208868793e-06,
seed-0,cicero,admm_tv,6,1.0553606748580933,0.005458343308418989,0.19841349124908447,8.6626077973051e-06,,,0.003818884491920471,0.0086549436673522,1.075210686590799,7.996405315680022e-07,
seed-0,cicero,admm_tv,7,1.055116891860962,0.005398059729486704,0.19767917692661285,8.708324457984418e-06,,,0.0032759029418230057,0.00817480031400919,1.0748935178780812,6.287249902925396e-07,
seed-0,cicero,admm_tv,8,1.0548813343048096,0.005339525640010834,0.196940615773201,8.75980458658887e-06,,,0.002900177612900734,0.007805576082319021,1.0745841556867162,4.5933549586152367e-07,
seed-0,cicero,admm_tv,9,1.054654836654663,0.005283493082970381,0.19620102643966675,8.816759873297997e-06,,,0.0026427078992128372,0.007494991645216942,1.074283756058503,3.677735946894245e-07,
seed-0,cicero,admm_tv,10,1.0544373989105225,0.0052300989627838135,0.19547051191329956,8.879184861143585e-06,,,0.0024675207678228617,0.007219377439469099,1.0739933292867136,3.2046662568063766e-07,
seed-0,cicero,admm_tv,11,1.054227352142334,0.005179498344659805,0.1947440803050995,8.94692220754223e-06,,,0.002341973828151822,0.007001774851232767,1.0737107070950516,2.868939361633238e-07,
seed-0,cicero,admm_tv,12,1.0540224313735962,0.005131736863404512,0.19403180480003357,9.019368008011952e-06,,,0.0022664067801088095,0.006838622502982616,1.0734346312216076,2.3958693873282755e-07,
seed-0,cicero,admm_tv,13,1.05382239818573,0.005086145363748074,0.1933363527059555,9.096472240344156e-06,,,0.0021959857549518347,0.0066832141019403934,1.0731651299285658,2.380609203100903e-07,
seed-0,cicero,admm_tv,14,1.053629755973816,0.00504314387217164,0.19265848398208618,9.178263098874595e-06,,,0.00218213745392859,0.006470274645835161,1.0729047826351235,2.0754028184910567e-07,
seed-0,cicero,admm_tv,15,1.0534427165985107,0.005002299323678017,0.1919822245836258,9.26503253140254e-06,,,0.0021680479403585196,0.006347054149955511,1.0726502040894048,1.922799697240407e-07,
seed-0,cicero,admm_tv,16,1.0532580614089966,0.004962763749063015,0.1913057416677475,9.356176633446012e-06,,,0.002136626048013568,0.006253563798964024,1.0723979917524047,1.8617583918967284e-07,
seed-0,cicero,admm_tv,17,1.0530767440795898,0.0049243285320699215,0.19063550233840942,9.451096957491245e-06,,,0.002108002547174692,0.006111742928624153,1.0721497454103883,1.7244155969819985e-07,
seed-0,cicero,admm_tv,18,1.052898645401001,0.004887252114713192,0.18995751440525055,9.549619790050201e-06,,,0.002090783789753914,0.006056120619177818,1.071903946461316,1.6633742916383198e-07,
seed-0,cicero,admm_tv,19,1.0527251958847046,0.004850589204579592,0.18927854299545288,9.6521662271698e-06,,,0.002073955023661256,0.0060359458439052105,1.071662702350477,1.6023331284031883e-07,
seed-0,cicero,admm_tv,20,1.0525578260421753,0.004814892541617155,0.188617542386055,9.758853593666572e-06,,,0.0020702951587736607,0.005904247984290123,1.0714293391343745,1.52603149672359e-07,
seed-0,cicero,admm_tv,21,1.0523947477340698,0.004781397059559822,0.1879749745130539,9.869640962278936e-06,,,0.002054729964584112,0.005750004202127457,1.0712021148263375,1.4649901913799113e-07,
seed-0,cicero,admm_tv,22,1.0522364377975464,0.004749697633087635,0.18734169006347656,9.98423456621822e-06,,,0.0020295060239732265,0.0056085409596562386,1.0709805910384602,1.571812475731349e-07,
seed-0,cicero,admm_tv,23,1.052079200744629,0.00471899937838316,0.18671074509620667,1.0102720807481091e-05,,,0.00202607992105186,0.00555817224085331,1.070760377975057,1.6633742916383198e-07,
seed-0,cicero,admm_tv,24,1.0519241094589233,0.004689722787588835,0.18608829379081726,1.0225354344584048e-05,,,0.002034114906564355,0.00555444834753871,1.0705431641923497,1.7396759233179182e-07,
seed-0,cicero,admm_tv,25,1.051770806312561,0.004661758430302143,0.18547526001930237,1.0351645869377535e-05,,,0.0020609141793102026,0.005552601534873247,1.0703286839603607,1.8159775549975166e-07,
seed-0,cicero,admm_tv,26,1.051620602607727,0.004634537734091282,0.18487250804901123,1.0481947356311139e-05,,,0.002078267512843013,0.005547598470002413,1.0701183353599846,1.7701965759897575e-07,
seed-0,cicero,admm_tv,27,1.0514740943908691,0.004608363378793001,0.1842842549085617,1.0615536666591652e-05,,,0.0020758190657943487,0.0054893153719604015,1.069913135418392,1.52603149672359e-07,
seed-0,cicero,admm_tv,28,1.0513314008712769,0.004583409521728754,0.18370689451694489,1.0751859008450992e-05,,,0.00206201639957726,0.005409850273281336,1.0697128421819797,1.434469680816619e-07,
seed-0,cicero,admm_tv,29,1.0511902570724487,0.004559752997010946,0.18313200771808624,1.0891249075939413e-05,,,0.00203931936994195,0.0054244683124125,1.0695143490933332,1.5412918230595096e-07,
seed-0,cicero,admm_tv,30,1.0510509014129639,0.004536882508546114,0.18255819380283356,1.1034159797418397e-05,,,0.002031162614002824,0.005470555741339922,1.0693177549530446,1.617593454739108e-07,
seed-0,cicero,control,1,1.056740403175354,0.005832630675286055,0.20267193019390106,8.523800715920515e-06,,,,,,,
seed-0,cicero,control,2,1.0563790798187256,0.0057529546320438385,0.20232918858528137,8.530406375939492e-06,,,,,,,
seed-0,cicero,control,3,1.056044101715088,0.005679316818714142,0.2020045518875122,8.544228876417037e-06,,,,,,,
seed-0,cicero,control,4,1.055731177330017,0.005611595697700977,0.2016954869031906,8.56487349665258e-06,,,,,,,
seed-0,cicero,control,5,1.055436611175537,0.005550307687371969,0.20142105221748352,8.59206193126738e-06,,,,,,,
seed-0,cicero,control,6,1.055159568786621,0.005493633449077606,0.20117585361003876,8.6256723079714e-06,,,,,,,
seed-0,cicero,control,7,1.0548962354660034,0.005440848879516125,0.2009611278772354,8.665698260301724e-06,,,,,,,
seed-0,cicero,control,8,1.0546433925628662,0.005391291808336973,0.20074893534183502,8.711755981494207e-06,,,,,,,
seed-0,cicero,control,9,1.0544002056121826,0.005344536155462265,0.20053225755691528,8.763910955167376e-06,,,,,,,
seed-0,cicero,control,10,1.054166316986084,0.005299462471157312,0.20030994713306427,8.821592018648516e-06,,,,,,,
seed-0,cicero,control,11,1.0539393424987793,0.005255468189716339,0.2000928372144699,8.88505564944353e-06,,,,,,,
seed-0,cicero,control,12,1.053720235824585,0.005212892312556505,0.1999005824327469,8.953823453339282e-06,,,,,,,
seed-0,cicero,control,13,1.0535058975219727,0.00517332274466753,0.1997278332710266,9.027901796798687e-06,,,,,,,
seed-0,cicero,control,14,1.0532965660095215,0.005137414671480656,0.19956770539283752,9.106971447181422e-06,,,,,,,
seed-0,cicero,control,15,1.0530915260314941,0.005103967152535915,0.19941261410713196,9.190919627144467e-06,,,,,,,
seed-0,cicero,control,16,1.0528897047042847,0.005072345025837421,0.19926150143146515,9.27957626117859e-06,,,,,,,
seed-0,cicero,control,17,1.052694320678711,0.0050424146465957165,0.19911600649356842,9.372852218803018e-06,,,,,,,
seed-0,cicero,control,18,1.0525044202804565,0.005014811642467976,0.19896452128887177,9.47106491366867e-06,,,,,,,
seed-0,cicero,control,19,1.052319049835205,0.004988768603652716,0.19881969690322876,9.573809620633256e-06,,,,,,,
seed-0,cicero,control,20,1.0521388053894043,0.004963722545653582,0.19867444038391113,9.681294613983482e-06,,,,,,,
seed-0,cicero,control,21,1.0519661903381348,0.004939839709550142,0.1985250860452652,9.793211575015448e-06,,,,,,,
seed-0,cicero,control,22,1.0517997741699219,0.004917727317661047,0.19839365780353546,9.908932042890228e-06,,,,,,,
seed-0,cicero,control,23,1.051633596420288,0.004896494094282389,0.19828255474567413,1.002840326691512e-05,,,,,,,
seed-0,cicero,control,24,1.0514671802520752,0.004875898826867342,0.19817806780338287,1.0152040886168834e-05,,,,,,,
seed-0,cicero,control,25,1.0513026714324951,0.004855625331401825,0.19808116555213928,1.0280028618581127e-05,,,,,,,
seed-0,cicero,control,26,1.0511409044265747,0.004836748354136944,0.19799113273620605,1.041209452523617e-05,,,,,,,
seed-0,cicero,control,27,1.0509788990020752,0.00481934892013669,0.19790223240852356,1.05488725239411e-05,,,,,,,
seed-0,cicero,control,28,1.0508179664611816,0.0048031993210315704,0.19781997799873352,1.0690335329854861e-05,,,,,,,
seed-0,cicero,control,29,1.0506591796875,0.004788897931575775,0.19777201116085052,1.0835291504918132e-05,,,,,,,
seed-0,cicero,control,30,1.050504207611084,0.004776640795171261,0.19775618612766266,1.0982984349539038e-05,,,,,,,
seed-0,cicero,direct_quadratic,1,1.056748390197754,0.005810760427266359,0.20253753662109375,8.523119504388887e-06,,,,,1.0625676737445247,,
seed-0,cicero,direct_quadratic,2,1.0563957691192627,0.005712312646210194,0.20207659900188446,8.531052117177751e-06,,,,,1.06211661281759,,
seed-0,cicero,direct_quadratic,3,1.056070327758789,0.0056208400055766106,0.20163743197917938,8.54657446325291e-06,,,,,1.061699714338829,,
seed-0,cicero,direct_quadratic,4,1.0557661056518555,0.005537224467843771,0.2012169361114502,8.568926205043681e-06,,,,,1.0613118990459043,,
seed-0,cicero,direct_quadratic,5,1.055478572845459,0.005461469292640686,0.20081929862499237,8.597737178206444e-06,,,,,1.0609486398752779,,
seed-0,cicero,direct_quadratic,6,1.0552045106887817,0.005392129998654127,0.20045700669288635,8.632836397737265e-06,,,,,1.0606052735238336,,
seed-0,cicero,direct_quadratic,7,1.0549418926239014,0.005327069666236639,0.2001071274280548,8.674400305608287e-06,,,,,1.0602776366904436,,
seed-0,cicero,direct_quadratic,8,1.054689884185791,0.005265508778393269,0.19976146519184113,8.72228429216193e-06,,,,,1.0599641152484764,,
seed-0,cicero,direct_quadratic,9,1.054448127746582,0.005207730457186699,0.1994166076183319,8.776196409598924e-06,,,,,1.0596646344001783,,
seed-0,cicero,direct_quadratic,10,1.0542147159576416,0.005152767989784479,0.19907616078853607,8.835281732899603e-06,,,,,1.059376319229159,,
seed-0,cicero,direct_quadratic,11,1.0539906024932861,0.005100603215396404,0.19874633848667145,8.899422027752735e-06,,,,,1.0591001051307103,,
seed-0,cicero,direct_quadratic,12,1.053775429725647,0.005051169544458389,0.1984165459871292,8.968404472398106e-06,,,,,1.0588355676745778,,
seed-0,cicero,direct_quadratic,13,1.053566813468933,0.005004486069083214,0.19808043539524078,9.042573765327688e-06,,,,,1.0585803421117816,,
seed-0,cicero,direct_quadratic,14,1.05336332321167,0.004960773512721062,0.19774873554706573,9.121483344642911e-06,,,,,1.0583332182077356,,
seed-0,cicero,direct_quadratic,15,1.0531654357910156,0.0049195671454072,0.1974320113658905,9.205149581248406e-06,,,,,1.058094208086004,,
seed-0,cicero,direct_quadratic,16,1.052971601486206,0.004880755674093962,0.19712765514850616,9.293812581745442e-06,,,,,1.0578616509728818,,
seed-0,cicero,direct_quadratic,17,1.0527822971343994,0.0048438794910907745,0.19683992862701416,9.387023965246044e-06,,,,,1.0576355636494554,,
seed-0,cicero,direct_quadratic,18,1.052597165107727,0.004809112288057804,0.19656428694725037,9.48473098105751e-06,,,,,1.057415762126766,,
seed-0,cicero,direct_quadratic,19,1.0524147748947144,0.00477628456428647,0.19629791378974915,9.586335181666072e-06,,,,,1.0572006457941825,,
seed-0,cicero,direct_quadratic,20,1.052236795425415,0.0047452086582779884,0.19603949785232544,9.691600098449271e-06,,,,,1.0569916956837915,,
seed-0,cicero,direct_quadratic,21,1.0520650148391724,0.00471597071737051,0.1957886964082718,9.800648513191845e-06,,,,,1.056790786205056,,
seed-0,cicero,direct_quadratic,22,1.0518991947174072,0.0046880184672772884,0.19553275406360626,9.914029760693666e-06,,,,,1.0565971272144452,,
seed-0,cicero,direct_quadratic,23,1.0517362356185913,0.004660670645534992,0.1952788382768631,1.003144006972434e-05,,,,,1.056406937704196,,
seed-0,cicero,direct_quadratic,24,1.0515761375427246,0.004634277895092964,0.19503720104694366,1.0152441063837614e-05,,,,,1.0562205678788814,,
seed-0,cicero,direct_quadratic,25,1.0514198541641235,0.004607955925166607,0.19478541612625122,1.0277077308273874e-05,,,,,1.0560380871665984,,
seed-0,cicero,direct_quadratic,26,1.0512655973434448,0.004582645371556282,0.19453364610671997,1.0405351531517226e-05,,,,,1.0558586480665326,,
seed-0,cicero,direct_quadratic,27,1.0511109828948975,0.004558912944048643,0.19430327415466309,1.0537100024521351e-05,,,,,1.0556804329389706,,
seed-0,cicero,direct_quadratic,28,1.0509569644927979,0.004536604043096304,0.19407358765602112,1.0672478310880251e-05,,,,,1.055504241014205,,
seed-0,cicero,direct_quadratic,29,1.0508055686950684,0.0045154201798141,0.1938387006521225,1.0811501852003857e-05,,,,,1.0553318003767345,,
seed-0,cicero,direct_quadratic,30,1.050657033920288,0.004495088942348957,0.19360217452049255,1.0953815035463776e-05,,,,,1.0551630766776725,,
seed-0,cicero,pnp,1,1.056756854057312,0.005835270043462515,0.20269668102264404,8.52357243275037e-06,,,0.001682973001152277,0.012194833718240261,,,0.008276071399450302
seed-0,cicero,pnp,2,1.0564093589782715,0.00576060963794589,0.20238198339939117,8.530329068889841e-06,,,0.00016232684720307589,0.010897810570895672,,,0.008276071399450302
seed-0,cicero,pnp,3,1.0560801029205322,0.005690098274499178,0.20207452774047852,8.544165211787913e-06,,,0.0001017077302094549,0.010287032462656498,,,0.008276071399450302
seed-0,cicero,pnp,4,1.0557698011398315,0.005623369012027979,0.20176737010478973,8.56458063935861e-06,,,9.97194874798879e-05,0.009575770236551762,,,0.008276071399450302
seed-0,cicero,pnp,5,1.0554758310317993,0.005561613943427801,0.20147953927516937,8.591973710281309e-06,,,9.775532817002386e-05,0.009005839936435223,,,0.008276071399450302
seed-0,cicero,pnp,6,1.055195689201355,0.005504240747541189,0.2012220323085785,8.625976988696493e-06,,,9.729836165206507e-05,0.008463714271783829,,,0.008276071399450302
seed-0,cicero,pnp,7,1.0549287796020508,0.005450555123388767,0.20098841190338135,8.66626578499563e-06,,,9.692775347502902e-05,0.007946277037262917,,,0.008276071399450302
seed-0,cicero,pnp,8,1.0546733140945435,0.005400302819907665,0.20076844096183777,8.712683666090015e-06,,,9.382340795127675e-05,0.007576337084174156,,,0.008276071399450302
seed-0,cicero,pnp,9,1.0544313192367554,0.005353680811822414,0.20055994391441345,8.765206985117402e-06,,,8.952582720667124e-05,0.007241255138069391,,,0.008276071399450302
seed-0,cicero,pnp,10,1.0541982650756836,0.0053086066618561745,0.2003474086523056,8.823523785395082e-06,,,8.55975376907736e-05,0.006956940051168203,,,0.008276071399450302
seed-0,cicero,pnp,11,1.0539711713790894,0.0052650743164122105,0.20012137293815613,8.887608601071406e-06,,,8.38758860481903e-05,0.00668325973674655,,,0.008276071399450302
seed-0,cicero,pnp,12,1.0537495613098145,0.005223141051828861,0.19989632070064545,8.956960300565697e-06,,,8.477696974296123e-05,0.006483479402959347,,,0.008276071399450302
seed-0,cicero,pnp,13,1.0535321235656738,0.005183625500649214,0.19968198239803314,9.0312942120363e-06,,,8.447303844150156e-05,0.006359961349517107,,,0.008276071399450302
seed-0,cicero,pnp,14,1.0533177852630615,0.00514697702601552,0.19948704540729523,9.110298378800508e-06,,,8.428921137237921e-05,0.006210715975612402,,,0.008276071399450302
seed-0,cicero,pnp,15,1.0531094074249268,0.005112772341817617,0.19929096102714539,9.193740879709367e-06,,,8.203215838875622e-05,0.006073495838791132,,,0.008276071399450302
seed-0,cicero,pnp,16,1.052905559539795,0.005079998634755611,0.19910845160484314,9.282091923523694e-06,,,8.018083462957293e-05,0.0059602949768304825,,,0.008276071399450302
seed-0,cicero,pnp,17,1.0527074337005615,0.005048844031989574,0.198935404419899,9.375585250381846e-06,,,7.862903294153512e-05,0.005823524668812752,,,0.008276071399450302
seed-0,cicero,pnp,18,1.0525145530700684,0.005019510164856911,0.1987680047750473,9.473689715377986e-06,,,7.704476593062282e-05,0.005623643286526203,,,0.008276071399450302
seed-0,cicero,pnp,19,1.0523252487182617,0.004991466645151377,0.19859400391578674,9.575924195814878e-06,,,7.456378807546571e-05,0.005527575500309467,,,0.008276071399450302
seed-0,cicero,pnp,20,1.052140235900879,0.00496486434713006,0.19841668009757996,9.682153176981956e-06,,,7.646119775017723e-05,0.005496981553733349,,,0.008276071399450302
seed-0,cicero,pnp,21,1.0519614219665527,0.004939662292599678,0.19823618233203888,9.792855053092353e-06,,,7.464833470294252e-05,0.005378116853535175,,,0.008276071399450302
seed-0,cicero,pnp,22,1.051788568496704,0.004915541037917137,0.19806809723377228,9.90806074696593e-06,,,7.441988418577239e-05,0.005247128661721945,,,0.008276071399450302
seed-0,cicero,pnp,23,1.0516185760498047,0.004892903845757246,0.19791468977928162,1.0027441931015346e-05,,,7.4002418841701e-05,0.0051082405261695385,,,0.008276071399450302
seed-0,cicero,pnp,24,1.0514509677886963,0.004871789366006851,0.1977934092283249,1.0150758498639334e-05,,,7.343898323597386e-05,0.005057674832642078,,,0.008276071399450302
seed-0,cicero,pnp,25,1.051285743713379,0.004852229729294777,0.19769808650016785,1.0278452464262955e-05,,,7.061396900098771e-05,0.005000150762498379,,,0.008276071399450302
seed-0,cicero,pnp,26,1.051120400428772,0.004833938553929329,0.19761498272418976,1.0410351933387574e-05,,,6.953626871109009e-05,0.004983510822057724,,,0.008276071399450302
seed-0,cicero,pnp,27,1.0509569644927979,0.004816335625946522,0.19752900302410126,1.054667154676281e-05,,,7.02367105986923e-05,0.004965823609381914,,,0.008276071399450302
seed-0,cicero,pnp,28,1.050797462463379,0.004800030030310154,0.1974400281906128,1.0687512258300558e-05,,,7.066298712743446e-05,0.004855738487094641,,,0.008276071399450302
seed-0,cicero,pnp,29,1.0506377220153809,0.004785069264471531,0.19735947251319885,1.0832144653249998e-05,,,7.270136120496318e-05,0.004882573150098324,,,0.008276071399450302
seed-0,cicero,pnp,30,1.0504767894744873,0.004770743194967508,0.1972806602716446,1.09805023384979e-05,,,7.411366823362187e-05,0.004951274022459984,,,0.008276071399450302
seed-0,decoding,admm_quadratic,1,1.0292106866836548,0.004920199979096651,0.2443867325782776,8.904102628548571e-07,7.228069875964138e-07,6,0.021938230842351913,0.033224161714315414,1.0341317770730143,,
seed-0,decoding,admm_quadratic,2,1.0286009311676025,0.004800668451935053,0.2424083650112152,9.00592908692488e-07,8.849615369399544e-07,6,0.0040564811788499355,0.026070475578308105,1.0334025002124463,,
seed-0,decoding,admm_quadratic,3,1.028061032295227,0.00471374299377203,0.24103914201259613,9.171064903057413e-07,9.372547538077924e-07,6,0.0016123736277222633,0.020723311230540276,1.0327756923954894,,
seed-0,decoding,admm_quadratic,4,1.027578353881836,0.004662689287215471,0.24032342433929443,9.389840442963759e-07,9.557687690175953e-07,6,0.001300240634009242,0.017674392089247704,1.0322419821530957,,
seed-0,decoding,admm_quadratic,5,1.0271375179290771,0.004618219565600157,0.2396659553050995,9.66240236266458e-07,9.612900839783833e-07,6,0.0012543227057904005,0.016390666365623474,1.0317567037349136,,
seed-0,decoding,admm_quadratic,6,1.0267257690429688,0.0045832316391170025,0.2391674667596817,9.988541478378465e-07,9.614373084332328e-07,6,0.0012084245681762695,0.015107214450836182,1.0313099995362336,,
seed-0,decoding,admm_quadratic,7,1.0263389348983765,0.004554106388241053,0.2387545108795166,1.0367359664087417e-06,9.610274673832464e-07,6,0.0011639187578111887,0.014105590060353279,1.030894078022584,,
seed-0,decoding,admm_quadratic,8,1.0259687900543213,0.004530265461653471,0.23842895030975342,1.0798403309308924e-06,9.582628308635321e-07,6,0.0011250234674662352,0.013310594484210014,1.0305001353563057,,
seed-0,decoding,admm_quadratic,9,1.0256109237670898,0.004510675556957722,0.23817723989486694,1.128093572333455e-06,9.56506823968084e-07,6,0.0010943395318463445,0.012647731229662895,1.03012272741762,,
seed-0,decoding,admm_quadratic,10,1.0252609252929688,0.004495327360928059,0.23800747096538544,1.1816237019957043e-06,9.553243671689415e-07,6,0.0010702998843044043,0.01213427260518074,1.0297574342775988,,
seed-0,decoding,admm_quadratic,11,1.0249137878417969,0.0044833701103925705,0.23791678249835968,1.240614096786885e-06,9.559863656249945e-07,6,0.0010579923400655389,0.011794401332736015,1.0293983985662862,,
seed-0,decoding,admm_quadratic,12,1.024567723274231,0.004473940934985876,0.23789048194885254,1.3051760561211267e-06,9.56872327151359e-07,6,0.0010498613119125366,0.011548114940524101,1.029042969385273,,
seed-0,decoding,admm_quadratic,13,1.0242232084274292,0.004467117600142956,0.23792831599712372,1.375201122755243e-06,9.58884470492194e-07,6,0.0010320638539269567,0.011325170285999775,1.028691701228695,,
seed-0,decoding,admm_quadratic,14,1.0238765478134155,0.004462989512830973,0.23803842067718506,1.4506746310871677e-06,9.612995199859142e-07,6,0.0010240147821605206,0.011219503358006477,1.0283409880008776,,
seed-0,decoding,admm_quadratic,15,1.0235239267349243,0.004461361560970545,0.23821091651916504,1.5315486052713823e-06,9.647876595408889e-07,6,0.0010307271732017398,0.011241716332733631,1.0279868198445001,,
seed-0,decoding,admm_quadratic,16,1.0231658220291138,0.004461770411580801,0.2384294867515564,1.617742896087293e-06,9.687281590231578e-07,6,0.0010423094499856234,0.01129159890115261,1.0276292101835907,,
seed-0,decoding,admm_quadratic,17,1.0227992534637451,0.004465130623430014,0.2387140840291977,1.709400066829403e-06,9.741319217937416e-07,6,0.0010503046214580536,0.011378476396203041,1.027266093487242,,
seed-0,decoding,admm_quadratic,18,1.0224205255508423,0.004471413791179657,0.23907046020030975,1.806749992283585e-06,9.800579618968186e-07,6,0.0010612428886815906,0.011582018807530403,1.0268937460920142,,
seed-0,decoding,admm_quadratic,19,1.0220255851745605,0.004479990806430578,0.23948827385902405,1.9098811208095867e-06,9.886128964353702e-07,6,0.001082936068996787,0.011921199038624763,1.026507485862112,,
seed-0,decoding,admm_quadratic,20,1.021613597869873,0.004490955732762814,0.2399745136499405,2.0186278106848476e-06,9.976761248253752e-07,6,0.0011187553172931075,0.012324648909270763,1.0261065722304465,,
seed-0,decoding,admm_quadratic,21,1.0211843252182007,0.004504187498241663,0.24053888022899628,2.1331456991902087e-06,1.0073126759380102e-06,6,0.0011562228901311755,0.012705824337899685,1.0256906458621415,,
seed-0,decoding,admm_quadratic,22,1.020738124847412,0.004521218594163656,0.24118666350841522,2.2532869934366317e-06,1.0169532060899655e-06,6,0.0011871656170114875,0.013076618313789368,1.0252615967285692,,
seed-0,decoding,admm_quadratic,23,1.0202744007110596,0.004540702793747187,0.24189473688602448,2.3788488761056215e-06,1.0272851795889437e-06,6,0.0012287324061617255,0.013504264876246452,1.0248174823536829,,
seed-0,decoding,admm_quadratic,24,1.01978600025177,0.004563373979181051,0.2426958531141281,2.509972546249628e-06,1.0380396133768954e-06,6,0.00128166435752064,0.014022125862538815,1.0243518842034973,,
seed-0,decoding,admm_quadratic,25,1.0192712545394897,0.0045900712721049786,0.24362662434577942,2.646623443069984e-06,1.051636445481563e-06,6,0.001343051204457879,0.014629253186285496,1.0238639724350378,,
seed-0,decoding,admm_quadratic,26,1.0187281370162964,0.004620679188519716,0.2446775883436203,2.7883688744623214e-06,1.0659721283445833e-06,6,0.0014014580519869924,0.015167184174060822,1.0233516045736906,,
seed-0,decoding,admm_quadratic,27,1.0181527137756348,0.0046561723574995995,0.2458733767271042,2.935342990895151e-06,1.0815198265845538e-06,6,0.0014765653759241104,0.015806889161467552,1.0228118214761253,,
seed-0,decoding,admm_quadratic,28,1.017549753189087,0.0046968962997198105,0.24721960723400116,3.0867179248161847e-06,1.0993890100507997e-06,6,0.0015500568551942706,0.016363639384508133,1.0222497362067315,,
seed-0,decoding,admm_quadratic,29,1.0169217586517334,0.004743137862533331,0.24871839582920074,3.2419357012258843e-06,1.1191150406375527e-06,6,0.0016149005386978388,0.016858408227562904,1.021668138449968,,
seed-0,decoding,admm_quadratic,30,1.0162696838378906,0.004795143846422434,0.25038814544677734,3.40046290148166e-06,1.139713731390657e-06,6,0.0016786814667284489,0.01732923649251461,1.0210682281472145,,
seed-0,decoding,admm_tv,1,1.0292106866836548,0.004920199979096651,0.2443867325782776,8.904102628548571e-07,,,0.052822452038526535,0.05749981477856636,1.0536502503517453,2.914792958108592e-06,
seed-0,decoding,admm_tv,2,1.0287679433822632,0.004723530728369951,0.2400614619255066,9.003666150420031e-07,,,0.014939306303858757,0.04470150172710419,1.052774989941429,6.695630077047099e-07,
seed-0,decoding,admm_tv,3,1.0283719301223755,0.004568418953567743,0.23651932179927826,9.16672092898807e-07,,,0.007916338741779327,0.024185290560126305,1.0520247789743962,2.28910437272134e-07,
seed-0,decoding,admm_tv,4,1.027989149093628,0.004470714367926121,0.2342528998851776,9.380768801747763e-07,,,0.005047266371548176,0.01846645586192608,1.0514153771590258,9.537934886338917e-08,
seed-0,decoding,admm_tv,5,1.027652382850647,0.004382192622870207,0.23212702572345734,9.644932106311899e-07,,,0.0037615199107676744,0.016959169879555702,1.0508660499162032,4.7689674431694584e-08,
seed-0,decoding,admm_tv,6,1.0273410081863403,0.0043059759773314,0.23023980855941772,9.958844202628825e-07,,,0.003190405899658799,0.015538452193140984,1.0503659849267024,3.0521391636284534e-08,
seed-0,decoding,admm_tv,7,1.0270512104034424,0.00423839408904314,0.22852587699890137,1.0322661410100409e-06,,,0.0029412659350782633,0.014446056447923183,1.0499048303694736,2.0983456749945617e-08,
seed-0,decoding,admm_tv,8,1.0267772674560547,0.004179267678409815,0.2269861251115799,1.0735479918366764e-06,,,0.0028192142490297556,0.013442713767290115,1.0494769535152044,1.9075869772677834e-08,
seed-0,decoding,admm_tv,9,1.0265132188796997,0.004126701969653368,0.22558143734931946,1.1196924560863408e-06,,,0.0027744953986257315,0.012668351642787457,1.0490724823070878,1.716828279541005e-08,
seed-0,decoding,admm_tv,10,1.0262572765350342,0.00408041151240468,0.22430598735809326,1.1706954410328763e-06,,,0.0027511226944625378,0.011971845291554928,1.0486890459662845,1.3353108840874484e-08,
seed-0,decoding,admm_tv,11,1.0260059833526611,0.004039349965751171,0.22314514219760895,1.2265169289094047e-06,,,0.0027396148070693016,0.01139551866799593,1.048321724089351,1.14455218636067e-08,
seed-0,decoding,admm_tv,12,1.0257580280303955,0.004003423266112804,0.22209587693214417,1.2871192893726402e-06,,,0.002750503132119775,0.010924470610916615,1.0479689028428993,7.630347909071133e-09,
seed-0,decoding,admm_tv,13,1.0255100727081299,0.003971780650317669,0.22114817798137665,1.3525306030715e-06,,,0.002776326145976782,0.010531391948461533,1.0476262430368706,7.630347909071133e-09,
seed-0,decoding,admm_tv,14,1.0252611637115479,0.003943619783967733,0.2202862799167633,1.4227305200620322e-06,,,0.0027990005910396576,0.01026242133229971,1.0472912144337443,1.14455218636067e-08,
seed-0,decoding,admm_tv,15,1.025009274482727,0.003918767441064119,0.2194979339838028,1.49772733948339e-06,,,0.0028246401343494654,0.010060210712254047,1.0469605656084469,1.14455218636067e-08,
seed-0,decoding,admm_tv,16,1.0247514247894287,0.00389724038541317,0.2187904566526413,1.5775004840179463e-06,,,0.002854245947673917,0.009907960891723633,1.046632047955177,1.14455218636067e-08,
seed-0,decoding,admm_tv,17,1.024486780166626,0.0038787731900811195,0.2181517332792282,1.6621321492493735e-06,,,0.002892355667427182,0.009842311963438988,1.046303615626698,1.3353108840874484e-08,
seed-0,decoding,admm_tv,18,1.0242154598236084,0.003862509736791253,0.2175682932138443,1.751603804223123e-06,,,0.0029396633617579937,0.009908328764140606,1.045974040748797,1.14455218636067e-08,
seed-0,decoding,admm_tv,19,1.023937702178955,0.0038482118397951126,0.21704353392124176,1.845663064159453e-06,,,0.002977468306198716,0.009982728399336338,1.0456439012341434,1.3353108840874484e-08,
seed-0,decoding,admm_tv,20,1.023650884628296,0.0038360648322850466,0.21658505499362946,1.9444678400759585e-06,,,0.003002667799592018,0.01006234809756279,1.045311334595499,1.3353108840874484e-08,
seed-0,decoding,admm_tv,21,1.0233535766601562,0.003826039144769311,0.21619050204753876,2.0480888451857027e-06,,,0.0030401344411075115,0.010221384465694427,1.0449746749537554,1.3353108840874484e-08,
seed-0,decoding,admm_tv,22,1.0230419635772705,0.0038184321019798517,0.21585582196712494,2.1565563201875193e-06,,,0.0031161934603005648,0.010502682998776436,1.0446297023303033,1.3353108840874484e-08,
seed-0,decoding,admm_tv,23,1.022716760635376,0.003812301205471158,0.21556079387664795,2.269722244818695e-06,,,0.003209853544831276,0.010751351714134216,1.0442751097452856,1.14455218636067e-08,
seed-0,decoding,admm_tv,24,1.0223735570907593,0.003808124689385295,0.21532565355300903,2.3874993075878592e-06,,,0.0033395474310964346,0.011082218028604984,1.0439085099453678,9.537934886338917e-09,
seed-0,decoding,admm_tv,25,1.0220156908035278,0.0038060254883021116,0.21514971554279327,2.509992555133067e-06,,,0.0034751819912344217,0.01138420682400465,1.0435331723503622,1.14455218636067e-08,
seed-0,decoding,admm_tv,26,1.021643877029419,0.0038052042946219444,0.2150249034166336,2.6370485102233943e-06,,,0.0035859469790011644,0.011700927279889584,1.0431490044195926,1.14455218636067e-08,
seed-0,decoding,admm_tv,27,1.0212534666061401,0.0038058755453675985,0.214955672621727,2.7685223358275834e-06,,,0.003714952850714326,0.012099540792405605,1.0427518023906486,1.3353108840874484e-08,
seed-0,decoding,admm_tv,28,1.0208415985107422,0.003808340523391962,0.21495434641838074,2.9043205813650275e-06,,,0.003888464067131281,0.012548894621431828,1.0423399374731617,1.3353108840874484e-08,
seed-0,decoding,admm_tv,29,1.0204062461853027,0.0038128248415887356,0.2150297313928604,3.044337972823996e-06,,,0.004081798251718283,0.012944631278514862,1.0419122636625615,1.716828279541005e-08,
seed-0,decoding,admm_tv,30,1.0199518203735352,0.003819122677668929,0.21517948806285858,3.188167056578095e-06,,,0.004238090943545103,0.013342988677322865,1.0414729573468775,1.9075869772677834e-08,
seed-0,decoding,control,1,1.0290067195892334,0.004923359490931034,0.24464744329452515,8.916573506212444e-07,,,,,,,
seed-0,decoding,control,2,1.0282191038131714,0.004914030898362398,0.24518005549907684,9.047076332535653e-07,,,,,,,
seed-0,decoding,control,3,1.0275737047195435,0.004927831701934338,0.24595093727111816,9.235791367245838e-07,,,,,,,
seed-0,decoding,control,4,1.027025818824768,0.004951138980686665,0.24681584537029266,9.477835192228667e-07,,,,,,,
seed-0,decoding,control,5,1.0265424251556396,0.004977247212082148,0.2476755976676941,9.771447366802022e-07,,,,,,,
seed-0,decoding,control,6,1.0261027812957764,0.005000026896595955,0.24842488765716553,1.0118820910065551e-06,,,,,,,
seed-0,decoding,control,7,1.0256911516189575,0.005019751843065023,0.24906709790229797,1.0523648370508454e-06,,,,,,,
seed-0,decoding,control,8,1.0252971649169922,0.005038470029830933,0.24966956675052643,1.0988176200044109e-06,,,,,,,
seed-0,decoding,control,9,1.024914026260376,0.005056366324424744,0.2502457797527313,1.151272499555489e-06,,,,,,,
seed-0,decoding,control,10,1.0245344638824463,0.005074093583971262,0.25080645084381104,1.2097647186237737e-06,,,,,,,
seed-0,decoding,control,11,1.0241575241088867,0.005092380568385124,0.2513915002346039,1.2744267223752104e-06,,,,,,,
seed-0,decoding,control,12,1.0237752199172974,0.005112147890031338,0.25200918316841125,1.345218151982408e-06,,,,,,,
seed-0,decoding,control,13,1.023383617401123,0.005133181810379028,0.25265437364578247,1.42216129006556e-06,,,,,,,
seed-0,decoding,control,14,1.022979974746704,0.0051565468311309814,0.25336214900016785,1.5055492212923127e-06,,,,,,,
seed-0,decoding,control,15,1.0225605964660645,0.005184152163565159,0.25417935848236084,1.5956154584273463e-06,,,,,,,
seed-0,decoding,control,16,1.0221205949783325,0.005219066049903631,0.2551499307155609,1.6926439911912894e-06,,,,,,,
seed-0,decoding,control,17,1.021654725074768,0.005260496865957975,0.2562371492385864,1.7965189726965036e-06,,,,,,,
seed-0,decoding,control,18,1.0211610794067383,0.00530766136944294,0.2574599087238312,1.9072233499173308e-06,,,,,,,
seed-0,decoding,control,19,1.0206379890441895,0.005360349081456661,0.2588278353214264,2.0251950445526745e-06,,,,,,,
seed-0,decoding,control,20,1.020080327987671,0.0054209367372095585,0.2603912055492401,2.1506405118998373e-06,,,,,,,
seed-0,decoding,control,21,1.0194857120513916,0.0054922327399253845,0.26221293210983276,2.2831270598544506e-06,,,,,,,
seed-0,decoding,control,22,1.0188543796539307,0.005576454568654299,0.2643672823905945,2.422298848614446e-06,,,,,,,
seed-0,decoding,control,23,1.0181820392608643,0.005674554500728846,0.2668815553188324,2.5683366402518004e-06,,,,,,,
seed-0,decoding,control,24,1.0174696445465088,0.005786845926195383,0.2697886526584625,2.7207415769225918e-06,,,,,,,
seed-0,decoding,control,25,1.0167174339294434,0.005911624524742365,0.2730867862701416,2.8785427730326774e-06,,,,,,,
seed-0,decoding,control,26,1.0159341096878052,0.006044402252882719,0.2766726016998291,3.041049694729736e-06,,,,,,,
seed-0,decoding,control,27,1.015120506286621,0.006185946520417929,0.28051578998565674,3.2069915505417157e-06,,,,,,,
seed-0,decoding,control,28,1.0142757892608643,0.006345078349113464,0.284810870885849,3.3759140478650806e-06,,,,,,,
seed-0,decoding,control,29,1.0134057998657227,0.0065188296139240265,0.28946542739868164,3.5468094665702665e-06,,,,,,,
seed-0,decoding,control,30,1.0125149488449097,0.006701971869915724,0.2943413555622101,3.7185077417234425e-06,,,,,,,
seed-0,decoding,direct_quadratic,1,1.0290489196777344,0.004825516603887081,0.24262085556983948,8.915102966966515e-07,,,,,1.0338753277919182,,
seed-0,decoding,direct_quadratic,2,1.0283195972442627,0.004729441367089748,0.2412407547235489,9.040971349350002e-07,,,,,1.0330499427084874,,
seed-0,decoding,direct_quadratic,3,1.0277248620986938,0.004663990810513496,0.24025875329971313,9.227138662026846e-07,,,,,1.0323897756230735,,
seed-0,decoding,direct_quadratic,4,1.0272164344787598,0.004621159750968218,0.23963959515094757,9.467411246077972e-07,,,,,1.0318385409708526,,
seed-0,decoding,direct_quadratic,5,1.026760220527649,0.004594212397933006,0.23929177224636078,9.759700105860247e-07,,,,,1.0313554088955925,,
seed-0,decoding,direct_quadratic,6,1.0263417959213257,0.00457567535340786,0.23909209668636322,1.0105391083925497e-06,,,,,1.030918481813842,,
seed-0,decoding,direct_quadratic,7,1.0259498357772827,0.0045608640648424625,0.2389584481716156,1.0504961664992152e-06,,,,,1.0305117503382917,,
seed-0,decoding,direct_quadratic,8,1.0255755186080933,0.004548813682049513,0.23886719346046448,1.096049118132214e-06,,,,,1.030125428339261,,
seed-0,decoding,direct_quadratic,9,1.025209903717041,0.004540573805570602,0.23885051906108856,1.1472803862488945e-06,,,,,1.0297516248029979,,
seed-0,decoding,direct_quadratic,10,1.0248475074768066,0.0045347921550273895,0.23887485265731812,1.204164050250256e-06,,,,,1.0293835037958843,,
seed-0,decoding,direct_quadratic,11,1.0244882106781006,0.004530064761638641,0.23893976211547852,1.2666877182709868e-06,,,,,1.0290195421274575,,
seed-0,decoding,direct_quadratic,12,1.0241278409957886,0.004526691511273384,0.23905049264431,1.3348594620765653e-06,,,,,1.028655867366524,,
seed-0,decoding,direct_quadratic,13,1.0237598419189453,0.00452551431953907,0.23922540247440338,1.4086840565141756e-06,,,,,1.028286764922541,,
seed-0,decoding,direct_quadratic,14,1.0233817100524902,0.00452793063595891,0.23949876427650452,1.4881766219332349e-06,,,,,1.027911128865071,,
seed-0,decoding,direct_quadratic,15,1.0229895114898682,0.004533527418971062,0.2398483008146286,1.5733876352896914e-06,,,,,1.0275246122964745,,
seed-0,decoding,direct_quadratic,16,1.022582769393921,0.004542586859315634,0.24027152359485626,1.664379624344292e-06,,,,,1.0271270206328609,,
seed-0,decoding,direct_quadratic,17,1.0221556425094604,0.004554701503366232,0.24077989161014557,1.7612425153856748e-06,,,,,1.026712105255342,,
seed-0,decoding,direct_quadratic,18,1.0217055082321167,0.004570056684315205,0.24138517677783966,1.8641403585206717e-06,,,,,1.0262774290567904,,
seed-0,decoding,direct_quadratic,19,1.0212287902832031,0.0045905993320047855,0.24213510751724243,1.9732326563826064e-06,,,,,1.0258213628478643,,
seed-0,decoding,direct_quadratic,20,1.0207254886627197,0.004615421872586012,0.243011936545372,2.0884872355964035e-06,,,,,1.0253429990225413,,
seed-0,decoding,direct_quadratic,21,1.0201952457427979,0.004644995555281639,0.24402108788490295,2.2096508018876193e-06,,,,,1.0248424509488814,,
seed-0,decoding,direct_quadratic,22,1.0196338891983032,0.004680314566940069,0.2451944500207901,2.336848638151423e-06,,,,,1.0243165406138814,,
seed-0,decoding,direct_quadratic,23,1.0190367698669434,0.004721437115222216,0.24656471610069275,2.470218305461458e-06,,,,,1.023760677200471,,
seed-0,decoding,direct_quadratic,24,1.0184075832366943,0.004766680300235748,0.24809765815734863,2.609440798551077e-06,,,,,1.0231768729777286,,
seed-0,decoding,direct_quadratic,25,1.0177510976791382,0.004815055523067713,0.2497367411851883,2.7538835638551973e-06,,,,,1.0225689070857698,,
seed-0,decoding,direct_quadratic,26,1.0170636177062988,0.004870628472417593,0.25157538056373596,2.902983396779746e-06,,,,,1.0219371491621132,,
seed-0,decoding,direct_quadratic,27,1.0163518190383911,0.004937372170388699,0.2537190616130829,3.055888328162837e-06,,,,,1.021292247097108,,
seed-0,decoding,direct_quadratic,28,1.015617847442627,0.005012310575693846,0.25609683990478516,3.211729790564277e-06,,,,,1.0206333697481114,,
seed-0,decoding,direct_quadratic,29,1.0148546695709229,0.005095236469060183,0.25868162512779236,3.370082595210988e-06,,,,,1.0199532761225782,,
seed-0,decoding,direct_quadratic,30,1.0140619277954102,0.005189438816159964,0.2615126073360443,3.5302075502841035e-06,,,,,1.0192548968191204,,
seed-0,decoding,pnp,1,1.0292106866836548,0.004920199979096651,0.2443867325782776,8.904102628548571e-07,,,0.002698045689612627,0.02475219964981079,,,0.023020515218377113
seed-0,decoding,pnp,2,1.0285508632659912,0.004903870634734631,0.2445301115512848,9.006846539705293e-07,,,0.0002533970109652728,0.021680334582924843,,,0.023020515218377113
seed-0,decoding,pnp,3,1.0279667377471924,0.004893393721431494,0.24475111067295074,9.170673820335651e-07,,,0.00020106595184188336,0.02033722959458828,,,0.023020515218377113
seed-0,decoding,pnp,4,1.0274471044540405,0.004888414870947599,0.24503079056739807,9.392390438733855e-07,,,0.00019343630992807448,0.018225938081741333,,,0.023020515218377113
seed-0,decoding,pnp,5,1.026968002319336,0.004886763636022806,0.24532365798950195,9.671751968198805e-07,,,0.00018979597371071577,0.017041806131601334,,,0.023020515218377113
seed-0,decoding,pnp,6,1.0265212059020996,0.0048879217356443405,0.24563343822956085,1.0007877335738158e-06,,,0.0001861188211478293,0.015906017273664474,,,0.023020515218377113
seed-0,decoding,pnp,7,1.0261025428771973,0.004891514778137207,0.24596090614795685,1.0400194696558174e-06,,,0.0001824156497605145,0.014938361942768097,,,0.023020515218377113
seed-0,decoding,pnp,8,1.0257019996643066,0.004897380247712135,0.2463091015815735,1.0848710871869116e-06,,,0.00018391766934655607,0.014165583997964859,,,0.023020515218377113
seed-0,decoding,pnp,9,1.0253124237060547,0.00490523548796773,0.2466839998960495,1.1354825346643338e-06,,,0.00019090675050392747,0.013619528152048588,,,0.023020515218377113
seed-0,decoding,pnp,10,1.0249300003051758,0.0049147289246320724,0.24708901345729828,1.1919707958440995e-06,,,0.00019250930927228183,0.01318097673356533,,,0.023020515218377113
seed-0,decoding,pnp,11,1.0245527029037476,0.004926081281155348,0.24754467606544495,1.254305516340537e-06,,,0.00018808271852321923,0.012819898314774036,,,0.023020515218377113
seed-0,decoding,pnp,12,1.024176836013794,0.004938959144055843,0.24803273379802704,1.3225650263848365e-06,,,0.00018612781423144042,0.0126170814037323,,,0.023020515218377113
seed-0,decoding,pnp,13,1.0237995386123657,0.004953497089445591,0.24855659902095795,1.396904508510488e-06,,,0.00018971330428030342,0.012482195161283016,,,0.023020515218377113
seed-0,decoding,pnp,14,1.0234185457229614,0.004970106296241283,0.24912984669208527,1.4774453802601784e-06,,,0.0001860081683844328,0.01240780670195818,,,0.023020515218377113
seed-0,decoding,pnp,15,1.0230302810668945,0.004988646134734154,0.24974194169044495,1.5641287518519675e-06,,,0.00018620087939780205,0.012490873225033283,,,0.023020515218377113
seed-0,decoding,pnp,16,1.0226318836212158,0.005009885411709547,0.2504176199436188,1.6571532341913553e-06,,,0.0001899079798022285,0.01268344558775425,,,0.023020515218377113
seed-0,decoding,pnp,17,1.0222193002700806,0.005034480709582567,0.2511732876300812,1.7566929955137311e-06,,,0.00019638751109596342,0.01295322086662054,,,0.023020515218377113
seed-0,decoding,pnp,18,1.021793246269226,0.005062082316726446,0.2520097494125366,1.8624554058987997e-06,,,0.00020480251987464726,0.013284146785736084,,,0.023020515218377113
seed-0,decoding,pnp,19,1.0213515758514404,0.0050939107313752174,0.25294941663742065,1.9743361008295324e-06,,,0.00020871464221272618,0.01360015757381916,,,0.023020515218377113
seed-0,decoding,pnp,20,1.0208876132965088,0.005130498670041561,0.254008948802948,2.092628847094602e-06,,,0.0002171736559830606,0.014151787385344505,,,0.023020515218377113
seed-0,decoding,pnp,21,1.0203994512557983,0.005171791650354862,0.25519904494285583,2.2175549929670524e-06,,,0.0002271954290335998,0.014784419909119606,,,0.023020515218377113
seed-0,decoding,pnp,22,1.0198891162872314,0.005218551494181156,0.2565153241157532,2.348842826904729e-06,,,0.0002373960887780413,0.015293585136532784,,,0.023020515218377113
seed-0,decoding,pnp,23,1.0193512439727783,0.005272236652672291,0.2579953968524933,2.4859918994479813e-06,,,0.0002495757944416255,0.015919506549835205,,,0.023020515218377113
seed-0,decoding,pnp,24,1.0187814235687256,0.005333562847226858,0.25968119502067566,2.6292425445717527e-06,,,0.0002623035979922861,0.01668757200241089,,,0.023020515218377113
seed-0,decoding,pnp,25,1.0181794166564941,0.005401245784014463,0.26153990626335144,2.778137059067376e-06,,,0.0002739864867180586,0.01737838052213192,,,0.023020515218377113
seed-0,decoding,pnp,26,1.0175443887710571,0.005477383732795715,0.2636139690876007,2.9323032322281506e-06,,,0.0002833592297974974,0.018185118213295937,,,0.023020515218377113
seed-0,decoding,pnp,27,1.0168777704238892,0.005561836063861847,0.26591092348098755,3.091409325861605e-06,,,0.0002914797223638743,0.01882217265665531,,,0.023020515218377113
seed-0,decoding,pnp,28,1.016181468963623,0.00565618509426713,0.26844528317451477,3.2547309274377767e-06,,,0.00029891441226936877,0.019496172666549683,,,0.023020515218377113
seed-0,decoding,pnp,29,1.0154532194137573,0.00576015142723918,0.2712239921092987,3.4219676763314055e-06,,,0.00030826297006569803,0.020048633217811584,,,0.023020515218377113
seed-0,decoding,pnp,30,1.014702558517456,0.0058755092322826385,0.27425655722618103,3.592953135012067e-06,,,0.00031013975967653096,0.020527321845293045,,,0.023020515218377113
seed-0,gatsby,admm_quadratic,1,1.0560762882232666,0.004956249613314867,0.18834368884563446,5.892298304388532e-06,6.571082167283748e-07,6,0.0287973340600729,0.033345237374305725,1.0610384301348859,,
seed-0,gatsby,admm_quadratic,2,1.05570650100708,0.004848331678658724,0.18768776953220367,5.906498699914664e-06,7.923203497739451e-07,6,0.006143295206129551,0.02380739152431488,1.0605607391844387,,
seed-0,gatsby,admm_quadratic,3,1.0553689002990723,0.004749345127493143,0.18714232742786407,5.926684025325812e-06,8.32300088404736e-07,6,0.0018249884014949203,0.011823144741356373,1.0601241721105907,,
seed-0,gatsby,admm_quadratic,4,1.0550634860992432,0.004668360110372305,0.18681269884109497,5.950476406724192e-06,8.420156518695876e-07,6,0.0012756837531924248,0.010480761528015137,1.0597377966860222,,
seed-0,gatsby,admm_quadratic,5,1.054786205291748,0.00459591718390584,0.18654340505599976,5.978855824650964e-06,8.428619366895873e-07,6,0.0012510846136137843,0.009591832756996155,1.0593881013314785,,
seed-0,gatsby,admm_quadratic,6,1.0545275211334229,0.00452916556969285,0.18630994856357574,6.012151516188169e-06,8.388611263399071e-07,6,0.0012057506246492267,0.00892278365790844,1.059062698854632,,
seed-0,gatsby,admm_quadratic,7,1.0542837381362915,0.004466250538825989,0.18609531223773956,6.050521278666565e-06,8.327809268848796e-07,6,0.0011441996321082115,0.008396266959607601,1.0587560391963962,,
seed-0,gatsby,admm_quadratic,8,1.0540523529052734,0.004406985826790333,0.18589429557323456,6.094114269217243e-06,8.261149559984915e-07,6,0.001089452882297337,0.007970748469233513,1.058465432846333,,
seed-0,gatsby,admm_quadratic,9,1.0538291931152344,0.0043510692194104195,0.18569864332675934,6.143244718259666e-06,8.186370905605145e-07,6,0.0010458891047164798,0.007667973171919584,1.058186405579363,,
seed-0,gatsby,admm_quadratic,10,1.0536143779754639,0.004298540763556957,0.1855320930480957,6.197729362611426e-06,8.110131375360652e-07,6,0.0010011440608650446,0.007386187091469765,1.0579191164683834,,
seed-0,gatsby,admm_quadratic,11,1.0534062385559082,0.004249092657119036,0.185385599732399,6.256900633161422e-06,8.043393222578743e-07,6,0.0009653819724917412,0.0071586198173463345,1.0576615881136604,,
seed-0,gatsby,admm_quadratic,12,1.0532037019729614,0.0042025544680655,0.18525519967079163,6.320477950794157e-06,7.973514470904774e-07,6,0.0009361369884572923,0.0070016710087656975,1.0574125769189777,,
seed-0,gatsby,admm_quadratic,13,1.0530096292495728,0.004158728290349245,0.18511736392974854,6.388665951817529e-06,7.912987030067598e-07,6,0.0008985664462670684,0.006806465797126293,1.0571747462058738,,
seed-0,gatsby,admm_quadratic,14,1.052821159362793,0.004117919597774744,0.1849745362997055,6.461754765041405e-06,7.870236231610761e-07,6,0.0008608523057773709,0.006637329235672951,1.0569455407153328,,
seed-0,gatsby,admm_quadratic,15,1.0526371002197266,0.004079158417880535,0.18483386933803558,6.539904916280648e-06,7.814927585059195e-07,6,0.0008306748350150883,0.006491756532341242,1.0567227985425234,,
seed-0,gatsby,admm_quadratic,16,1.05245840549469,0.004042527638375759,0.18471239507198334,6.622878117923392e-06,7.770379966132168e-07,6,0.0008052847115322948,0.006326742470264435,1.0565075560111836,,
seed-0,gatsby,admm_quadratic,17,1.0522838830947876,0.004007888026535511,0.18460282683372498,6.710906745865941e-06,7.729865956207504e-07,6,0.0007824344211257994,0.006198730785399675,1.056298482028069,,
seed-0,gatsby,admm_quadratic,18,1.0521128177642822,0.003974723629653454,0.18449123203754425,6.803950327594066e-06,7.689831136303837e-07,6,0.0007636455702595413,0.006115386262536049,1.0560943453442633,,
seed-0,gatsby,admm_quadratic,19,1.0519448518753052,0.003943178337067366,0.18438391387462616,6.901557298988337e-06,7.662767984584207e-07,6,0.000745696946978569,0.006036969367414713,1.0558949317696715,,
seed-0,gatsby,admm_quadratic,20,1.0517793893814087,0.003913381136953831,0.1842830330133438,7.00400823916425e-06,7.626960041307029e-07,6,0.000727109145373106,0.005948862060904503,1.0556997745266017,,
seed-0,gatsby,admm_quadratic,21,1.0516153573989868,0.0038849886041134596,0.1841876357793808,7.11115671947482e-06,7.601179277116898e-07,6,0.0007113561732694507,0.005855981260538101,1.0555074571598198,,
seed-0,gatsby,admm_quadratic,22,1.05145263671875,0.0038579930551350117,0.18410225212574005,7.222657131933374e-06,7.569896069981041e-07,6,0.0007032997673377395,0.005827934946864843,1.055317852431017,,
seed-0,gatsby,admm_quadratic,23,1.0512906312942505,0.0038322603795677423,0.18403343856334686,7.3388346208957955e-06,7.541994477833214e-07,6,0.0006960788741707802,0.005758961196988821,1.0551302305084391,,
seed-0,gatsby,admm_quadratic,24,1.0511302947998047,0.003807665081694722,0.1839803159236908,7.4599993240553886e-06,7.51632114770473e-07,6,0.0006916230195201933,0.005706415046006441,1.0549454198808235,,
seed-0,gatsby,admm_quadratic,25,1.0509729385375977,0.0037839640863239765,0.1839255690574646,7.585131243104115e-06,7.495431759707571e-07,6,0.000678228447213769,0.005659282673150301,1.0547644877551647,,
seed-0,gatsby,admm_quadratic,26,1.0508172512054443,0.003761029103770852,0.18386521935462952,7.714788807788864e-06,7.465717999366461e-07,6,0.0006656131008639932,0.005634207744151354,1.054585995098023,,
seed-0,gatsby,admm_quadratic,27,1.050663709640503,0.003738878294825554,0.18380795419216156,7.849514076951891e-06,7.4566196417436e-07,6,0.0006577380700036883,0.00565394526347518,1.0544104374494054,,
seed-0,gatsby,admm_quadratic,28,1.0505120754241943,0.003718677209690213,0.18377774953842163,7.989100595295895e-06,7.445598839694867e-07,6,0.0006473350804299116,0.005616738926619291,1.0542387417344798,,
seed-0,gatsby,admm_quadratic,29,1.0503599643707275,0.003699774853885174,0.18376420438289642,8.133160008583218e-06,7.420491101584048e-07,6,0.00064244051463902,0.005635859444737434,1.0540678723846213,,
seed-0,gatsby,admm_quadratic,30,1.0502079725265503,0.0036814305931329727,0.1837543547153473,8.282023372885305e-06,7.437733984261286e-07,6,0.0006418293924070895,0.005677337758243084,1.0538976851430562,,
seed-0,gatsby,admm_tv,1,1.0560762882232666,0.004956249613314867,0.18834368884563446,5.892298304388532e-06,,,0.05143902823328972,0.05326847359538078,1.0749165494061343,2.9067849027342163e-05,
seed-0,gatsby,admm_tv,2,1.0557657480239868,0.004846842959523201,0.18701225519180298,5.908730599912815e-06,,,0.015205839648842812,0.04404453560709953,1.074472882273767,8.890659955795854e-06,
seed-0,gatsby,admm_tv,3,1.0554897785186768,0.004749322775751352,0.18573492765426636,5.931306532147573e-06,,,0.008947701193392277,0.014658431522548199,1.0740692025906355,4.428543434187304e-06,
seed-0,gatsby,admm_tv,4,1.0552242994308472,0.0046712602488696575,0.1848219335079193,5.957603661954636e-06,,,0.006080156192183495,0.01129473652690649,1.073712450385301,2.5988317702285713e-06,
seed-0,gatsby,admm_tv,5,1.0549819469451904,0.004600264597684145,0.18398109078407288,5.9881340348511e-06,,,0.004502172581851482,0.009938064962625504,1.0733860441576326,1.5916508573354804e-06,
seed-0,gatsby,admm_tv,6,1.0547548532485962,0.004534670617431402,0.18319302797317505,6.023269179422641e-06,,,0.00363288470543921,0.009107561782002449,1.073080179315093,1.0941646451101406e-06,
seed-0,gatsby,admm_tv,7,1.054540991783142,0.004473633598536253,0.18243750929832458,6.0635134104813915e-06,,,0.0030657886527478695,0.008519603870809078,1.0727908062263851,7.843801768103731e-07,
seed-0,gatsby,admm_tv,8,1.054337978363037,0.004416362848132849,0.18170656263828278,6.109084097261075e-06,,,0.002649283269420266,0.00808829814195633,1.0725147437109626,6.348291208269075e-07,
seed-0,gatsby,admm_tv,9,1.0541419982910156,0.004361768718808889,0.1810021698474884,6.160276370792417e-06,,,0.0023814544547349215,0.0077602192759513855,1.0722483755521353,5.28006921740598e-07,
seed-0,gatsby,admm_tv,10,1.0539541244506836,0.0043095373548567295,0.18032154440879822,6.217355803528335e-06,,,0.0022249165922403336,0.007488561794161797,1.071992496247367,4.532313653271558e-07,
seed-0,gatsby,admm_tv,11,1.0537720918655396,0.004260041285306215,0.17966461181640625,6.280073648667894e-06,,,0.0021127972286194563,0.007212871219962835,1.0717448331208288,3.845599394480814e-07,
seed-0,gatsby,admm_tv,12,1.0535955429077148,0.004213087726384401,0.17902328073978424,6.34768866802915e-06,,,0.0020330077968537807,0.007002704776823521,1.0715042186703614,3.448831193963997e-07,
seed-0,gatsby,admm_tv,13,1.0534247159957886,0.004167920909821987,0.17838305234909058,6.420028967113467e-06,,,0.0019679334945976734,0.006869605276733637,1.0712694412596648,3.082583646119019e-07,
seed-0,gatsby,admm_tv,14,1.0532581806182861,0.0041244253516197205,0.1777421236038208,6.497193680843338e-06,,,0.0019225922878831625,0.006788057275116444,1.071038890172349,2.7621169351732533e-07,
seed-0,gatsby,admm_tv,15,1.0530943870544434,0.004083092324435711,0.17711661756038666,6.579237378900871e-06,,,0.0018823518184944987,0.006671862676739693,1.070812628047861,2.517951998015633e-07,
seed-0,gatsby,admm_tv,16,1.0529348850250244,0.004043692722916603,0.17650926113128662,6.666043645964237e-06,,,0.0018481699516996741,0.006599321495741606,1.070592477181799,2.3653488767649833e-07,
seed-0,gatsby,admm_tv,17,1.0527771711349487,0.004005779512226582,0.17591947317123413,6.757490154996049e-06,,,0.0018325935816392303,0.006535740569233894,1.070375875942227,2.2127457555143337e-07,
seed-0,gatsby,admm_tv,18,1.052621841430664,0.003968984354287386,0.17533306777477264,6.853382728877477e-06,,,0.0018377426313236356,0.00644547026604414,1.0701620015908702,2.0448823079277645e-07,
seed-0,gatsby,admm_tv,19,1.0524691343307495,0.0039329491555690765,0.174747034907341,6.953459433134412e-06,,,0.0018509612418711185,0.006382700987160206,1.0699507912809167,1.9533203499122465e-07,
seed-0,gatsby,admm_tv,20,1.052316427230835,0.0038978499360382557,0.17415718734264374,7.05802085576579e-06,,,0.0018721941160038114,0.006409916095435619,1.069739203985955,2.0296219815918448e-07,
seed-0,gatsby,admm_tv,21,1.0521663427352905,0.003864194033667445,0.17357531189918518,7.166985596995801e-06,,,0.0018878871342167258,0.006372608244419098,1.069531040910806,2.0143616552559251e-07,
seed-0,gatsby,admm_tv,22,1.0520188808441162,0.003830842673778534,0.17299765348434448,7.280529644049238e-06,,,0.001896465546451509,0.006332225166261196,1.0693259267221946,1.9991013289200055e-07,
seed-0,gatsby,admm_tv,23,1.051872968673706,0.003798539750277996,0.17243452370166779,7.3981973400805146e-06,,,0.0019094882300123572,0.006269312929362059,1.069123819241213,2.060142492155137e-07,
seed-0,gatsby,admm_tv,24,1.0517300367355347,0.0037673620972782373,0.17187710106372833,7.519688097090693e-06,,,0.0019316468387842178,0.006221539806574583,1.0689252665300046,2.1669647765065747e-07,
seed-0,gatsby,admm_tv,25,1.0515894889831543,0.0037371055223047733,0.17132915556430817,7.644701327080838e-06,,,0.001949775847606361,0.006184481084346771,1.0687300492409122,2.197485429178414e-07,
seed-0,gatsby,admm_tv,26,1.0514497756958008,0.0037079346366226673,0.1707949936389923,7.773819561407436e-06,,,0.0019647444132715464,0.006080183200538158,1.0685370488792614,2.2127457555143337e-07,
seed-0,gatsby,admm_tv,27,1.0513092279434204,0.003678770735859871,0.17026902735233307,7.907490726211108e-06,,,0.0019977635238319635,0.0061590117402374744,1.0683440381693798,2.2280060818502534e-07,
seed-0,gatsby,admm_tv,28,1.051171064376831,0.0036506520118564367,0.16975998878479004,8.045140020840336e-06,,,0.0020305027719587088,0.006269924808293581,1.068155108395331,2.2737869187494653e-07,
seed-0,gatsby,admm_tv,29,1.051033854484558,0.0036233493592590094,0.1692674607038498,8.18627631815616e-06,,,0.002069578506052494,0.006271318066865206,1.0679687868312613,2.3500885504290636e-07,
seed-0,gatsby,admm_tv,30,1.0508979558944702,0.00359615171328187,0.168768972158432,8.331323442689609e-06,,,0.002108644461259246,0.006333407945930958,1.0677831844337562,2.472171161116421e-07,
seed-0,gatsby,control,1,1.0560579299926758,0.004958911333233118,0.18841397762298584,5.894085006730165e-06,,,,,,,
seed-0,gatsby,control,2,1.055662989616394,0.004893570672720671,0.18837225437164307,5.906040769332321e-06,,,,,,,
seed-0,gatsby,control,3,1.0553135871887207,0.0048296800814569,0.1882990598678589,5.923072876612423e-06,,,,,,,
seed-0,gatsby,control,4,1.0550029277801514,0.004771435633301735,0.18825966119766235,5.9446156228659675e-06,,,,,,,
seed-0,gatsby,control,5,1.054722547531128,0.004719081800431013,0.18824408948421478,5.970427537249634e-06,,,,,,,
seed-0,gatsby,control,6,1.0544636249542236,0.004670392256230116,0.18822671473026276,6.0015790950274095e-06,,,,,,,
seed-0,gatsby,control,7,1.0542199611663818,0.004623645916581154,0.18820318579673767,6.038662377250148e-06,,,,,,,
seed-0,gatsby,control,8,1.0539875030517578,0.004578957799822092,0.18817877769470215,6.081355422793422e-06,,,,,,,
seed-0,gatsby,control,9,1.053761601448059,0.004536168184131384,0.18816646933555603,6.1293344515434e-06,,,,,,,
seed-0,gatsby,control,10,1.0535424947738647,0.004494548309594393,0.18817178905010223,6.182584002090152e-06,,,,,,,
seed-0,gatsby,control,11,1.0533312559127808,0.004454165697097778,0.18818922340869904,6.241630671866005e-06,,,,,,,
seed-0,gatsby,control,12,1.0531281232833862,0.004416791722178459,0.18823391199111938,6.306440354819642e-06,,,,,,,
seed-0,gatsby,control,13,1.0529327392578125,0.004382867366075516,0.1882888823747635,6.3765528466319665e-06,,,,,,,
seed-0,gatsby,control,14,1.0527440309524536,0.004351732321083546,0.18835408985614777,6.451651643146761e-06,,,,,,,
seed-0,gatsby,control,15,1.0525600910186768,0.0043214657343924046,0.1884128898382187,6.531618510052795e-06,,,,,,,
seed-0,gatsby,control,16,1.0523802042007446,0.00429433723911643,0.1884874552488327,6.616847713303287e-06,,,,,,,
seed-0,gatsby,control,17,1.0522027015686035,0.004268836695700884,0.18854166567325592,6.707518878101837e-06,,,,,,,
seed-0,gatsby,control,18,1.052025318145752,0.004243745468556881,0.18861767649650574,6.803590622439515e-06,,,,,,,
seed-0,gatsby,control,19,1.0518478155136108,0.004221963696181774,0.18873533606529236,6.905218469910324e-06,,,,,,,
seed-0,gatsby,control,20,1.0516711473464966,0.004200522322207689,0.18884550034999847,7.0123451223480515e-06,,,,,,,
seed-0,gatsby,control,21,1.0514956712722778,0.004180793650448322,0.18896611034870148,7.124736384866992e-06,,,,,,,
seed-0,gatsby,control,22,1.0513172149658203,0.00416288198903203,0.18909642100334167,7.2424868449161295e-06,,,,,,,
seed-0,gatsby,control,23,1.051137924194336,0.004146361257880926,0.18923799693584442,7.3657306529639754e-06,,,,,,,
seed-0,gatsby,control,24,1.050959587097168,0.004129716660827398,0.18935763835906982,7.49418586565298e-06,,,,,,,
seed-0,gatsby,control,25,1.0507820844650269,0.004114295355975628,0.18947911262512207,7.627216291439254e-06,,,,,,,
seed-0,gatsby,control,26,1.0506060123443604,0.004099372308701277,0.189613938331604,7.76455181039637e-06,,,,,,,
seed-0,gatsby,control,27,1.0504322052001953,0.004085778258740902,0.18976621329784393,7.90621925261803e-06,,,,,,,
seed-0,gatsby,control,28,1.050260066986084,0.004074379801750183,0.18994760513305664,8.0525087469141e-06,,,,,,,
seed-0,gatsby,control,29,1.0500856637954712,0.004062987398356199,0.19011320173740387,8.203818651963957e-06,,,,,,,
seed-0,gatsby,control,30,1.0499095916748047,0.004053827840834856,0.19029425084590912,8.360367246496025e-06,,,,,,,
seed-0,gatsby,direct_quadratic,1,1.05607271194458,0.0049212235026061535,0.1879112273454666,5.8987225202145055e-06,,,,,1.0609998341697064,,
seed-0,gatsby,direct_quadratic,2,1.0556843280792236,0.004827768076211214,0.18748648464679718,5.914901976211695e-06,,,,,1.060518011057411,,
seed-0,gatsby,direct_quadratic,3,1.0553388595581055,0.004742884077131748,0.18711434304714203,5.936482921242714e-06,,,,,1.0600876801181585,,
seed-0,gatsby,direct_quadratic,4,1.05503249168396,0.00466459896415472,0.18679247796535492,5.962292561889626e-06,,,,,1.0597030529406766,,
seed-0,gatsby,direct_quadratic,5,1.0547542572021484,0.004592200741171837,0.18651078641414642,5.992095793772023e-06,,,,,1.059352450039114,,
seed-0,gatsby,direct_quadratic,6,1.0544975996017456,0.00452437624335289,0.18624311685562134,6.026666596881114e-06,,,,,1.0590280025116954,,
seed-0,gatsby,direct_quadratic,7,1.0542559623718262,0.004460378084331751,0.18599075078964233,6.066659807402175e-06,,,,,1.0587224071159653,,
seed-0,gatsby,direct_quadratic,8,1.0540249347686768,0.0044000656343996525,0.1857558935880661,6.112218670750735e-06,,,,,1.0584311126217472,,
seed-0,gatsby,direct_quadratic,9,1.0538039207458496,0.004343381151556969,0.1855487823486328,6.162959834909998e-06,,,,,1.0581534648572415,,
seed-0,gatsby,direct_quadratic,10,1.0535916090011597,0.004289506934583187,0.1853616088628769,6.218634553079028e-06,,,,,1.057887334570296,,
seed-0,gatsby,direct_quadratic,11,1.0533854961395264,0.004239207599312067,0.1851961761713028,6.279006811382715e-06,,,,,1.0576309827456498,,
seed-0,gatsby,direct_quadratic,12,1.0531851053237915,0.004191406536847353,0.18504448235034943,6.3440738813369535e-06,,,,,1.0573828559345202,,
seed-0,gatsby,direct_quadratic,13,1.0529898405075073,0.0041471440345048904,0.1849040687084198,6.4138462221308146e-06,,,,,1.0571433983882343,,
seed-0,gatsby,direct_quadratic,14,1.0527976751327515,0.0041049267165362835,0.18476451933383942,6.488917279057205e-06,,,,,1.0569090907665668,,
seed-0,gatsby,direct_quadratic,15,1.0526113510131836,0.004065077286213636,0.18462905287742615,6.56928523312672e-06,,,,,1.0566829975846304,,
seed-0,gatsby,direct_quadratic,16,1.052430510520935,0.004028369672596455,0.18450114130973816,6.654567187069915e-06,,,,,1.0564655347607186,,
seed-0,gatsby,direct_quadratic,17,1.0522544384002686,0.003993178252130747,0.18437965214252472,6.74446073389845e-06,,,,,1.0562543611131332,,
seed-0,gatsby,direct_quadratic,18,1.05208158493042,0.003959713038057089,0.18426617980003357,6.838749413873302e-06,,,,,1.0560481367178909,,
seed-0,gatsby,direct_quadratic,19,1.0519123077392578,0.0039277090691030025,0.18414905667304993,6.937547368579544e-06,,,,,1.0558469543557294,,
seed-0,gatsby,direct_quadratic,20,1.051744818687439,0.0038970254827290773,0.18402329087257385,7.041427124931943e-06,,,,,1.055648885597293,,
seed-0,gatsby,direct_quadratic,21,1.0515774488449097,0.0038677100092172623,0.18390405178070068,7.149926659621997e-06,,,,,1.0554523087807866,,
seed-0,gatsby,direct_quadratic,22,1.0514113903045654,0.003839946584776044,0.18380019068717957,7.262861345225247e-06,,,,,1.0552585997506867,,
seed-0,gatsby,direct_quadratic,23,1.0512466430664062,0.003813227405771613,0.1837131679058075,7.380278475466184e-06,,,,,1.0550672507506533,,
seed-0,gatsby,direct_quadratic,24,1.0510823726654053,0.0037881245370954275,0.1836412101984024,7.502040261897491e-06,,,,,1.0548779992427626,,
seed-0,gatsby,direct_quadratic,25,1.0509190559387207,0.003764920402318239,0.18357712030410767,7.6282590271148365e-06,,,,,1.054691604600066,,
seed-0,gatsby,direct_quadratic,26,1.0507588386535645,0.0037422107998281717,0.18352137506008148,7.758822903269902e-06,,,,,1.054508808276296,,
seed-0,gatsby,direct_quadratic,27,1.0506004095077515,0.0037211591843515635,0.1834922581911087,7.894403097452596e-06,,,,,1.0543294630952005,,
seed-0,gatsby,direct_quadratic,28,1.0504436492919922,0.003700902685523033,0.18345536291599274,8.034883649088442e-06,,,,,1.0541525868611643,,
seed-0,gatsby,direct_quadratic,29,1.0502887964248657,0.0036804492119699717,0.1833966225385666,8.179712494893465e-06,,,,,1.0539774253493306,,
seed-0,gatsby,direct_quadratic,30,1.0501329898834229,0.003661370137706399,0.18334440886974335,8.328780495503452e-06,,,,,1.0538026888016248,,
seed-0,gatsby,pnp,1,1.0560762882232666,0.004956249613314867,0.18834368884563446,5.892298304388532e-06,,,0.001575612579472363,0.013856252655386925,,,0.008512742817401886
seed-0,gatsby,pnp,2,1.0556950569152832,0.004889736883342266,0.18823884427547455,5.901330496271839e-06,,,0.00014917456428520381,0.012427846901118755,,,0.008512742817401886
seed-0,gatsby,pnp,3,1.0553511381149292,0.004827122204005718,0.18815214931964874,5.915967449254822e-06,,,8.749218250159174e-05,0.011431355960667133,,,0.008512742817401886
seed-0,gatsby,pnp,4,1.055039882659912,0.004769238643348217,0.18810336291790009,5.936223260505358e-06,,,8.644272747915238e-05,0.01047816313803196,,,0.008512742817401886
seed-0,gatsby,pnp,5,1.054754376411438,0.004715913441032171,0.18807247281074524,5.961670467513613e-06,,,8.362626249436289e-05,0.009617989882826805,,,0.008512742817401886
seed-0,gatsby,pnp,6,1.0544893741607666,0.004665531683713198,0.1880473792552948,5.992501883156365e-06,,,7.941325020510703e-05,0.008863847702741623,,,0.008512742817401886
seed-0,gatsby,pnp,7,1.0542412996292114,0.004618354141712189,0.18802736699581146,6.028933967172634e-06,,,7.603048288729042e-05,0.00824913289397955,,,0.008512742817401886
seed-0,gatsby,pnp,8,1.0540047883987427,0.004573239479213953,0.1880105435848236,6.070866220397875e-06,,,7.547754648840055e-05,0.007770226337015629,,,0.008512742817401886
seed-0,gatsby,pnp,9,1.0537748336791992,0.004530164413154125,0.1880050152540207,6.118084911577171e-06,,,7.743360765744e-05,0.007456262595951557,,,0.008512742817401886
seed-0,gatsby,pnp,10,1.0535541772842407,0.0044896360486745834,0.18802426755428314,6.171005225041881e-06,,,7.903708319645375e-05,0.007178675848990679,,,0.008512742817401886
seed-0,gatsby,pnp,11,1.0533411502838135,0.004451179876923561,0.1880517601966858,6.229443897609599e-06,,,7.937545160530135e-05,0.006940190214663744,,,0.008512742817401886
seed-0,gatsby,pnp,12,1.053137183189392,0.004414839670062065,0.18808245658874512,6.293571914284257e-06,,,7.791798998368904e-05,0.006718709133565426,,,0.008512742817401886
seed-0,gatsby,pnp,13,1.0529392957687378,0.004381034057587385,0.18812188506126404,6.362927706504706e-06,,,7.552283932454884e-05,0.006486828438937664,,,0.008512742817401886
seed-0,gatsby,pnp,14,1.0527477264404297,0.004349538590759039,0.18817605078220367,6.437340744014364e-06,,,7.584135892102495e-05,0.006333284545689821,,,0.008512742817401886
seed-0,gatsby,pnp,15,1.0525627136230469,0.004319531377404928,0.18822717666625977,6.516984285553917e-06,,,7.267072942340747e-05,0.0061571672558784485,,,0.008512742817401886
seed-0,gatsby,pnp,16,1.0523818731307983,0.004290826618671417,0.18826620280742645,6.601958830287913e-06,,,6.937122088856995e-05,0.006086871959269047,,,0.008512742817401886
seed-0,gatsby,pnp,17,1.0522032976150513,0.004264055751264095,0.18830198049545288,6.6924244492838625e-06,,,6.94221889716573e-05,0.00601440854370594,,,0.008512742817401886
seed-0,gatsby,pnp,18,1.052027702331543,0.004239433910697699,0.18835605680942535,6.7883279371017125e-06,,,6.900443258928135e-05,0.0059207952581346035,,,0.008512742817401886
seed-0,gatsby,pnp,19,1.0518536567687988,0.004216151311993599,0.18841485679149628,6.8900308178854175e-06,,,6.611528806388378e-05,0.005883845500648022,,,0.008512742817401886
seed-0,gatsby,pnp,20,1.0516784191131592,0.004194143693894148,0.1884884387254715,6.997095624683425e-06,,,6.482001481344923e-05,0.0058692931197583675,,,0.008512742817401886
seed-0,gatsby,pnp,21,1.0515029430389404,0.004173949360847473,0.18856801092624664,7.109250418579904e-06,,,6.636297621298581e-05,0.005906297825276852,,,0.008512742817401886
seed-0,gatsby,pnp,22,1.0513261556625366,0.004154890310019255,0.1886509656906128,7.226357865874888e-06,,,6.650579598499462e-05,0.00589909590780735,,,0.008512742817401886
seed-0,gatsby,pnp,23,1.0511471033096313,0.004136214964091778,0.1887466013431549,7.34811192160123e-06,,,6.82414902257733e-05,0.005964994430541992,,,0.008512742817401886
seed-0,gatsby,pnp,24,1.0509684085845947,0.004118677228689194,0.18885351717472076,7.475071015505819e-06,,,6.929766823304817e-05,0.006023666821420193,,,0.008512742817401886
seed-0,gatsby,pnp,25,1.0507911443710327,0.004102486651390791,0.188974067568779,7.6075352808402386e-06,,,6.951214891159907e-05,0.006007913965731859,,,0.008512742817401886
seed-0,gatsby,pnp,26,1.0506170988082886,0.004087124485522509,0.18909503519535065,7.744954018562566e-06,,,6.807013414800167e-05,0.00593804894015193,,,0.008512742817401886
seed-0,gatsby,pnp,27,1.050445556640625,0.0040731714107096195,0.18923622369766235,7.887041647336446e-06,,,6.591944838874042e-05,0.005957485642284155,,,0.008512742817401886
seed-0,gatsby,pnp,28,1.0502740144729614,0.004060699604451656,0.18939413130283356,8.034563506953418e-06,,,6.675646727671847e-05,0.005956206936389208,,,0.008512742817401886
seed-0,gatsby,pnp,29,1.0501019954681396,0.0040491363033652306,0.18956680595874786,8.186926606867928e-06,,,6.85892955516465e-05,0.006023988127708435,,,0.008512742817401886
seed-0,gatsby,pnp,30,1.0499286651611328,0.004038461018353701,0.18976016342639923,8.343688023160212e-06,,,6.990480324020609e-05,0.00607162294909358,,,0.008512742817401886
seed-1,achilles,admm_quadratic,1,1.0519331693649292,0.0030563680920749903,0.13630101084709167,8.584872375649866e-06,6.389553846020135e-07,6,0.021587731316685677,0.024918969720602036,1.0549981223293798,,
seed-1,achilles,admm_quadratic,2,1.051720142364502,0.002968421671539545,0.13607552647590637,8.58874773257412e-06,7.573305538244313e-07,6,0.004573636222630739,0.016390686854720116,1.054697152783774,,
seed-1,achilles,admm_quadratic,3,1.0515193939208984,0.002886761911213398,0.13590741157531738,8.60057753016008e-06,7.8282999993462e-07,6,0.0013803819892928004,0.008259685710072517,1.054414756409642,,
seed-1,achilles,admm_quadratic,4,1.0513256788253784,0.0028221404645591974,0.13587385416030884,8.617471394245513e-06,7.846594485272362e-07,6,0.0011266565416008234,0.007951575331389904,1.0541564367613319,,
seed-1,achilles,admm_quadratic,5,1.0511441230773926,0.0027641940396279097,0.13588091731071472,8.638404324301518e-06,7.7764110528733e-07,6,0.0011888528242707253,0.007887198589742184,1.0539169555213448,,
seed-1,achilles,admm_quadratic,6,1.0509735345840454,0.002711613429710269,0.13592810928821564,8.662912478030194e-06,7.678582392145472e-07,6,0.0011646158527582884,0.007769305258989334,1.0536938109262337,,
seed-1,achilles,admm_quadratic,7,1.0508077144622803,0.0026621108409017324,0.13599419593811035,8.690466529515106e-06,7.592584552185144e-07,6,0.0011254254495725036,0.007718492764979601,1.0534785157697115,,
seed-1,achilles,admm_quadratic,8,1.0506467819213867,0.0026160655543208122,0.1360783576965332,8.721457561478019e-06,7.483027957277955e-07,6,0.0010886815143749118,0.007641181815415621,1.053271568933269,,
seed-1,achilles,admm_quadratic,9,1.0504918098449707,0.002573306206613779,0.13617625832557678,8.756893294048496e-06,7.394444310193649e-07,6,0.0010448332177475095,0.00751477712765336,1.0530738729448785,,
seed-1,achilles,admm_quadratic,10,1.050342082977295,0.0025341175496578217,0.13628153502941132,8.796650035947096e-06,7.319306405406678e-07,6,0.0009968007216230035,0.007364768069237471,1.0528849971769887,,
seed-1,achilles,admm_quadratic,11,1.0501954555511475,0.0024973612744361162,0.13638868927955627,8.840283953759354e-06,7.226591378639569e-07,6,0.0009601589408703148,0.007337236311286688,1.0527016571095373,,
seed-1,achilles,admm_quadratic,12,1.050050973892212,0.0024628674145787954,0.13649334013462067,8.887127478374168e-06,7.158366202020261e-07,6,0.000930914597120136,0.007268351502716541,1.052522728434269,,
seed-1,achilles,admm_quadratic,13,1.0499080419540405,0.0024302040692418814,0.13659891486167908,8.936827725847252e-06,7.072633820826013e-07,6,0.0009044151520356536,0.007199184037744999,1.0523471828510083,,
seed-1,achilles,admm_quadratic,14,1.0497668981552124,0.0023989847395569086,0.13669833540916443,8.989163688966073e-06,6.98817757438519e-07,6,0.0008891328470781446,0.007217350881546736,1.0521748720584583,,
seed-1,achilles,admm_quadratic,15,1.0496292114257812,0.0023695367854088545,0.13680890202522278,9.044963007909246e-06,6.912256935720507e-07,6,0.0008650857489556074,0.007152787875384092,1.052007793174198,,
seed-1,achilles,admm_quadratic,16,1.0494965314865112,0.00234193354845047,0.13692671060562134,9.104382115765475e-06,6.827452807556256e-07,6,0.0008330500568263233,0.007016458082944155,1.0518475694170775,,
seed-1,achilles,admm_quadratic,17,1.04936683177948,0.0023157328832894564,0.13703136146068573,9.166645213554148e-06,6.735461965945433e-07,6,0.0008086632587946951,0.006921350955963135,1.051691731307983,,
seed-1,achilles,admm_quadratic,18,1.0492385625839233,0.0022907364182174206,0.13712388277053833,9.232214324583765e-06,6.645918801950756e-07,6,0.0007907004910521209,0.006873047910630703,1.0515385312164653,,
seed-1,achilles,admm_quadratic,19,1.0491085052490234,0.0022674233186990023,0.1372136026620865,9.301106729253661e-06,6.575394877472718e-07,6,0.0007847525994293392,0.006878835614770651,1.0513852296744517,,
seed-1,achilles,admm_quadratic,20,1.0489791631698608,0.00224534934386611,0.137306809425354,9.373075045004953e-06,6.51273182938894e-07,6,0.0007883138605393469,0.006943135522305965,1.051233885588772,,
seed-1,achilles,admm_quadratic,21,1.0488529205322266,0.0022250988986343145,0.1374109834432602,9.448342098039575e-06,6.44508361347107e-07,6,0.0007609040476381779,0.006917112972587347,1.051087467772959,,
seed-1,achilles,admm_quadratic,22,1.048728585243225,0.002206002827733755,0.13751277327537537,9.526541361992713e-06,6.387443249877833e-07,6,0.0007345963967964053,0.006827681791037321,1.0509441146123208,,
seed-1,achilles,admm_quadratic,23,1.0486054420471191,0.0021883624140173197,0.13761240243911743,9.60738725552801e-06,6.335961870718165e-07,6,0.0007281744619831443,0.006744508631527424,1.050803411848392,,
seed-1,achilles,admm_quadratic,24,1.0484846830368042,0.0021723394747823477,0.13772720098495483,9.69163556874264e-06,6.295219350249681e-07,6,0.0007118661887943745,0.00666047353297472,1.0506667141471553,,
seed-1,achilles,admm_quadratic,25,1.0483641624450684,0.002157295821234584,0.1378382295370102,9.77946456259815e-06,6.252865887290682e-07,6,0.0007089138380251825,0.006609125062823296,1.0505312377308655,,
seed-1,achilles,admm_quadratic,26,1.048244833946228,0.002143160905689001,0.13796044886112213,9.87041767075425e-06,6.235618457139935e-07,6,0.000706228194758296,0.006593655329197645,1.0503978652695878,,
seed-1,achilles,admm_quadratic,27,1.0481284856796265,0.00213005393743515,0.13809973001480103,9.964244782167953e-06,6.215995540514996e-07,6,0.0006848354823887348,0.0064841811545193195,1.0502685038618438,,
seed-1,achilles,admm_quadratic,28,1.0480130910873413,0.0021175460424274206,0.13824117183685303,1.006088041322073e-05,6.188146812746709e-07,6,0.0006609616102650762,0.006428218446671963,1.050140698010182,,
seed-1,achilles,admm_quadratic,29,1.047899842262268,0.0021053829696029425,0.13838434219360352,1.0159589692193549e-05,6.155725600365258e-07,6,0.0006591790006496012,0.006404051091521978,1.0500153848215632,,
seed-1,achilles,admm_quadratic,30,1.047789454460144,0.0020942226983606815,0.13853533565998077,1.026054178510094e-05,6.134582122285792e-07,6,0.0006594003061763942,0.006301651243120432,1.0498939377002898,,
seed-1,achilles,admm_tv,1,1.0519331693649292,0.0030563680920749903,0.13630101084709167,8.584872375649866e-06,,,0.041153378784656525,0.041938938200473785,1.065571855322014,6.021720400894992e-05,
seed-1,achilles,admm_tv,2,1.0517566204071045,0.002974665956571698,0.1355767846107483,8.586265721532982e-06,,,0.015623344108462334,0.03283713385462761,1.065322885133901,1.770196649886202e-05,
seed-1,achilles,admm_tv,3,1.0515981912612915,0.0029048919677734375,0.13483576476573944,8.594550308771431e-06,,,0.009782322682440281,0.011616489849984646,1.0650903622881742,9.418666195415426e-06,
seed-1,achilles,admm_tv,4,1.0514386892318726,0.0028505234513431787,0.13431766629219055,8.608070857007988e-06,,,0.0069463858380913734,0.00848048273473978,1.0648790639319485,5.3304279390431475e-06,
seed-1,achilles,admm_tv,5,1.0512864589691162,0.0027996250428259373,0.13384993374347687,8.62605247675674e-06,,,0.005302034318447113,0.007646054029464722,1.0646800783959407,3.517502591421362e-06,
seed-1,achilles,admm_tv,6,1.0511397123336792,0.0027523969765752554,0.13341455161571503,8.64820322021842e-06,,,0.004262465983629227,0.007375654298812151,1.064489815698471,2.517951998015633e-06,
seed-1,achilles,admm_tv,7,1.0509971380233765,0.0027086371555924416,0.13299599289894104,8.674250238982495e-06,,,0.0035598906688392162,0.007154822815209627,1.0643054115635096,1.8815968587659881e-06,
seed-1,achilles,admm_tv,8,1.0508601665496826,0.0026670871302485466,0.13259956240653992,8.704126230441034e-06,,,0.0030690000858157873,0.006933741737157106,1.064128826916567,1.498562937740644e-06,
seed-1,achilles,admm_tv,9,1.0507255792617798,0.0026279278099536896,0.13224376738071442,8.738245014683343e-06,,,0.0027679521590471268,0.006789951119571924,1.063958694244866,1.2376115137158195e-06,
seed-1,achilles,admm_tv,10,1.0505956411361694,0.0025910604745149612,0.131928950548172,8.776724826020654e-06,,,0.00256098760291934,0.006581900641322136,1.0637973129158127,1.0163370234295144e-06,
seed-1,achilles,admm_tv,11,1.0504710674285889,0.002555428771302104,0.1316414624452591,8.819551112537738e-06,,,0.0023907278664410114,0.006387759931385517,1.0636440332242274,8.60681780068262e-07,
seed-1,achilles,admm_tv,12,1.0503501892089844,0.0025214438792318106,0.13137385249137878,8.866258212947287e-06,,,0.0022382321767508984,0.006249659229069948,1.0634964407163352,7.569116178274271e-07,
seed-1,achilles,admm_tv,13,1.0502288341522217,0.0024892138317227364,0.13113532960414886,8.916940714698285e-06,,,0.002121986821293831,0.006179700139909983,1.0633512840533512,6.607716613871162e-07,
seed-1,achilles,admm_tv,14,1.050107479095459,0.002459107432514429,0.13091272115707397,8.97147401701659e-06,,,0.0020526801235973835,0.006115270778536797,1.0632077226851835,5.921002070863324e-07,
seed-1,achilles,admm_tv,15,1.0499907732009888,0.002430272987112403,0.1306992918252945,9.02996544027701e-06,,,0.0020059915259480476,0.005993794649839401,1.0630697323489584,5.463193133437017e-07,
seed-1,achilles,admm_tv,16,1.0498777627944946,0.0024030162021517754,0.13048812747001648,9.092239452002104e-06,,,0.0019633814226835966,0.005846657790243626,1.0629356677809483,5.081685117147572e-07,
seed-1,achilles,admm_tv,17,1.0497652292251587,0.0023766395170241594,0.13026946783065796,9.157753993349615e-06,,,0.001933858497068286,0.005817173980176449,1.0628013337622177,4.99012287491496e-07,
seed-1,achilles,admm_tv,18,1.0496565103530884,0.0023518824018538,0.13006483018398285,9.226711881638039e-06,,,0.001923104515299201,0.005668087862432003,1.0626722200833683,4.929081569571281e-07,
seed-1,achilles,admm_tv,19,1.0495487451553345,0.0023279725573956966,0.1298670470714569,9.299375960836187e-06,,,0.0019749137572944164,0.0055734687484800816,1.062544749238441,4.974862690687587e-07,
seed-1,achilles,admm_tv,20,1.0494427680969238,0.0023049276787787676,0.12967418134212494,9.374693036079407e-06,,,0.002040676772594452,0.005594383459538221,1.0624195609241724,5.005383627576521e-07,
seed-1,achilles,admm_tv,21,1.0493357181549072,0.002283357782289386,0.12950381636619568,9.452464837522712e-06,,,0.002075218828395009,0.005680521484464407,1.0622955522563644,4.944342322232842e-07,
seed-1,achilles,admm_tv,22,1.0492265224456787,0.002263058675453067,0.12934696674346924,9.532627700536977e-06,,,0.0020985016599297523,0.005854329559952021,1.0621707517477261,4.959602506460214e-07,
seed-1,achilles,admm_tv,23,1.0491163730621338,0.0022443581838160753,0.12919463217258453,9.61511796049308e-06,,,0.002098340541124344,0.005925233010202646,1.0620454513973527,5.005383627576521e-07,
seed-1,achilles,admm_tv,24,1.0490072965621948,0.002226550132036209,0.1290428638458252,9.700317605165765e-06,,,0.002076865406706929,0.005987214855849743,1.0619212832643825,5.127465669829689e-07,
seed-1,achilles,admm_tv,25,1.0488996505737305,0.0022094175219535828,0.1288958191871643,9.788104762264993e-06,,,0.002063365885987878,0.00593319907784462,1.0617990205972092,5.28006921740598e-07,
seed-1,achilles,admm_tv,26,1.0487922430038452,0.002192630199715495,0.12876497209072113,9.87782550510019e-06,,,0.0020501194521784782,0.0058424025774002075,1.0616786180384223,5.402151828093338e-07,
seed-1,achilles,admm_tv,27,1.0486866235733032,0.002176431007683277,0.12863287329673767,9.969571692636237e-06,,,0.0020236677955836058,0.005816560238599777,1.0615598804746695,5.539494623008068e-07,
seed-1,achilles,admm_tv,28,1.0485827922821045,0.002161995507776737,0.12850461900234222,1.0063555237138644e-05,,,0.0020012042950838804,0.005827541928738356,1.061443317737576,5.585275175690185e-07,
seed-1,achilles,admm_tv,29,1.0484812259674072,0.002148771658539772,0.12838158011436462,1.0160726560570765e-05,,,0.0019945777021348476,0.005751505494117737,1.0613295447054043,5.524233870346507e-07,
seed-1,achilles,admm_tv,30,1.0483756065368652,0.0021371347829699516,0.12826605141162872,1.026118297886569e-05,,,0.0020293372217565775,0.005866281222552061,1.061212472861007,5.707357786377543e-07,
seed-1,achilles,control,1,1.0519253015518188,0.0030649248510599136,0.13635526597499847,8.582982445659582e-06,,,,,,,
seed-1,achilles,control,2,1.0516951084136963,0.003017041366547346,0.13651902973651886,8.584336683270521e-06,,,,,,,
seed-1,achilles,control,3,1.0514785051345825,0.002962701255455613,0.13666342198848724,8.594537575845607e-06,,,,,,,
seed-1,achilles,control,4,1.0512734651565552,0.0029084959533065557,0.13679549098014832,8.60968793858774e-06,,,,,,,
seed-1,achilles,control,5,1.051078200340271,0.002856650622561574,0.13692530989646912,8.629107469459996e-06,,,,,,,
seed-1,achilles,control,6,1.050892949104309,0.0028070826083421707,0.13704858720302582,8.652092219563201e-06,,,,,,,
seed-1,achilles,control,7,1.05071222782135,0.0027599604800343513,0.13718369603157043,8.678361155034509e-06,,,,,,,
seed-1,achilles,control,8,1.0505391359329224,0.00271749054081738,0.13735710084438324,8.70858730195323e-06,,,,,,,
seed-1,achilles,control,9,1.0503714084625244,0.0026795424055308104,0.13755354285240173,8.743601938476786e-06,,,,,,,
seed-1,achilles,control,10,1.0502057075500488,0.002644680207595229,0.13774138689041138,8.783532393863425e-06,,,,,,,
seed-1,achilles,control,11,1.0500421524047852,0.0026115409564226866,0.13793347775936127,8.826925295579713e-06,,,,,,,
seed-1,achilles,control,12,1.049880027770996,0.002580169355496764,0.1381721943616867,8.87367241375614e-06,,,,,,,
seed-1,achilles,control,13,1.0497190952301025,0.0025510399136692286,0.13842996954917908,8.923992936615832e-06,,,,,,,
seed-1,achilles,control,14,1.0495575666427612,0.0025246143341064453,0.13868962228298187,8.977550351119135e-06,,,,,,,
seed-1,achilles,control,15,1.049397349357605,0.0024989822413772345,0.1389458328485489,9.033238711708691e-06,,,,,,,
seed-1,achilles,control,16,1.0492422580718994,0.0024737853091210127,0.1391874998807907,9.091419997275807e-06,,,,,,,
seed-1,achilles,control,17,1.049088954925537,0.002450531115755439,0.13941791653633118,9.152739949058741e-06,,,,,,,
seed-1,achilles,control,18,1.0489375591278076,0.0024287619162350893,0.13962745666503906,9.217527804139536e-06,,,,,,,
seed-1,achilles,control,19,1.0487881898880005,0.002409255364909768,0.13981886208057404,9.28617828321876e-06,,,,,,,
seed-1,achilles,control,20,1.048642635345459,0.002392112510278821,0.14000293612480164,9.35861771722557e-06,,,,,,,
seed-1,achilles,control,21,1.0485022068023682,0.002376869320869446,0.14020505547523499,9.434857020096388e-06,,,,,,,
seed-1,achilles,control,22,1.0483644008636475,0.0023622054141014814,0.14039960503578186,9.514799785392825e-06,,,,,,,
seed-1,achilles,control,23,1.048225998878479,0.0023494663182646036,0.1405969113111496,9.598508768249303e-06,,,,,,,
seed-1,achilles,control,24,1.0480903387069702,0.002339072059839964,0.14080548286437988,9.68545373325469e-06,,,,,,,
seed-1,achilles,control,25,1.0479607582092285,0.002328642178326845,0.1410069465637207,9.776496881386265e-06,,,,,,,
seed-1,achilles,control,26,1.0478324890136719,0.0023182921577244997,0.141205295920372,9.872020200418774e-06,,,,,,,
seed-1,achilles,control,27,1.0477077960968018,0.0023078792728483677,0.14140468835830688,9.971930921892636e-06,,,,,,,
seed-1,achilles,control,28,1.0475858449935913,0.0022990808356553316,0.14163416624069214,1.0076099897560198e-05,,,,,,,
seed-1,achilles,control,29,1.0474649667739868,0.0022906179074198008,0.14188455045223236,1.018401326291496e-05,,,,,,,
seed-1,achilles,control,30,1.0473462343215942,0.0022848639637231827,0.14217935502529144,1.0296129403286614e-05,,,,,,,
seed-1,achilles,direct_quadratic,1,1.0519410371780396,0.0030224237125366926,0.13605381548404694,8.591195182816591e-06,,,,,1.054972052085759,,
seed-1,achilles,direct_quadratic,2,1.0517175197601318,0.00294677191413939,0.1359935849905014,8.597974556323607e-06,,,,,1.0546728896488275,,
seed-1,achilles,direct_quadratic,3,1.0515060424804688,0.0028765869792550802,0.1359742432832718,8.611023986304644e-06,,,,,1.0543912404837101,,
seed-1,achilles,direct_quadratic,4,1.0513033866882324,0.0028130952268838882,0.13599278032779694,8.628892828710377e-06,,,,,1.054125110807945,,
seed-1,achilles,direct_quadratic,5,1.0511107444763184,0.0027543865144252777,0.13603892922401428,8.650625204609241e-06,,,,,1.0538737816159482,,
seed-1,achilles,direct_quadratic,6,1.0509300231933594,0.0026989122852683067,0.13610036671161652,8.676109246152919e-06,,,,,1.0536376115878738,,
seed-1,achilles,direct_quadratic,7,1.0507543087005615,0.002647498855367303,0.13618814945220947,8.704762876732275e-06,,,,,1.0534105123188056,,
seed-1,achilles,direct_quadratic,8,1.0505846738815308,0.0026010447181761265,0.1363004744052887,8.736587005842011e-06,,,,,1.0531944551867127,,
seed-1,achilles,direct_quadratic,9,1.0504214763641357,0.002557251136749983,0.136398047208786,8.77182901604101e-06,,,,,1.0529874993299018,,
seed-1,achilles,direct_quadratic,10,1.050264596939087,0.0025164808612316847,0.13648857176303864,8.81103642313974e-06,,,,,1.0527898888367417,,
seed-1,achilles,direct_quadratic,11,1.0501078367233276,0.0024791297037154436,0.13661159574985504,8.854280167724937e-06,,,,,1.0525958207072108,,
seed-1,achilles,direct_quadratic,12,1.049952507019043,0.0024438658729195595,0.1367558091878891,8.901529326976743e-06,,,,,1.0524052744212895,,
seed-1,achilles,direct_quadratic,13,1.049798846244812,0.00241078226827085,0.13690879940986633,8.952642929216381e-06,,,,,1.052218581156012,,
seed-1,achilles,direct_quadratic,14,1.0496468544006348,0.002380135003477335,0.13707013428211212,9.006895197671838e-06,,,,,1.0520359962993098,,
seed-1,achilles,direct_quadratic,15,1.0494959354400635,0.002351349452510476,0.13724102079868317,9.064308869710658e-06,,,,,1.0518563492014437,,
seed-1,achilles,direct_quadratic,16,1.0493454933166504,0.0023241860326379538,0.13741350173950195,9.124467396759428e-06,,,,,1.051678803816685,,
seed-1,achilles,direct_quadratic,17,1.049198865890503,0.002297952538356185,0.1375637948513031,9.187793693854474e-06,,,,,1.051506006222553,,
seed-1,achilles,direct_quadratic,18,1.0490583181381226,0.002273118356242776,0.1376950740814209,9.254320502805058e-06,,,,,1.0513406908148681,,
seed-1,achilles,direct_quadratic,19,1.0489211082458496,0.0022505028173327446,0.1378394514322281,9.324151506007183e-06,,,,,1.0511809352146884,,
seed-1,achilles,direct_quadratic,20,1.0487886667251587,0.0022294591180980206,0.13798223435878754,9.39684014156228e-06,,,,,1.0510275226833983,,
seed-1,achilles,direct_quadratic,21,1.0486592054367065,0.0022102929651737213,0.13813219964504242,9.471868906985037e-06,,,,,1.0508789702707872,,
seed-1,achilles,direct_quadratic,22,1.0485304594039917,0.002192616229876876,0.13828697800636292,9.549551577947568e-06,,,,,1.0507326251854465,,
seed-1,achilles,direct_quadratic,23,1.048403263092041,0.0021760144736617804,0.13843290507793427,9.630718523112591e-06,,,,,1.050588908284226,,
seed-1,achilles,direct_quadratic,24,1.0482767820358276,0.0021596383303403854,0.13854362070560455,9.71435019891942e-06,,,,,1.050446134716367,,
seed-1,achilles,direct_quadratic,25,1.048151969909668,0.0021451914217323065,0.1386629045009613,9.800809493754059e-06,,,,,1.050306962140894,,
seed-1,achilles,direct_quadratic,26,1.048030138015747,0.00213166163302958,0.13879147171974182,9.890458386507817e-06,,,,,1.0501716901071632,,
seed-1,achilles,direct_quadratic,27,1.047912836074829,0.0021180668845772743,0.1389341652393341,9.983772542909719e-06,,,,,1.0500408867319493,,
seed-1,achilles,direct_quadratic,28,1.0477967262268066,0.0021040283609181643,0.13907049596309662,1.0080628271680325e-05,,,,,1.0499108352159965,,
seed-1,achilles,direct_quadratic,29,1.0476837158203125,0.0020908017177134752,0.13921888172626495,1.0180758181377314e-05,,,,,1.0497846982962074,,
seed-1,achilles,direct_quadratic,30,1.0475709438323975,0.002079176716506481,0.1393880546092987,1.0283191841153894e-05,,,,,1.049660403740745,,
seed-1,achilles,pnp,1,1.0519331693649292,0.0030563680920749903,0.13630101084709167,8.584872375649866e-06,,,0.0008562286966480315,0.009258381091058254,,,0.002728360937908292
seed-1,achilles,pnp,2,1.051706314086914,0.00300566921941936,0.13639923930168152,8.586003787058871e-06,,,9.297424549004063e-05,0.00849244836717844,,,0.002728360937908292
seed-1,achilles,pnp,3,1.0514967441558838,0.002954972442239523,0.1365116387605667,8.594126484240405e-06,,,6.766844308003783e-05,0.008130366913974285,,,0.002728360937908292
seed-1,achilles,pnp,4,1.0512988567352295,0.0029061539098620415,0.13664184510707855,8.607704330643173e-06,,,6.692193710478023e-05,0.007916806265711784,,,0.002728360937908292
seed-1,achilles,pnp,5,1.0511112213134766,0.002858794527128339,0.13677248358726501,8.62580600369256e-06,,,7.092548912623897e-05,0.0078028240241110325,,,0.002728360937908292
seed-1,achilles,pnp,6,1.0509345531463623,0.002814379520714283,0.13689780235290527,8.64843877934618e-06,,,6.932683027116582e-05,0.0077128284610807896,,,0.002728360937908292
seed-1,achilles,pnp,7,1.0507656335830688,0.002773829735815525,0.13702327013015747,8.675042408867739e-06,,,6.490414671134204e-05,0.007531822193413973,,,0.002728360937908292
seed-1,achilles,pnp,8,1.0506010055541992,0.0027353186160326004,0.13717316091060638,8.705512300366536e-06,,,6.374155054800212e-05,0.007495285477489233,,,0.002728360937908292
seed-1,achilles,pnp,9,1.050441026687622,0.0026982086710631847,0.13732902705669403,8.740124940231908e-06,,,5.975558087811805e-05,0.007436174899339676,,,0.002728360937908292
seed-1,achilles,pnp,10,1.0502854585647583,0.0026632756926119328,0.1374828815460205,8.779034033068456e-06,,,5.641376264975406e-05,0.007303182501345873,,,0.002728360937908292
seed-1,achilles,pnp,11,1.0501315593719482,0.002630221424624324,0.13763843476772308,8.82279437064426e-06,,,5.729624172090553e-05,0.007296992931514978,,,0.002728360937908292
seed-1,achilles,pnp,12,1.0499790906906128,0.002599746221676469,0.13779647648334503,8.870937563187908e-06,,,5.730271732318215e-05,0.007223226595669985,,,0.002728360937908292
seed-1,achilles,pnp,13,1.0498284101486206,0.002571095246821642,0.1379508227109909,8.92316620593192e-06,,,5.577125193667598e-05,0.007252095732837915,,,0.002728360937908292
seed-1,achilles,pnp,14,1.0496797561645508,0.0025437206495553255,0.1381092220544815,8.979345693660434e-06,,,5.5386080930475146e-05,0.007338310591876507,,,0.002728360937908292
seed-1,achilles,pnp,15,1.0495357513427734,0.002518395194783807,0.138287752866745,9.038877578859683e-06,,,5.386455814004876e-05,0.007229408714920282,,,0.002728360937908292
seed-1,achilles,pnp,16,1.04939603805542,0.0024940886069089174,0.13846410810947418,9.101654541154858e-06,,,5.223973857937381e-05,0.007099338807165623,,,0.002728360937908292
seed-1,achilles,pnp,17,1.0492579936981201,0.0024708989076316357,0.13863876461982727,9.167913958663121e-06,,,5.3031762945465744e-05,0.007038087118417025,,,0.002728360937908292
seed-1,achilles,pnp,18,1.0491231679916382,0.002448934130370617,0.13880884647369385,9.238250640919432e-06,,,5.199989755055867e-05,0.006984809413552284,,,0.002728360937908292
seed-1,achilles,pnp,19,1.0489919185638428,0.0024286804255098104,0.13898035883903503,9.312815564044286e-06,,,4.971452653990127e-05,0.006903496105223894,,,0.002728360937908292
seed-1,achilles,pnp,20,1.0488613843917847,0.0024100153241306543,0.13915610313415527,9.390970262757037e-06,,,4.952061135554686e-05,0.006886205170303583,,,0.002728360937908292
seed-1,achilles,pnp,21,1.048729419708252,0.0023927155416458845,0.1393386721611023,9.472212695982307e-06,,,5.2094346756348386e-05,0.00707900570705533,,,0.002728360937908292
seed-1,achilles,pnp,22,1.048600196838379,0.002376947784796357,0.1395237296819687,9.556140867061913e-06,,,5.1608349167509004e-05,0.007120647467672825,,,0.002728360937908292
seed-1,achilles,pnp,23,1.0484716892242432,0.0023627823684364557,0.13971054553985596,9.643264093028847e-06,,,5.252019764157012e-05,0.007025185972452164,,,0.002728360937908292
seed-1,achilles,pnp,24,1.0483386516571045,0.002350345253944397,0.1399020403623581,9.733543265610933e-06,,,6.003348244121298e-05,0.007154353894293308,,,0.002728360937908292
seed-1,achilles,pnp,25,1.048205018043518,0.002340097678825259,0.14012575149536133,9.827184840105474e-06,,,5.734923979616724e-05,0.0071737756952643394,,,0.002728360937908292
seed-1,achilles,pnp,26,1.048075556755066,0.002331414492800832,0.14036670327186584,9.92459445114946e-06,,,5.699060784536414e-05,0.007008758373558521,,,0.002728360937908292
seed-1,achilles,pnp,27,1.0479485988616943,0.002324493136256933,0.14063647389411926,1.0025531992141623e-05,,,6.561935151694342e-05,0.006911741569638252,,,0.002728360937908292
seed-1,achilles,pnp,28,1.047827959060669,0.0023179720155894756,0.1408902108669281,1.0130835107702296e-05,,,5.807241905131377e-05,0.006634125951677561,,,0.002728360937908292
seed-1,achilles,pnp,29,1.0477113723754883,0.00231203343719244,0.14112913608551025,1.0240384654025547e-05,,,5.2815106755588204e-05,0.006463046185672283,,,0.002728360937908292
seed-1,achilles,pnp,30,1.047595739364624,0.0023063223343342543,0.14136162400245667,1.0353695870435331e-05,,,4.7399844333995134e-05,0.006301797926425934,,,0.002728360937908292
seed-1,buddy,admm_quadratic,1,1.0526902675628662,0.004491794388741255,0.18744957447052002,8.041717592277564e-06,7.786414357724425e-07,6,0.025792425498366356,0.030123395845294,1.0571901036691997,,
seed-1,buddy,admm_quadratic,2,1.0523793697357178,0.004387298598885536,0.18685616552829742,8.040810826059896e-06,9.405270589013526e-07,6,0.005161361303180456,0.020626282319426537,1.0567747091454294,,
seed-1,buddy,admm_quadratic,3,1.0520849227905273,0.004295852035284042,0.1863686740398407,8.049836651480291e-06,9.854389872998581e-07,6,0.0018091014353558421,0.010380878113210201,1.0563888246624629,,
seed-1,buddy,admm_quadratic,4,1.0518128871917725,0.004226334858685732,0.18608389794826508,8.06543084763689e-06,9.959778708434897e-07,6,0.0015477057313546538,0.009282324463129044,1.0560472874813058,,
seed-1,buddy,admm_quadratic,5,1.0515635013580322,0.004164949059486389,0.1858510822057724,8.08562708698446e-06,9.93580556496454e-07,6,0.0014978974359109998,0.008664644323289394,1.0557365360446056,,
seed-1,buddy,admm_quadratic,6,1.0513252019882202,0.004109875299036503,0.18564894795417786,8.110850103548728e-06,9.883908660412999e-07,6,0.0014305956428870559,0.008262056857347488,1.0554431881373603,,
seed-1,buddy,admm_quadratic,7,1.0510997772216797,0.004059714265167713,0.18547560274600983,8.14049144537421e-06,9.82079313871509e-07,6,0.0013688169419765472,0.007944470271468163,1.0551676319782928,,
seed-1,buddy,admm_quadratic,8,1.0508891344070435,0.004014347679913044,0.1853303164243698,8.174734830390662e-06,9.761582759892917e-07,6,0.0012840302661061287,0.007566750980913639,1.054911656821787,,
seed-1,buddy,admm_quadratic,9,1.0506916046142578,0.003972853999584913,0.18519701063632965,8.213810360757634e-06,9.716624163047527e-07,6,0.0011976256500929594,0.0071915993466973305,1.0546726724242035,,
seed-1,buddy,admm_quadratic,10,1.0505025386810303,0.0039342544041574,0.18505899608135223,8.25814640847966e-06,9.662198863225058e-07,6,0.001105590141378343,0.006818647030740976,1.0544450512315962,,
seed-1,buddy,admm_quadratic,11,1.0503194332122803,0.003898859256878495,0.18493106961250305,8.307597454404458e-06,9.63305183176999e-07,6,0.0010224104626104236,0.006576360668987036,1.0542266000666132,,
seed-1,buddy,admm_quadratic,12,1.0501408576965332,0.003866581479087472,0.18482986092567444,8.36153958516661e-06,9.595780738891335e-07,6,0.0009609084809198976,0.006426121108233929,1.0540158007152058,,
seed-1,buddy,admm_quadratic,13,1.0499696731567383,0.0038371370173990726,0.18475355207920074,8.41967630549334e-06,9.58752139013086e-07,6,0.0009049264481291175,0.006211422849446535,1.0538152298504428,,
seed-1,buddy,admm_quadratic,14,1.0498021841049194,0.0038108564913272858,0.18468992412090302,8.482392331643496e-06,9.557559224049328e-07,6,0.0008545535965822637,0.006041766609996557,1.0536215229885784,,
seed-1,buddy,admm_quadratic,15,1.0496381521224976,0.0037865005433559418,0.1846231371164322,8.549982339900453e-06,9.56666099227732e-07,6,0.000817664316855371,0.005887000355869532,1.0534332026481934,,
seed-1,buddy,admm_quadratic,16,1.0494763851165771,0.003764157183468342,0.18455304205417633,8.622106179245748e-06,9.548281241222867e-07,6,0.0007878675824031234,0.005797036923468113,1.0532491644062247,,
seed-1,buddy,admm_quadratic,17,1.049317717552185,0.0037439907900989056,0.18448905646800995,8.698429155629128e-06,9.525425639367313e-07,6,0.0007562865503132343,0.005684749688953161,1.0530704067714396,,
seed-1,buddy,admm_quadratic,18,1.0491660833358765,0.0037248856388032436,0.18443027138710022,8.77949787536636e-06,9.500884061708348e-07,6,0.0007216996746137738,0.005524755455553532,1.052899748472555,,
seed-1,buddy,admm_quadratic,19,1.0490202903747559,0.003706745570525527,0.184371680021286,8.865134986990597e-06,9.485729606240056e-07,6,0.0006841656868346035,0.005316203460097313,1.0527359010802684,,
seed-1,buddy,admm_quadratic,20,1.048877239227295,0.0036891561467200518,0.18431192636489868,8.955280463851523e-06,9.468413963986677e-07,6,0.0006527900695800781,0.005207597278058529,1.0525753506544788,,
seed-1,buddy,admm_quadratic,21,1.0487362146377563,0.0036724123638123274,0.1842532604932785,9.04967419046443e-06,9.455836220695346e-07,6,0.0006292876205407083,0.005156352184712887,1.0524176766757591,,
seed-1,buddy,admm_quadratic,22,1.048596978187561,0.003657179418951273,0.1842060089111328,9.148115168500226e-06,9.437368930775847e-07,6,0.0006101990584284067,0.0051065594889223576,1.0522633057216808,,
seed-1,buddy,admm_quadratic,23,1.048457145690918,0.003642596770077944,0.184153750538826,9.250828952644952e-06,9.428864586880081e-07,6,0.0006036179256625473,0.005070075858384371,1.0521089932899486,,
seed-1,buddy,admm_quadratic,24,1.0483183860778809,0.003628438338637352,0.1840992569923401,9.358200259157456e-06,9.41924781727721e-07,6,0.0006022597081027925,0.005069530103355646,1.0519561826167774,,
seed-1,buddy,admm_quadratic,25,1.048181176185608,0.003615057561546564,0.18406063318252563,9.46954696701141e-06,9.411915016244166e-07,6,0.0006022127927280962,0.005020482465624809,1.0518057032941215,,
seed-1,buddy,admm_quadratic,26,1.0480444431304932,0.0036026642192155123,0.18403354287147522,9.585004590917379e-06,9.398388556292048e-07,6,0.0005930015468038619,0.004992662463337183,1.0516566923542996,,
seed-1,buddy,admm_quadratic,27,1.047906756401062,0.003591003129258752,0.18401014804840088,9.703678188088816e-06,9.375764875585446e-07,6,0.0005970436031930149,0.005017620977014303,1.0515074632085089,,
seed-1,buddy,admm_quadratic,28,1.0477678775787354,0.003579798387363553,0.18399444222450256,9.826606401475146e-06,9.373671332468803e-07,6,0.0006048085633665323,0.005038623232394457,1.0513575025725004,,
seed-1,buddy,admm_quadratic,29,1.0476316213607788,0.0035686898045241833,0.18396790325641632,9.953454537026118e-06,9.348607363790506e-07,6,0.0005915420479141176,0.004982191137969494,1.05121026461984,,
seed-1,buddy,admm_quadratic,30,1.0474978685379028,0.00355811370536685,0.18393589556217194,1.008384242595639e-05,9.352278311780537e-07,6,0.0005774507881142199,0.0049550700932741165,1.0510660660856956,,
seed-1,buddy,admm_tv,1,1.0526902675628662,0.004491794388741255,0.18744957447052002,8.041717592277564e-06,,,0.04960200935602188,0.0513349287211895,1.0714432667275104,2.2427588191931136e-05,
seed-1,buddy,admm_tv,2,1.0524168014526367,0.004389612935483456,0.18639735877513885,8.043333764362615e-06,,,0.01440972089767456,0.042304251343011856,1.071064580663915,6.04457818553783e-06,
seed-1,buddy,admm_tv,3,1.052167534828186,0.004302658140659332,0.18539533019065857,8.053619239944965e-06,,,0.008026879280805588,0.01409179251641035,1.0707151214664918,2.8146155273134355e-06,
seed-1,buddy,admm_tv,4,1.0519253015518188,0.004235910251736641,0.18468326330184937,8.069289833656512e-06,,,0.0055040279403328896,0.010237635113298893,1.0704016971718375,1.5523311276410823e-06,
seed-1,buddy,admm_tv,5,1.0516998767852783,0.004175106529146433,0.18402846157550812,8.089367838692851e-06,,,0.0041722762398421764,0.009165596216917038,1.0701108123106677,1.0232855629510595e-06,
seed-1,buddy,admm_tv,6,1.0514869689941406,0.0041182991117239,0.1833917498588562,8.114258889690973e-06,,,0.0033403977286070585,0.008702168241143227,1.069834258238916,8.422962878285034e-07,
seed-1,buddy,admm_tv,7,1.0512839555740356,0.004065518733114004,0.18277901411056519,8.143899322021753e-06,,,0.002808887278661132,0.008410586975514889,1.0695700008844142,6.265013894335425e-07,
seed-1,buddy,admm_tv,8,1.0510907173156738,0.004017651081085205,0.18219822645187378,8.178803000191692e-06,,,0.002456529764458537,0.007986245676875114,1.0693187187638613,4.826380859412893e-07,
seed-1,buddy,admm_tv,9,1.0509089231491089,0.0039739650674164295,0.18163751065731049,8.218841685447842e-06,,,0.002186089288443327,0.007610680535435677,1.0690808930565254,3.7822118770236557e-07,
seed-1,buddy,admm_tv,10,1.0507313013076782,0.003934126812964678,0.18109141290187836,8.263380550488364e-06,,,0.0019895294681191444,0.007422582246363163,1.0688487059784166,3.3877481087074557e-07,
seed-1,buddy,admm_tv,11,1.050559401512146,0.003897618968039751,0.18055807054042816,8.312969839607831e-06,,,0.0018695166800171137,0.007186379749327898,1.0686235215360285,2.9236730370030273e-07,
seed-1,buddy,admm_tv,12,1.0503942966461182,0.0038645081222057343,0.1800648421049118,8.367534974240698e-06,,,0.0017794060986489058,0.006947208661586046,1.0684091483915836,2.5524130364829034e-07,
seed-1,buddy,admm_tv,13,1.0502355098724365,0.0038335334975272417,0.1795845329761505,8.426962267549243e-06,,,0.0017152638174593449,0.006734331138432026,1.0682023901323192,2.3667828941142943e-07,
seed-1,buddy,admm_tv,14,1.0500802993774414,0.003804824547842145,0.17912006378173828,8.490789696224965e-06,,,0.001666846452280879,0.006546208634972572,1.0680007965453115,2.3203755006306892e-07,
seed-1,buddy,admm_tv,15,1.0499305725097656,0.0037781044375151396,0.17866474390029907,8.559475645597558e-06,,,0.001620755298063159,0.006387601140886545,1.067805606375441,2.273967965038537e-07,
seed-1,buddy,admm_tv,16,1.049786925315857,0.003752865130081773,0.17822447419166565,8.632492608739994e-06,,,0.0015844498993828893,0.006263199727982283,1.0676180052276323,2.297171732834613e-07,
seed-1,buddy,admm_tv,17,1.0496466159820557,0.003729468211531639,0.1778026521205902,8.709547728358302e-06,,,0.001555482973344624,0.006137268152087927,1.0674355907418431,2.2043566616503085e-07,
seed-1,buddy,admm_tv,18,1.0495095252990723,0.0037076296284794807,0.17739181220531464,8.790860192675609e-06,,,0.001537255011498928,0.005928951781243086,1.0672574973797964,2.0651341969823989e-07,
seed-1,buddy,admm_tv,19,1.049376368522644,0.003686996642500162,0.17699389159679413,8.877128493622877e-06,,,0.0015389055479317904,0.0058270725421607494,1.0670846348108172,1.9491153580020182e-07,
seed-1,buddy,admm_tv,20,1.049248218536377,0.0036663347855210304,0.17660492658615112,8.968064321379643e-06,,,0.0015247861156240106,0.005733635276556015,1.0669176792593134,1.902707822409866e-07,
seed-1,buddy,admm_tv,21,1.0491209030151367,0.0036469867918640375,0.1762295514345169,9.063517609320115e-06,,,0.0014915855135768652,0.005773487500846386,1.0667529216761977,1.7634853577419562e-07,
seed-1,buddy,admm_tv,22,1.0489943027496338,0.003627884667366743,0.1758619248867035,9.163365575659554e-06,,,0.00148560490924865,0.005749731324613094,1.0665896586038799,1.6242627509654994e-07,
seed-1,buddy,admm_tv,23,1.048869252204895,0.0036085492465645075,0.17549608647823334,9.267607310903259e-06,,,0.0014957623789086938,0.005759160500019789,1.0664281284600292,1.5546515896858182e-07,
seed-1,buddy,admm_tv,24,1.0487419366836548,0.0035897623747587204,0.17515133321285248,9.376029083796311e-06,,,0.0015176975866779685,0.005772970616817474,1.0662664460340239,1.5778553574818943e-07,
seed-1,buddy,admm_tv,25,1.0486159324645996,0.0035710856318473816,0.1748030185699463,9.488697287451942e-06,,,0.0015355488285422325,0.005792912095785141,1.0661057230188817,1.5778553574818943e-07,
seed-1,buddy,admm_tv,26,1.0484892129898071,0.003552866168320179,0.17446590960025787,9.605864761397243e-06,,,0.001550391549244523,0.005818269681185484,1.0659454098145944,1.508244054093666e-07,
seed-1,buddy,admm_tv,27,1.048363208770752,0.0035347435623407364,0.17412403225898743,9.726678399601951e-06,,,0.0015679076313972473,0.005821227561682463,1.0657853386750502,1.4618365185015136e-07,
seed-1,buddy,admm_tv,28,1.0482412576675415,0.003516098018735647,0.17376014590263367,9.851223694568034e-06,,,0.0015870595816522837,0.005794347729533911,1.0656271234814993,1.34581782162968e-07,
seed-1,buddy,admm_tv,29,1.0481197834014893,0.003497276920825243,0.17339497804641724,9.979873539123219e-06,,,0.001604621298611164,0.005888121668249369,1.06546926107967,1.3922252151132852e-07,
seed-1,buddy,admm_tv,30,1.0479999780654907,0.0034785792231559753,0.1730298548936844,1.0112085874425247e-05,,,0.0016008374514058232,0.005910070613026619,1.0653130756407336,1.3922252151132852e-07,
seed-1,buddy,control,1,1.0526740550994873,0.004491992760449648,0.18744045495986938,8.041423825488891e-06,,,,,,,
seed-1,buddy,control,2,1.0523414611816406,0.004428612533956766,0.18726183474063873,8.046413313422818e-06,,,,,,,
seed-1,buddy,control,3,1.0520321130752563,0.004373628180474043,0.18714559078216553,8.055964826780837e-06,,,,,,,
seed-1,buddy,control,4,1.0517480373382568,0.004324293229728937,0.1870802342891693,8.06776006356813e-06,,,,,,,
seed-1,buddy,control,5,1.051484227180481,0.004278784617781639,0.18705259263515472,8.083738066488877e-06,,,,,,,
seed-1,buddy,control,6,1.0512330532073975,0.004238726105540991,0.1870773881673813,8.105862434604205e-06,,,,,,,
seed-1,buddy,control,7,1.0509955883026123,0.004203209653496742,0.18712903559207916,8.133870323945303e-06,,,,,,,
seed-1,buddy,control,8,1.05077064037323,0.004169098567217588,0.18717709183692932,8.166630323103163e-06,,,,,,,
seed-1,buddy,control,9,1.0505573749542236,0.004137450363487005,0.18722845613956451,8.204956429835875e-06,,,,,,,
seed-1,buddy,control,10,1.05035400390625,0.004109006840735674,0.18728387355804443,8.249216080002952e-06,,,,,,,
seed-1,buddy,control,11,1.050156831741333,0.004081226419657469,0.1873256117105484,8.298264219774865e-06,,,,,,,
seed-1,buddy,control,12,1.0499647855758667,0.004056638106703758,0.1873827874660492,8.351958058483433e-06,,,,,,,
seed-1,buddy,control,13,1.049781084060669,0.0040357657708227634,0.18745367228984833,8.411102498939727e-06,,,,,,,
seed-1,buddy,control,14,1.0496017932891846,0.004017738159745932,0.18754088878631592,8.475917638861574e-06,,,,,,,
seed-1,buddy,control,15,1.0494260787963867,0.0040029301308095455,0.18764565885066986,8.545478522137273e-06,,,,,,,
seed-1,buddy,control,16,1.049255609512329,0.0039910441264510155,0.1877710521221161,8.619435902801342e-06,,,,,,,
seed-1,buddy,control,17,1.0490864515304565,0.003982330206781626,0.18790873885154724,8.698872989043593e-06,,,,,,,
seed-1,buddy,control,18,1.048919916152954,0.003973787650465965,0.18802709877490997,8.783361408859491e-06,,,,,,,
seed-1,buddy,control,19,1.0487596988677979,0.003966834861785173,0.18816423416137695,8.872832950146403e-06,,,,,,,
seed-1,buddy,control,20,1.0486031770706177,0.003959887661039829,0.18830379843711853,8.967122084868606e-06,,,,,,,
seed-1,buddy,control,21,1.0484503507614136,0.003952890634536743,0.18843115866184235,9.066240636457223e-06,,,,,,,
seed-1,buddy,control,22,1.0482990741729736,0.003946362528949976,0.18855862319469452,9.170107659883797e-06,,,,,,,
seed-1,buddy,control,23,1.0481479167938232,0.0039403620176017284,0.18867845833301544,9.278850484406576e-06,,,,,,,
seed-1,buddy,control,24,1.047995924949646,0.003935469780117273,0.18880294263362885,9.392219908477273e-06,,,,,,,
seed-1,buddy,control,25,1.047846794128418,0.003929921425879002,0.18892188370227814,9.50966204982251e-06,,,,,,,
seed-1,buddy,control,26,1.0476970672607422,0.003924346528947353,0.18902647495269775,9.63042566581862e-06,,,,,,,
seed-1,buddy,control,27,1.047548532485962,0.003919115290045738,0.18910782039165497,9.754711754794698e-06,,,,,,,
seed-1,buddy,control,28,1.047400712966919,0.0039160060696303844,0.1891971081495285,9.882644917524885e-06,,,,,,,
seed-1,buddy,control,29,1.0472545623779297,0.003914682660251856,0.18932177126407623,1.001388045551721e-05,,,,,,,
seed-1,buddy,control,30,1.0471086502075195,0.003915201406925917,0.1894863098859787,1.0149048648600001e-05,,,,,,,
seed-1,buddy,direct_quadratic,1,1.0526938438415527,0.004454381763935089,0.18703031539916992,8.039770364121068e-06,,,,,1.057156265375852,,
seed-1,buddy,direct_quadratic,2,1.052376627922058,0.004362123552709818,0.18652743101119995,8.044741662160959e-06,,,,,1.05674679621643,,
seed-1,buddy,direct_quadratic,3,1.0520747900009155,0.004286101087927818,0.18615619838237762,8.058036655711476e-06,,,,,1.056368949125499,,
seed-1,buddy,direct_quadratic,4,1.0517991781234741,0.004217481706291437,0.18584804236888885,8.076098310993984e-06,,,,,1.0560247359280766,,
seed-1,buddy,direct_quadratic,5,1.0515456199645996,0.0041545359417796135,0.18558508157730103,8.097378668026067e-06,,,,,1.0557082532850472,,
seed-1,buddy,direct_quadratic,6,1.0513038635253906,0.004097446799278259,0.1853657364845276,8.122699910018127e-06,,,,,1.055409433024579,,
seed-1,buddy,direct_quadratic,7,1.0510764122009277,0.004046234302222729,0.18518805503845215,8.152719601639546e-06,,,,,1.055130799222752,,
seed-1,buddy,direct_quadratic,8,1.050865888595581,0.004000023473054171,0.18503282964229584,8.187585081032012e-06,,,,,1.0548740996537163,,
seed-1,buddy,direct_quadratic,9,1.0506651401519775,0.003958867397159338,0.18490102887153625,8.22736183181405e-06,,,,,1.0546322349109687,,
seed-1,buddy,direct_quadratic,10,1.050471305847168,0.003922257572412491,0.184797003865242,8.271859769592993e-06,,,,,1.05440183527935,,
seed-1,buddy,direct_quadratic,11,1.050282597541809,0.003888427745550871,0.18471543490886688,8.320870620082133e-06,,,,,1.05417934615798,,
seed-1,buddy,direct_quadratic,12,1.05010187625885,0.0038563827984035015,0.18464404344558716,8.374293429369573e-06,,,,,1.053966633350683,,
seed-1,buddy,direct_quadratic,13,1.0499284267425537,0.0038269346114248037,0.18458063900470734,8.433238690486178e-06,,,,,1.053763794592669,,
seed-1,buddy,direct_quadratic,14,1.049756407737732,0.0038011581636965275,0.18453657627105713,8.497294402332045e-06,,,,,1.0535660631958308,,
seed-1,buddy,direct_quadratic,15,1.0495877265930176,0.0037775984965264797,0.18448194861412048,8.566387805331033e-06,,,,,1.0533738914773494,,
seed-1,buddy,direct_quadratic,16,1.049424648284912,0.003754955716431141,0.1843952089548111,8.64000594447134e-06,,,,,1.0531882440072877,,
seed-1,buddy,direct_quadratic,17,1.0492627620697021,0.0037338100373744965,0.18430496752262115,8.718211574887391e-06,,,,,1.0530052903186515,,
seed-1,buddy,direct_quadratic,18,1.0491079092025757,0.0037148757837712765,0.18424256145954132,8.800855539448094e-06,,,,,1.0528315858418864,,
seed-1,buddy,direct_quadratic,19,1.048959493637085,0.0036967273335903883,0.1841936856508255,8.887440344551578e-06,,,,,1.05266510841102,,
seed-1,buddy,direct_quadratic,20,1.0488137006759644,0.0036796454805880785,0.18415041267871857,8.978016921901144e-06,,,,,1.0525023241734743,,
seed-1,buddy,direct_quadratic,21,1.048670768737793,0.0036643818020820618,0.18410861492156982,9.073026376427151e-06,,,,,1.0523442235662515,,
seed-1,buddy,direct_quadratic,22,1.0485303401947021,0.0036490282509475946,0.18405529856681824,9.172187674266752e-06,,,,,1.052188540633324,,
seed-1,buddy,direct_quadratic,23,1.0483907461166382,0.003633286338299513,0.18399155139923096,9.275476259062998e-06,,,,,1.0520333079311968,,
seed-1,buddy,direct_quadratic,24,1.0482498407363892,0.003617634763941169,0.1839214563369751,9.383324140799232e-06,,,,,1.0518768588244711,,
seed-1,buddy,direct_quadratic,25,1.048111081123352,0.0036031375639140606,0.18385697901248932,9.49583227338735e-06,,,,,1.0517237145195395,,
seed-1,buddy,direct_quadratic,26,1.047976016998291,0.003588684368878603,0.18378190696239471,9.612538633518852e-06,,,,,1.0515743139058031,,
seed-1,buddy,direct_quadratic,27,1.0478413105010986,0.0035752414260059595,0.1837187558412552,9.733245860843454e-06,,,,,1.0514262851729654,,
seed-1,buddy,direct_quadratic,28,1.0477052927017212,0.0035621433053165674,0.1836535930633545,9.857891200226732e-06,,,,,1.051277293898238,,
seed-1,buddy,direct_quadratic,29,1.0475716590881348,0.0035496570635586977,0.18358966708183289,9.986493751057424e-06,,,,,1.0511313026454445,,
seed-1,buddy,direct_quadratic,30,1.0474400520324707,0.0035368786193430424,0.18351556360721588,1.011873519018991e-05,,,,,1.050987049387004,,
seed-1,buddy,pnp,1,1.0526902675628662,0.004491794388741255,0.18744957447052002,8.041717592277564e-06,,,0.0015759312082082033,0.01152587030082941,,,0.010679728351533413
seed-1,buddy,pnp,2,1.0523686408996582,0.004428439307957888,0.1873079091310501,8.04218234407017e-06,,,0.00014517203089781106,0.010385094210505486,,,0.010679728351533413
seed-1,buddy,pnp,3,1.0520635843276978,0.004373558796942234,0.1872202754020691,8.048689778661355e-06,,,8.049669122556224e-05,0.009814903140068054,,,0.010679728351533413
seed-1,buddy,pnp,4,1.0517816543579102,0.004324269015341997,0.18716269731521606,8.061268090386875e-06,,,7.786896458128467e-05,0.009159760549664497,,,0.010679728351533413
seed-1,buddy,pnp,5,1.0515190362930298,0.00427944166585803,0.18712978065013885,8.079678082140163e-06,,,7.670553168281913e-05,0.008597400970757008,,,0.010679728351533413
seed-1,buddy,pnp,6,1.0512704849243164,0.004238039720803499,0.18711484968662262,8.103319487418048e-06,,,7.164368435041979e-05,0.008249589242041111,,,0.010679728351533413
seed-1,buddy,pnp,7,1.0510342121124268,0.004200547467917204,0.18712812662124634,8.13207861938281e-06,,,7.067826663842425e-05,0.007960662245750427,,,0.010679728351533413
seed-1,buddy,pnp,8,1.0508091449737549,0.004166136030107737,0.187148317694664,8.165638064383529e-06,,,6.978576129768044e-05,0.0076606376096606255,,,0.010679728351533413
seed-1,buddy,pnp,9,1.050593614578247,0.004135218448936939,0.1871822029352188,8.204519872379024e-06,,,6.651714647887275e-05,0.0073491428047418594,,,0.010679728351533413
seed-1,buddy,pnp,10,1.0503895282745361,0.004107827320694923,0.18722741305828094,8.24848666525213e-06,,,6.348654278554022e-05,0.007047278806567192,,,0.010679728351533413
seed-1,buddy,pnp,11,1.050193190574646,0.004083272535353899,0.187279611825943,8.297421118186321e-06,,,6.12553340033628e-05,0.006791265215724707,,,0.010679728351533413
seed-1,buddy,pnp,12,1.050004243850708,0.004060885403305292,0.18734101951122284,8.351115866389591e-06,,,6.168541585793719e-05,0.006577286869287491,,,0.010679728351533413
seed-1,buddy,pnp,13,1.0498220920562744,0.004041450563818216,0.1874168962240219,8.40970915305661e-06,,,6.160164775792509e-05,0.006315117701888084,,,0.010679728351533413
seed-1,buddy,pnp,14,1.049644112586975,0.004024279769510031,0.18749086558818817,8.473643902107142e-06,,,6.242398376343772e-05,0.006145938765257597,,,0.010679728351533413
seed-1,buddy,pnp,15,1.0494694709777832,0.004008767195045948,0.18755105137825012,8.542725481675006e-06,,,6.437601405195892e-05,0.006009790115058422,,,0.010679728351533413
seed-1,buddy,pnp,16,1.04929780960083,0.003995881881564856,0.18761545419692993,8.616376362624578e-06,,,6.395640957634896e-05,0.005963741801679134,,,0.010679728351533413
seed-1,buddy,pnp,17,1.0491316318511963,0.003984103910624981,0.18768055737018585,8.694853931956459e-06,,,6.309185118880123e-05,0.005906015634536743,,,0.010679728351533413
seed-1,buddy,pnp,18,1.0489723682403564,0.003973926417529583,0.18775464594364166,8.778065421211068e-06,,,6.204446981428191e-05,0.005750301294028759,,,0.010679728351533413
seed-1,buddy,pnp,19,1.0488160848617554,0.003964313305914402,0.187832310795784,8.866550160746556e-06,,,6.0761423810618e-05,0.005599495023488998,,,0.010679728351533413
seed-1,buddy,pnp,20,1.0486637353897095,0.00395554443821311,0.18792062997817993,8.95997800398618e-06,,,5.9666737797670066e-05,0.005523554049432278,,,0.010679728351533413
seed-1,buddy,pnp,21,1.0485131740570068,0.003947547636926174,0.18801003694534302,9.058206160261761e-06,,,5.809749927720986e-05,0.005383118987083435,,,0.010679728351533413
seed-1,buddy,pnp,22,1.0483639240264893,0.003940324764698744,0.1881091594696045,9.161653906630818e-06,,,5.628866711049341e-05,0.0052802348509430885,,,0.010679728351533413
seed-1,buddy,pnp,23,1.0482149124145508,0.003934177104383707,0.18822433054447174,9.270084774470888e-06,,,5.510070695891045e-05,0.005292332731187344,,,0.010679728351533413
seed-1,buddy,pnp,24,1.048065185546875,0.003927637357264757,0.1883275955915451,9.383190445078071e-06,,,5.734222577302717e-05,0.005336498375982046,,,0.010679728351533413
seed-1,buddy,pnp,25,1.0479155778884888,0.003921551629900932,0.18843019008636475,9.500458872935269e-06,,,5.5896613048389554e-05,0.005311443470418453,,,0.010679728351533413
seed-1,buddy,pnp,26,1.0477681159973145,0.003916728310286999,0.188539519906044,9.622252036933787e-06,,,5.584592145169154e-05,0.005298555362969637,,,0.010679728351533413
seed-1,buddy,pnp,27,1.0476198196411133,0.003911761566996574,0.18864162266254425,9.748226148076355e-06,,,5.654745109495707e-05,0.005266039166599512,,,0.010679728351533413
seed-1,buddy,pnp,28,1.047471284866333,0.0039077685214579105,0.18876592814922333,9.877916454570368e-06,,,5.6114706239895895e-05,0.005290430970489979,,,0.010679728351533413
seed-1,buddy,pnp,29,1.0473217964172363,0.0039049850311130285,0.18891115486621857,1.0011677659349516e-05,,,5.719910768675618e-05,0.005311562679708004,,,0.010679728351533413
seed-1,buddy,pnp,30,1.0471749305725098,0.003902464872226119,0.18905310332775116,1.015036650642287e-05,,,5.681989205186255e-05,0.00528270099312067,,,0.010679728351533413
seed-1,cicero,admm_quadratic,1,1.0578203201293945,0.0058516813442111015,0.20282697677612305,8.522841199010145e-06,9.3836860060037e-07,6,0.03260059654712677,0.03573755547404289,1.0636805243148046,,
seed-1,cicero,admm_quadratic,2,1.0575364828109741,0.0057531557977199554,0.20235082507133484,8.531578714610077e-06,1.1541342246346176e-06,6,0.00783994235098362,0.02545577846467495,1.0632981701874087,,
seed-1,cicero,admm_quadratic,3,1.0572772026062012,0.005657672416418791,0.20192593336105347,8.54844165587565e-06,1.2328102911851602e-06,6,0.002507982309907675,0.010143236257135868,1.0629434234642758,,
seed-1,cicero,admm_quadratic,4,1.0570329427719116,0.005581279285252094,0.20164254307746887,8.571424586989451e-06,1.2623487464225036e-06,6,0.0013903033686801791,0.008291558362543583,1.0626227934817507,,
seed-1,cicero,admm_quadratic,5,1.0568013191223145,0.005513465031981468,0.20139680802822113,8.599742614023853e-06,1.2764344319293741e-06,6,0.0013096904149278998,0.007745858281850815,1.06232338389691,,
seed-1,cicero,admm_quadratic,6,1.0565812587738037,0.005451363977044821,0.20117151737213135,8.633065590402111e-06,1.2809337022190448e-06,6,0.0012984779896214604,0.0073370980098843575,1.062041255816439,,
seed-1,cicero,admm_quadratic,7,1.056372880935669,0.005393864121288061,0.2009599357843399,8.670798706589267e-06,1.2826080819650088e-06,6,0.0012444842141121626,0.006923076696693897,1.0617754158556636,,
seed-1,cicero,admm_quadratic,8,1.0561751127243042,0.005339951254427433,0.20076146721839905,8.713220267964061e-06,1.2794408803529222e-06,6,0.001180781633593142,0.00655221426859498,1.0615237771989996,,
seed-1,cicero,admm_quadratic,9,1.0559883117675781,0.005289488472044468,0.2005871832370758,8.759991033002734e-06,1.2777366009686375e-06,6,0.001116653555072844,0.0062212566845119,1.0612865602306556,,
seed-1,cicero,admm_quadratic,10,1.055808424949646,0.005241372622549534,0.2004305124282837,8.811707630229648e-06,1.2737042425214895e-06,6,0.0010637316154316068,0.00601529935374856,1.0610586092798258,,
seed-1,cicero,admm_quadratic,11,1.0556316375732422,0.00519580626860261,0.20027978718280792,8.868526492733508e-06,1.271698465643567e-06,6,0.0010209298925474286,0.0058946628123521805,1.0608363123683375,,
seed-1,cicero,admm_quadratic,12,1.0554579496383667,0.005152864847332239,0.20012544095516205,8.930428521125577e-06,1.26868746974651e-06,6,0.000978363212198019,0.005742046516388655,1.06061974491422,,
seed-1,cicero,admm_quadratic,13,1.0552924871444702,0.0051116677932441235,0.19996587932109833,8.996388714876957e-06,1.2648699794226559e-06,6,0.0009350638138130307,0.005540035665035248,1.0604131513264292,,
seed-1,cicero,admm_quadratic,14,1.0551329851150513,0.005072614178061485,0.1998090296983719,9.066835445992183e-06,1.2612265436473535e-06,6,0.0008936054655350745,0.005370722152292728,1.0602146661285587,,
seed-1,cicero,admm_quadratic,15,1.0549777746200562,0.005035853944718838,0.19964878261089325,9.141639566223603e-06,1.2600586387634394e-06,6,0.0008554217638447881,0.005187798757106066,1.0600227702043412,,
seed-1,cicero,admm_quadratic,16,1.0548241138458252,0.005001193843781948,0.19948682188987732,9.220517313224263e-06,1.2592388429766288e-06,6,0.0008286123047582805,0.005135898943990469,1.0598345282069204,,
seed-1,cicero,admm_quadratic,17,1.054672360420227,0.004967884626239538,0.19932840764522552,9.303909791924525e-06,1.2592786333698314e-06,6,0.000805145944468677,0.005079964175820351,1.0596495489562585,,
seed-1,cicero,admm_quadratic,18,1.0545239448547363,0.004935559816658497,0.19916361570358276,9.391722414875403e-06,1.2593998235388426e-06,6,0.0007885582745075226,0.005021373741328716,1.0594688963938097,,
seed-1,cicero,admm_quadratic,19,1.054377794265747,0.004904414061456919,0.19899360835552216,9.483830581302755e-06,1.259090481653402e-06,6,0.0007687388570047915,0.0049620564095675945,1.0592916921577853,,
seed-1,cicero,admm_quadratic,20,1.0542340278625488,0.00487494608387351,0.198826864361763,9.580787263985258e-06,1.2617457514352282e-06,6,0.0007482868386432528,0.004893734585493803,1.0591185547336863,,
seed-1,cicero,admm_quadratic,21,1.0540916919708252,0.0048470040783286095,0.1986575424671173,9.682763447926845e-06,1.260474505215825e-06,6,0.0007269959896802902,0.004793008789420128,1.0589483788126017,,
seed-1,cicero,admm_quadratic,22,1.053950548171997,0.004820241592824459,0.19850315153598785,9.789523573999759e-06,1.2598534340213519e-06,6,0.0007151082390919328,0.004761059768497944,1.0587805792883955,,
seed-1,cicero,admm_quadratic,23,1.0538105964660645,0.004794792737811804,0.19836567342281342,9.900990335154347e-06,1.2601542493939633e-06,6,0.0007053328445181251,0.004746973514556885,1.0586152901942114,,
seed-1,cicero,admm_quadratic,24,1.05367112159729,0.004769979510456324,0.19823434948921204,1.0016641681431793e-05,1.2581120927279699e-06,6,0.0007062124204821885,0.004767675884068012,1.0584511177494278,,
seed-1,cicero,admm_quadratic,25,1.0535316467285156,0.004745852667838335,0.19810079038143158,1.0136760465684347e-05,1.2573478898048052e-06,6,0.0007063254015520215,0.004731966648250818,1.0582876361568196,,
seed-1,cicero,admm_quadratic,26,1.053391933441162,0.004722743295133114,0.1979653537273407,1.026143945637159e-05,1.256213067790668e-06,6,0.0007127888384275138,0.004759350325912237,1.0581249381757516,,
seed-1,cicero,admm_quadratic,27,1.0532519817352295,0.00470051309093833,0.19782879948616028,1.039075414155377e-05,1.255296638191794e-06,6,0.0007093290332704782,0.004712615627795458,1.0579628855803094,,
seed-1,cicero,admm_quadratic,28,1.0531115531921387,0.004678571131080389,0.19769364595413208,1.0524707249714993e-05,1.2539003364508972e-06,6,0.0007026555831544101,0.004746479447931051,1.0578006490304688,,
seed-1,cicero,admm_quadratic,29,1.0529720783233643,0.004657869692891836,0.1975773572921753,1.066288950823946e-05,1.251405592483934e-06,6,0.000691461784299463,0.0048025608994066715,1.0576406109057643,,
seed-1,cicero,admm_quadratic,30,1.0528347492218018,0.004637915641069412,0.19745944440364838,1.0805822057591286e-05,1.2515405387603096e-06,6,0.0006751762120984495,0.0047650993801653385,1.0574834706849288,,
seed-1,cicero,admm_tv,1,1.0578203201293945,0.0058516813442111015,0.20282697677612305,8.522841199010145e-06,,,0.05642575025558472,0.057820819318294525,1.0781115406482058,2.1040923456894234e-05,
seed-1,cicero,admm_tv,2,1.0575721263885498,0.005769668146967888,0.20182201266288757,8.535887900507078e-06,,,0.015040243044495583,0.04986196756362915,1.077762863542739,6.189583928062348e-06,
seed-1,cicero,admm_tv,3,1.0573534965515137,0.005696190986782312,0.20081168413162231,8.558075023756828e-06,,,0.008550765924155712,0.013050254434347153,1.0774432230396997,2.7315963961882517e-06,
seed-1,cicero,admm_tv,4,1.0571374893188477,0.005636424291878939,0.20005172491073608,8.585185241827276e-06,,,0.005904985126107931,0.008965034037828445,1.0771512469951632,1.5687603536207462e-06,
seed-1,cicero,admm_tv,5,1.0569301843643188,0.005579780787229538,0.1993449628353119,8.616866580268834e-06,,,0.004530601669102907,0.007782842963933945,1.0768732975144304,1.0773782150863553e-06,
seed-1,cicero,admm_tv,6,1.0567320585250854,0.005525116343051195,0.1986590474843979,8.653943041281309e-06,,,0.0036754903849214315,0.007162114605307579,1.0766066172165665,8.072706805251073e-07,
seed-1,cicero,admm_tv,7,1.056542992591858,0.005472482647746801,0.197990283370018,8.696255463291891e-06,,,0.003124682931229472,0.006689985748380423,1.076350717184323,6.302510087152768e-07,
seed-1,cicero,admm_tv,8,1.0563633441925049,0.005422256421297789,0.19734477996826172,8.743425496504642e-06,,,0.0028104197699576616,0.006346952170133591,1.0761065656148276,4.898561201116536e-07,
seed-1,cicero,admm_tv,9,1.05619215965271,0.005374884232878685,0.1967109888792038,8.795459507382475e-06,,,0.002561250701546669,0.006060542073100805,1.0758720540001376,3.998202657840011e-07,
seed-1,cicero,admm_tv,10,1.0560275316238403,0.005330054089426994,0.1960921436548233,8.852673090586904e-06,,,0.002339837606996298,0.005862378049641848,1.0756455986624132,3.540393151979515e-07,
seed-1,cicero,admm_tv,11,1.055870771408081,0.0052870167419314384,0.1954912692308426,8.91481977305375e-06,,,0.002192534739151597,0.00560895586386323,1.0754288131509384,2.960501035431662e-07,
seed-1,cicero,admm_tv,12,1.0557204484939575,0.00524542760103941,0.19490133225917816,8.98137477634009e-06,,,0.0020832675509154797,0.005335872992873192,1.0752195630946517,2.426390040000115e-07,
seed-1,cicero,admm_tv,13,1.0555744171142578,0.005205149296671152,0.1943131685256958,9.051978850038722e-06,,,0.002001409651711583,0.005220134276896715,1.0750147859456773,2.105923471162896e-07,
seed-1,cicero,admm_tv,14,1.0554327964782715,0.005165564827620983,0.1937272548675537,9.127158591581974e-06,,,0.0019337389385327697,0.00510226096957922,1.0748146491236183,1.846498207669356e-07,
seed-1,cicero,admm_tv,15,1.0552948713302612,0.0051277694292366505,0.19314883649349213,9.207248695020098e-06,,,0.0018745672423392534,0.004928951617330313,1.0746189622283056,1.7396759233179182e-07,
seed-1,cicero,admm_tv,16,1.0551588535308838,0.005091315601021051,0.19257809221744537,9.292198228649795e-06,,,0.0018428136827424169,0.004789857193827629,1.074425954950857,1.6023331284031883e-07,
seed-1,cicero,admm_tv,17,1.055025577545166,0.005055929534137249,0.19201213121414185,9.381713425682392e-06,,,0.001820394885726273,0.004688394721597433,1.0742361723800058,1.4955108440517506e-07,
seed-1,cicero,admm_tv,18,1.0548940896987915,0.005021711345762014,0.19145946204662323,9.475573278905358e-06,,,0.0017966730520129204,0.004608589224517345,1.0740495114767328,1.297126743793342e-07,
seed-1,cicero,admm_tv,19,1.054766297340393,0.004988710395991802,0.19090887904167175,9.574012437951751e-06,,,0.0017782490467652678,0.004542770329862833,1.0738667592569981,1.2360855805582105e-07,
seed-1,cicero,admm_tv,20,1.0546414852142334,0.004956421907991171,0.19036602973937988,9.676860827312339e-06,,,0.0017742037307471037,0.00447170389816165,1.0736877650489987,1.2818664174574224e-07,
seed-1,cicero,admm_tv,21,1.054519772529602,0.004924448672682047,0.18982668220996857,9.783926543605048e-06,,,0.001769841997884214,0.004416457377374172,1.0735122246771425,1.3123870701292617e-07,
seed-1,cicero,admm_tv,22,1.054400086402893,0.004893139004707336,0.18929322063922882,9.8949640232604e-06,,,0.0017660142621025443,0.004379468970000744,1.0733393034308392,1.2666062332300498e-07,
seed-1,cicero,admm_tv,23,1.054283618927002,0.004862553905695677,0.18876871466636658,1.000986867438769e-05,,,0.00175521953497082,0.004332971293479204,1.073170500262313,1.2055649278863712e-07,
seed-1,cicero,admm_tv,24,1.0541704893112183,0.004833576735109091,0.1882452517747879,1.0128295798494946e-05,,,0.0017491640755906701,0.004292200785130262,1.0730051427844955,1.2208252542222908e-07,
seed-1,cicero,admm_tv,25,1.0540580749511719,0.004805783741176128,0.18771658837795258,1.0250808372802567e-05,,,0.0017604964086785913,0.004277625121176243,1.07283998459734,1.2666062332300498e-07,
seed-1,cicero,admm_tv,26,1.0539443492889404,0.0047780671156942844,0.18718993663787842,1.0377666512795258e-05,,,0.0017946031875908375,0.004330131225287914,1.0726737206192412,1.2513459068941302e-07,
seed-1,cicero,admm_tv,27,1.0538274049758911,0.0047508529387414455,0.18668107688426971,1.050878290698165e-05,,,0.0018260871293023229,0.004329408518970013,1.072506021447225,1.2360855805582105e-07,
seed-1,cicero,admm_tv,28,1.0537093877792358,0.004724526312202215,0.18618956208229065,1.064399111783132e-05,,,0.0018568116938695312,0.004319679457694292,1.0723389879785827,1.2208252542222908e-07,
seed-1,cicero,admm_tv,29,1.0535917282104492,0.0046995352022349834,0.18571965396404266,1.078325294656679e-05,,,0.0018755403580144048,0.004292062018066645,1.0721744768598,1.1292632962067728e-07,
seed-1,cicero,admm_tv,30,1.0534735918045044,0.004674715455621481,0.1852596402168274,1.092621278075967e-05,,,0.001883050543256104,0.004294371232390404,1.072010482038968,1.1903046015504515e-07,
seed-1,cicero,control,1,1.0578044652938843,0.005845553241670132,0.20276795327663422,8.523082215106115e-06,,,,,,,
seed-1,cicero,control,2,1.0575047731399536,0.005782135296612978,0.20254212617874146,8.528074431524146e-06,,,,,,,
seed-1,cicero,control,3,1.0572302341461182,0.005726022180169821,0.20238244533538818,8.538235306332354e-06,,,,,,,
seed-1,cicero,control,4,1.0569708347320557,0.0056763216853141785,0.20228496193885803,8.55464895721525e-06,,,,,,,
seed-1,cicero,control,5,1.0567249059677124,0.0056314715184271336,0.20223848521709442,8.577611879445612e-06,,,,,,,
seed-1,cicero,control,6,1.0564929246902466,0.00558967050164938,0.20223186910152435,8.606234587205108e-06,,,,,,,
seed-1,cicero,control,7,1.0562711954116821,0.005549873691052198,0.20224717259407043,8.639992302050814e-06,,,,,,,
seed-1,cicero,control,8,1.056060552597046,0.005511994007974863,0.20228338241577148,8.678196536493488e-06,,,,,,,
seed-1,cicero,control,9,1.0558559894561768,0.005476726684719324,0.20234526693820953,8.721269296074752e-06,,,,,,,
seed-1,cicero,control,10,1.0556578636169434,0.00544438511133194,0.202424094080925,8.769410669628996e-06,,,,,,,
seed-1,cicero,control,11,1.055469036102295,0.005413635168224573,0.20251043140888214,8.821903065836523e-06,,,,,,,
seed-1,cicero,control,12,1.055288314819336,0.0053842319175601006,0.20260417461395264,8.878751941665541e-06,,,,,,,
seed-1,cicero,control,13,1.055114507675171,0.005356322042644024,0.20269086956977844,8.940019142755773e-06,,,,,,,
seed-1,cicero,control,14,1.054945945739746,0.005330064333975315,0.20276068150997162,9.006324944493826e-06,,,,,,,
seed-1,cicero,control,15,1.0547810792922974,0.005304396152496338,0.20281954109668732,9.077962204173673e-06,,,,,,,
seed-1,cicero,control,16,1.0546202659606934,0.005280745681375265,0.2028837352991104,9.15424243430607e-06,,,,,,,
seed-1,cicero,control,17,1.0544617176055908,0.005257866345345974,0.20294737815856934,9.234957360604312e-06,,,,,,,
seed-1,cicero,control,18,1.054305076599121,0.005237051285803318,0.20302340388298035,9.320297976955771e-06,,,,,,,
seed-1,cicero,control,19,1.0541491508483887,0.005218499805778265,0.20312155783176422,9.410960956302006e-06,,,,,,,
seed-1,cicero,control,20,1.0539946556091309,0.005202091298997402,0.2032279670238495,9.507054528512526e-06,,,,,,,
seed-1,cicero,control,21,1.0538413524627686,0.005186467431485653,0.20331025123596191,9.607982974557672e-06,,,,,,,
seed-1,cicero,control,22,1.0536878108978271,0.0051713609136641026,0.20338404178619385,9.714005500427447e-06,,,,,,,
seed-1,cicero,control,23,1.053534746170044,0.005157573614269495,0.203456848859787,9.825452252698597e-06,,,,,,,
seed-1,cicero,control,24,1.0533803701400757,0.005145931616425514,0.20355723798274994,9.942081305780448e-06,,,,,,,
seed-1,cicero,control,25,1.0532253980636597,0.0051347664557397366,0.20366236567497253,1.0063540685223415e-05,,,,,,,
seed-1,cicero,control,26,1.0530688762664795,0.005123703274875879,0.2037706971168518,1.0190075954596978e-05,,,,,,,
seed-1,cicero,control,27,1.0529086589813232,0.005113344173878431,0.20388822257518768,1.0321457921236288e-05,,,,,,,
seed-1,cicero,control,28,1.052747368812561,0.00510444724932313,0.20401595532894135,1.0457590178702958e-05,,,,,,,
seed-1,cicero,control,29,1.0525848865509033,0.005095207132399082,0.2041468620300293,1.0598690096230712e-05,,,,,,,
seed-1,cicero,control,30,1.052420735359192,0.0050860983319580555,0.2042996734380722,1.0744791325123515e-05,,,,,,,
seed-1,cicero,direct_quadratic,1,1.0578142404556274,0.005816485732793808,0.20256711542606354,8.523661563231144e-06,,,,,1.0636392498499845,,
seed-1,cicero,direct_quadratic,2,1.057524561882019,0.005723803304135799,0.2021418660879135,8.532208994438406e-06,,,,,1.0632568973951493,,
seed-1,cicero,direct_quadratic,3,1.057263731956482,0.005640174727886915,0.20179298520088196,8.547888683096971e-06,,,,,1.062912454573052,,
seed-1,cicero,direct_quadratic,4,1.057020902633667,0.005566328763961792,0.20151612162590027,8.570160389353987e-06,,,,,1.0625958015580181,,
seed-1,cicero,direct_quadratic,5,1.0567891597747803,0.0054996320977807045,0.2012755274772644,8.598864951636642e-06,,,,,1.0622973907375126,,
seed-1,cicero,direct_quadratic,6,1.0565695762634277,0.0054389191791415215,0.20107024908065796,8.633422112325206e-06,,,,,1.0620171288646816,,
seed-1,cicero,direct_quadratic,7,1.056359887123108,0.00538221187889576,0.20089247822761536,8.67251401359681e-06,,,,,1.0617507715160173,,
seed-1,cicero,direct_quadratic,8,1.0561622381210327,0.005328773055225611,0.20073293149471283,8.71539941726951e-06,,,,,1.0614997265756756,,
seed-1,cicero,direct_quadratic,9,1.0559723377227783,0.005278294440358877,0.20058925449848175,8.76281046657823e-06,,,,,1.0612593949736038,,
seed-1,cicero,direct_quadratic,10,1.055788278579712,0.005230975337326527,0.20046846568584442,8.814668944978621e-06,,,,,1.0610280685859834,,
seed-1,cicero,direct_quadratic,11,1.0556100606918335,0.0051869614981114864,0.2003687024116516,8.87016904016491e-06,,,,,1.0608058923589851,,
seed-1,cicero,direct_quadratic,12,1.055438756942749,0.005145425442606211,0.20027250051498413,8.930132935347501e-06,,,,,1.0605931125182906,,
seed-1,cicero,direct_quadratic,13,1.0552737712860107,0.005106108263134956,0.20017018914222717,8.995221833174583e-06,,,,,1.0603888747709789,,
seed-1,cicero,direct_quadratic,14,1.0551135540008545,0.005067676771432161,0.2000643014907837,9.06523837329587e-06,,,,,1.06019029601066,,
seed-1,cicero,direct_quadratic,15,1.0549567937850952,0.005030767992138863,0.1999450922012329,9.139454050455242e-06,,,,,1.0599967012312845,,
seed-1,cicero,direct_quadratic,16,1.0548020601272583,0.004995428957045078,0.19981050491333008,9.21775063034147e-06,,,,,1.0598067068349337,,
seed-1,cicero,direct_quadratic,17,1.0546504259109497,0.0049620019271969795,0.1996651142835617,9.300681085733231e-06,,,,,1.0596217285192324,,
seed-1,cicero,direct_quadratic,18,1.054502248764038,0.004929987248033285,0.19951194524765015,9.388247235619929e-06,,,,,1.059441624259307,,
seed-1,cicero,direct_quadratic,19,1.0543566942214966,0.004899163730442524,0.19936694204807281,9.480537300987635e-06,,,,,1.05926533848924,,
seed-1,cicero,direct_quadratic,20,1.0542131662368774,0.004869980737566948,0.1992226392030716,9.576979209668934e-06,,,,,1.059092723953654,,
seed-1,cicero,direct_quadratic,21,1.0540704727172852,0.004842162132263184,0.19908735156059265,9.677734851720743e-06,,,,,1.0589223125844,,
seed-1,cicero,direct_quadratic,22,1.0539289712905884,0.004816224332898855,0.19896969199180603,9.783208042790648e-06,,,,,1.05875497883153,,
seed-1,cicero,direct_quadratic,23,1.0537889003753662,0.004792084451764822,0.19885480403900146,9.893365131574683e-06,,,,,1.0585908781922626,,
seed-1,cicero,direct_quadratic,24,1.0536482334136963,0.004768345504999161,0.1987341046333313,1.0008044228015933e-05,,,,,1.0584265869629235,,
seed-1,cicero,direct_quadratic,25,1.0535074472427368,0.004745441488921642,0.19862452149391174,1.0126677807420492e-05,,,,,1.0582630154094659,,
seed-1,cicero,direct_quadratic,26,1.0533666610717773,0.0047232299111783504,0.19851958751678467,1.0249696970277e-05,,,,,1.058100140679926,,
seed-1,cicero,direct_quadratic,27,1.0532251596450806,0.004701680038124323,0.19841574132442474,1.0377664693805855e-05,,,,,1.0579372173478987,,
seed-1,cicero,direct_quadratic,28,1.0530833005905151,0.004681371618062258,0.19832129776477814,1.0510770152905025e-05,,,,,1.0577751829787303,,
seed-1,cicero,direct_quadratic,29,1.0529394149780273,0.004662127234041691,0.19822590053081512,1.0649016076058615e-05,,,,,1.057612191228145,,
seed-1,cicero,direct_quadratic,30,1.0527945756912231,0.004643108230084181,0.19811779260635376,1.0792317880259361e-05,,,,,1.0574484762391876,,
seed-1,cicero,pnp,1,1.0578203201293945,0.0058516813442111015,0.20282697677612305,8.522841199010145e-06,,,0.0016815843991935253,0.011211130768060684,,,0.008276071399450302
seed-1,cicero,pnp,2,1.0575275421142578,0.005793634336441755,0.20264047384262085,8.528643775207456e-06,,,0.00015493047249037772,0.009732375852763653,,,0.008276071399450302
seed-1,cicero,pnp,3,1.0572540760040283,0.005738923791795969,0.20247986912727356,8.539526788808871e-06,,,9.036601113621145e-05,0.008934295736253262,,,0.008276071399450302
seed-1,cicero,pnp,4,1.0569970607757568,0.005688338074833155,0.20235706865787506,8.555404747312423e-06,,,8.79399012774229e-05,0.008235669694840908,,,0.008276071399450302
seed-1,cicero,pnp,5,1.0567504167556763,0.005641481839120388,0.20226319134235382,8.577110747864936e-06,,,8.915505895856768e-05,0.007833011448383331,,,0.008276071399450302
seed-1,cicero,pnp,6,1.0565160512924194,0.0055980258621275425,0.20219117403030396,8.604321010352578e-06,,,9.05664055608213e-05,0.007476693484932184,,,0.008276071399450302
seed-1,cicero,pnp,7,1.0562938451766968,0.005556321237236261,0.20213590562343597,8.636915481474716e-06,,,9.079449955606833e-05,0.007113573607057333,,,0.008276071399450302
seed-1,cicero,pnp,8,1.0560812950134277,0.005516143515706062,0.20209504663944244,8.674935997987632e-06,,,8.889726450433955e-05,0.006817652378231287,,,0.008276071399450302
seed-1,cicero,pnp,9,1.0558773279190063,0.005478269420564175,0.20207513868808746,8.718116077943705e-06,,,8.812487794784829e-05,0.006557556334882975,,,0.008276071399450302
seed-1,cicero,pnp,10,1.0556795597076416,0.005443032830953598,0.2020748108625412,8.766147402639035e-06,,,8.446519495919347e-05,0.006433385889977217,,,0.008276071399450302
seed-1,cicero,pnp,11,1.0554901361465454,0.005409624427556992,0.20207230746746063,8.81929554452654e-06,,,8.073461503954604e-05,0.006234264001250267,,,0.008276071399450302
seed-1,cicero,pnp,12,1.055309534072876,0.005377812311053276,0.2020721435546875,8.877093023329508e-06,,,7.691283099120483e-05,0.005972523707896471,,,0.008276071399450302
seed-1,cicero,pnp,13,1.0551354885101318,0.005347423255443573,0.2020687460899353,8.93942797119962e-06,,,7.398278830805793e-05,0.005772109143435955,,,0.008276071399450302
seed-1,cicero,pnp,14,1.0549647808074951,0.005318914074450731,0.20206457376480103,9.006558684632182e-06,,,7.311919762287289e-05,0.0056466455571353436,,,0.008276071399450302
seed-1,cicero,pnp,15,1.0547982454299927,0.005291580222547054,0.20205050706863403,9.078368748305365e-06,,,7.150662713684142e-05,0.00546178687363863,,,0.008276071399450302
seed-1,cicero,pnp,16,1.054634928703308,0.005264926236122847,0.2020212560892105,9.154983672488015e-06,,,6.918350118212402e-05,0.005365569610148668,,,0.008276071399450302
seed-1,cicero,pnp,17,1.0544747114181519,0.005239865276962519,0.2019938826560974,9.236632649844978e-06,,,6.937803118489683e-05,0.0053048101253807545,,,0.008276071399450302
seed-1,cicero,pnp,18,1.054318904876709,0.005216885823756456,0.201978862285614,9.32322109292727e-06,,,7.140410889405757e-05,0.005192524287849665,,,0.008276071399450302
seed-1,cicero,pnp,19,1.0541660785675049,0.005195699166506529,0.20198339223861694,9.414119631401263e-06,,,7.189060124801472e-05,0.005165817681699991,,,0.008276071399450302
seed-1,cicero,pnp,20,1.0540155172348022,0.005176285747438669,0.20200586318969727,9.510178642813116e-06,,,7.087211997713894e-05,0.005120297893881798,,,0.008276071399450302
seed-1,cicero,pnp,21,1.053865909576416,0.00515845138579607,0.20203541219234467,9.61130626819795e-06,,,6.91532259224914e-05,0.005142525304108858,,,0.008276071399450302
seed-1,cicero,pnp,22,1.0537174940109253,0.005141432862728834,0.20207306742668152,9.71730514720548e-06,,,6.944344931980595e-05,0.0050982581451535225,,,0.008276071399450302
seed-1,cicero,pnp,23,1.0535693168640137,0.005125028546899557,0.20210830867290497,9.828086149354931e-06,,,6.979583849897608e-05,0.005042285658419132,,,0.008276071399450302
seed-1,cicero,pnp,24,1.0534197092056274,0.00510927801951766,0.20213936269283295,9.94345737126423e-06,,,7.362563337665051e-05,0.005082057323306799,,,0.008276071399450302
seed-1,cicero,pnp,25,1.0532692670822144,0.0050944918766617775,0.2021765410900116,1.0064568414236419e-05,,,7.639681280124933e-05,0.005122524686157703,,,0.008276071399450302
seed-1,cicero,pnp,26,1.053118348121643,0.005081781651824713,0.20223656296730042,1.0191311048401985e-05,,,7.621870463481173e-05,0.00519788172096014,,,0.008276071399450302
seed-1,cicero,pnp,27,1.0529662370681763,0.005070200655609369,0.20229393243789673,1.032311047310941e-05,,,7.568275032099336e-05,0.005263499915599823,,,0.008276071399450302
seed-1,cicero,pnp,28,1.0528132915496826,0.005059848073869944,0.20235659182071686,1.0460281373525504e-05,,,7.560023368569091e-05,0.005302845034748316,,,0.008276071399450302
seed-1,cicero,pnp,29,1.0526597499847412,0.005049961619079113,0.2024267315864563,1.0602253496472258e-05,,,7.58994065108709e-05,0.005333339795470238,,,0.008276071399450302
seed-1,cicero,pnp,30,1.0525065660476685,0.005040194373577833,0.20249201357364655,1.0748420208983589e-05,,,7.536407792940736e-05,0.005322127602994442,,,0.008276071399450302
seed-1,decoding,admm_quadratic,1,1.02884840965271,0.004835223313421011,0.24007095396518707,8.308470000883972e-07,6.674052315247536e-07,6,0.021680250763893127,0.030112938955426216,1.033684463813131,,
seed-1,decoding,admm_quadratic,2,1.0283769369125366,0.004714053589850664,0.2379700094461441,8.409921292695799e-07,8.100699346869078e-07,6,0.00399473262950778,0.02357599139213562,1.0330918314945166,,
seed-1,decoding,admm_quadratic,3,1.027914047241211,0.004643603693693876,0.23687689006328583,8.576939762861002e-07,8.553329848837166e-07,6,0.0016704783774912357,0.018424203619360924,1.032558508628881,,
seed-1,decoding,admm_quadratic,4,1.0274910926818848,0.004603687208145857,0.23631514608860016,8.798020871836343e-07,8.724312010599533e-07,6,0.0013889813562855124,0.016007352620363235,1.0320956596921178,,
seed-1,decoding,admm_quadratic,5,1.0270991325378418,0.0045693013817071915,0.23580537736415863,9.07211131107033e-07,8.777435027695901e-07,6,0.0013388226507231593,0.014881592243909836,1.03166934113068,,
seed-1,decoding,admm_quadratic,6,1.0267283916473389,0.004542024806141853,0.23541207611560822,9.399888654115784e-07,8.803142463875702e-07,6,0.0012978484155610204,0.013849605806171894,1.0312713564423461,,
seed-1,decoding,admm_quadratic,7,1.0263715982437134,0.004519451409578323,0.23510701954364777,9.780907248568838e-07,8.861858873387973e-07,6,0.0012556713772937655,0.013079030439257622,1.0308920277440166,,
seed-1,decoding,admm_quadratic,8,1.0260246992111206,0.004501017276197672,0.2348809391260147,1.021521597976971e-06,8.936607969189936e-07,6,0.0012111749965697527,0.012447292916476727,1.0305267380089163,,
seed-1,decoding,admm_quadratic,9,1.025685429573059,0.004485812969505787,0.23471635580062866,1.0701970722948317e-06,9.010494181893591e-07,6,0.0011713848216459155,0.01191311702132225,1.0301723127396372,,
seed-1,decoding,admm_quadratic,10,1.0253499746322632,0.004473918117582798,0.234627366065979,1.1240312005611486e-06,9.082882002076076e-07,6,0.0011399455834180117,0.011546676978468895,1.0298250167810465,,
seed-1,decoding,admm_quadratic,11,1.025017261505127,0.0044639380648732185,0.23458918929100037,1.1831625670311041e-06,9.158488296634459e-07,6,0.0011199249420315027,0.01129659079015255,1.0294823827325672,,
seed-1,decoding,admm_quadratic,12,1.0246829986572266,0.004455931484699249,0.2346079796552658,1.2476724577936693e-06,9.231959552380431e-07,6,0.001113130827434361,0.011165653355419636,1.0291401778143836,,
seed-1,decoding,admm_quadratic,13,1.0243453979492188,0.004450279287993908,0.2346823811531067,1.3177012760934304e-06,9.299435532739153e-07,6,0.0011196042178198695,0.011066275648772717,1.0287969949384888,,
seed-1,decoding,admm_quadratic,14,1.024000644683838,0.004446093458682299,0.2347920536994934,1.3933840818936005e-06,9.388976991431264e-07,6,0.001137545215897262,0.011061630211770535,1.028448131526602,,
seed-1,decoding,admm_quadratic,15,1.0236481428146362,0.004444244783371687,0.2349688708782196,1.474743271501211e-06,9.492242725173128e-07,6,0.001160204759798944,0.011142527684569359,1.0280938623412794,,
seed-1,decoding,admm_quadratic,16,1.0232889652252197,0.004444603342562914,0.23520530760288239,1.5614539279340534e-06,9.602512136552832e-07,6,0.001163179287686944,0.011194025166332722,1.0277351300217106,,
seed-1,decoding,admm_quadratic,17,1.022920846939087,0.004446955397725105,0.23551225662231445,1.6536374687348143e-06,9.707874824016471e-07,6,0.0011684342753142118,0.011338901706039906,1.0273694559742808,,
seed-1,decoding,admm_quadratic,18,1.0225425958633423,0.004452131222933531,0.23592256009578705,1.7512251133666723e-06,9.808370577957248e-07,6,0.0011847069254145026,0.011437940411269665,1.0269964783113892,,
seed-1,decoding,admm_quadratic,19,1.0221532583236694,0.004460623022168875,0.23644492030143738,1.8542849602454226e-06,9.91385491033725e-07,6,0.0012054196558892727,0.011649682186543941,1.0266157356307986,,
seed-1,decoding,admm_quadratic,20,1.0217475891113281,0.0044721756130456924,0.23706181347370148,1.9628168956842273e-06,1.0024504035754944e-06,6,0.0012392925564199686,0.01192383375018835,1.0262217275412695,,
seed-1,decoding,admm_quadratic,21,1.0213202238082886,0.0044872816652059555,0.23780353367328644,2.0768661670445e-06,1.01535624708049e-06,6,0.0012856002431362867,0.012378242798149586,1.0258095823396616,,
seed-1,decoding,admm_quadratic,22,1.020872950553894,0.0045052929781377316,0.23864953219890594,2.196133436882519e-06,1.0291307717125164e-06,6,0.0013315625255927444,0.01280456967651844,1.0253804396654687,,
seed-1,decoding,admm_quadratic,23,1.0204036235809326,0.004526973702013493,0.23960940539836884,2.320501153008081e-06,1.0429491794639034e-06,6,0.001373868784867227,0.013182374648749828,1.0249329177840991,,
seed-1,decoding,admm_quadratic,24,1.0199099779129028,0.004553178325295448,0.24069340527057648,2.449932708259439e-06,1.0580113212199649e-06,6,0.0014290590770542622,0.013617632910609245,1.0244656061709065,,
seed-1,decoding,admm_quadratic,25,1.0193907022476196,0.004583706147968769,0.24191568791866302,2.5843289677141e-06,1.0743078746600077e-06,6,0.0014926615403965116,0.014091568067669868,1.0239769927245561,,
seed-1,decoding,admm_quadratic,26,1.018839955329895,0.004621547646820545,0.24334998428821564,2.7235334982833592e-06,1.091004037334642e-06,6,0.0015745462151244283,0.014677409082651138,1.0234642265102138,,
seed-1,decoding,admm_quadratic,27,1.0182584524154663,0.004665414337068796,0.24496932327747345,2.8671922791545512e-06,1.1102144981123274e-06,6,0.001654630177654326,0.015333039686083794,1.0229267339448143,,
seed-1,decoding,admm_quadratic,28,1.01764714717865,0.004716751631349325,0.24678479135036469,3.014739831996849e-06,1.1323016906317207e-06,6,0.0017384854145348072,0.015906812623143196,1.0223669135498312,,
seed-1,decoding,admm_quadratic,29,1.017001986503601,0.004775531589984894,0.24880559742450714,3.1658223633712623e-06,1.1553488548088353e-06,6,0.0018412114586681128,0.01655920408666134,1.0217806839159493,,
seed-1,decoding,admm_quadratic,30,1.0163295269012451,0.00484189810231328,0.25103774666786194,3.319566303616739e-06,1.178455590888916e-06,6,0.001908110803924501,0.017031803727149963,1.021174744569862,,
seed-1,decoding,admm_tv,1,1.02884840965271,0.004835223313421011,0.24007095396518707,8.308470000883972e-07,,,0.05169406160712242,0.05474553257226944,1.0528563358962288,4.755614554596832e-06,
seed-1,decoding,admm_tv,2,1.0285584926605225,0.004631273914128542,0.23543386161327362,8.4009894862902e-07,,,0.014833358116447926,0.04247112199664116,1.0521027189207985,1.167443201666174e-06,
seed-1,decoding,admm_tv,3,1.028235673904419,0.004492822103202343,0.23207388818264008,8.559206889913185e-07,,,0.008161577396094799,0.022113321349024773,1.051443918643372,3.2428977192466846e-07,
seed-1,decoding,admm_tv,4,1.027911901473999,0.004408375360071659,0.2298979014158249,8.771841635279998e-07,,,0.005306004546582699,0.01669929176568985,1.050902568799745,1.259007404996737e-07,
seed-1,decoding,admm_tv,5,1.0276241302490234,0.004330228082835674,0.2278250902891159,9.035547918756492e-07,,,0.003992532845586538,0.015472682192921638,1.0504075428327269,7.058071815890798e-08,
seed-1,decoding,admm_tv,6,1.0273540019989014,0.004262066911906004,0.22595882415771484,9.350241043648566e-07,,,0.003379829227924347,0.014306463301181793,1.0499508194387772,4.1966913499891234e-08,
seed-1,decoding,admm_tv,7,1.0270969867706299,0.004201274365186691,0.22424811124801636,9.715440683066845e-07,,,0.003115462837740779,0.013414701446890831,1.0495227694394997,2.861380465901675e-08,
seed-1,decoding,admm_tv,8,1.0268474817276,0.0041474164463579655,0.22268778085708618,1.0128986787094618e-06,,,0.0030301781371235847,0.012672205455601215,1.0491172727119875,2.4798630704481184e-08,
seed-1,decoding,admm_tv,9,1.0266027450561523,0.004099078942090273,0.2212476134300232,1.0590491683615255e-06,,,0.0030239822808653116,0.01208386942744255,1.048728565448323,2.28910437272134e-08,
seed-1,decoding,admm_tv,10,1.0263597965240479,0.00405541155487299,0.2199251502752304,1.1099058383479132e-06,,,0.003063464304432273,0.011625656858086586,1.0483534214574093,2.28910437272134e-08,
seed-1,decoding,admm_tv,11,1.0261149406433105,0.004016568418592215,0.21872000396251678,1.1655085927486653e-06,,,0.0030997346621006727,0.011273044161498547,1.0479881065481549,2.4798630704481184e-08,
seed-1,decoding,admm_tv,12,1.025869607925415,0.003982385620474815,0.21761669218540192,1.2258731203473872e-06,,,0.003129801945760846,0.010948131792247295,1.0476325030170757,2.6706217681748967e-08,
seed-1,decoding,admm_tv,13,1.0256226062774658,0.0039519695565104485,0.21660861372947693,1.2909495126223192e-06,,,0.0031603998504579067,0.010688222013413906,1.047284758599926,2.6706217681748967e-08,
seed-1,decoding,admm_tv,14,1.0253714323043823,0.003925248980522156,0.2157026082277298,1.3606601214632974e-06,,,0.003183518536388874,0.010504668578505516,1.0469430537872768,2.4798630704481184e-08,
seed-1,decoding,admm_tv,15,1.0251158475875854,0.0039016043301671743,0.2148718535900116,1.4349525372381322e-06,,,0.003216434270143509,0.010355700738728046,1.0466044678991238,2.861380465901675e-08,
seed-1,decoding,admm_tv,16,1.0248589515686035,0.00388053385540843,0.2141045182943344,1.5135368585106335e-06,,,0.0032532860059291124,0.010173697024583817,1.0462709169348954,3.0521391636284534e-08,
seed-1,decoding,admm_tv,17,1.0245943069458008,0.0038626347668468952,0.21342156827449799,1.596369429535116e-06,,,0.003307278733700514,0.010059083811938763,1.0459380601426802,2.28910437272134e-08,
seed-1,decoding,admm_tv,18,1.0243244171142578,0.003847084939479828,0.21280960738658905,1.6834646885399707e-06,,,0.0033578958828002214,0.009977384470403194,1.0456070613176052,2.6706217681748967e-08,
seed-1,decoding,admm_tv,19,1.0240483283996582,0.0038332329131662846,0.21226069331169128,1.774941551957454e-06,,,0.003411388024687767,0.009906360879540443,1.0452761726723794,2.861380465901675e-08,
seed-1,decoding,admm_tv,20,1.0237669944763184,0.0038203250151127577,0.211748406291008,1.8707869458012283e-06,,,0.0034852020908147097,0.00991546455770731,1.044943705892365,2.6706217681748967e-08,
seed-1,decoding,admm_tv,21,1.0234787464141846,0.003809737041592598,0.21130190789699554,1.970804078155197e-06,,,0.003546087769791484,0.009915641508996487,1.0446109080079622,3.0521391636284534e-08,
seed-1,decoding,admm_tv,22,1.023181438446045,0.003801112761721015,0.2109011560678482,2.0749268969666446e-06,,,0.0036200841423124075,0.009993800893425941,1.0442736289797268,2.861380465901675e-08,
seed-1,decoding,admm_tv,23,1.0228707790374756,0.003794581163674593,0.21056455373764038,2.1829814613738563e-06,,,0.0037270274478942156,0.010208883322775364,1.043929417392701,2.6706217681748967e-08,
seed-1,decoding,admm_tv,24,1.0225484371185303,0.0037900134921073914,0.21029430627822876,2.2949211597733665e-06,,,0.003850411856546998,0.010366623289883137,1.043580162667513,2.4798630704481184e-08,
seed-1,decoding,admm_tv,25,1.022217035293579,0.003786856774240732,0.21007858216762543,2.410724846413359e-06,,,0.003952886443585157,0.010496972128748894,1.043227304235188,2.6706217681748967e-08,
seed-1,decoding,admm_tv,26,1.0218689441680908,0.003785646054893732,0.20992521941661835,2.5300162178609753e-06,,,0.004036464262753725,0.01071480754762888,1.0428639961259705,2.861380465901675e-08,
seed-1,decoding,admm_tv,27,1.021507978439331,0.0037855806294828653,0.20980322360992432,2.652450802997919e-06,,,0.004126256797462702,0.01100564282387495,1.0424909532511264,2.861380465901675e-08,
seed-1,decoding,admm_tv,28,1.0211299657821655,0.0037877289578318596,0.20975054800510406,2.777962663458311e-06,,,0.0042116520926356316,0.011413736268877983,1.0421077985453393,2.6706217681748967e-08,
seed-1,decoding,admm_tv,29,1.0207393169403076,0.0037914959248155355,0.2097599059343338,2.9061268378427485e-06,,,0.004285074770450592,0.011658167466521263,1.041718213660579,2.4798630704481184e-08,
seed-1,decoding,admm_tv,30,1.0203330516815186,0.0037975232116878033,0.20983745157718658,3.0366941246029455e-06,,,0.004379626829177141,0.01193685457110405,1.0413198335333618,2.6706217681748967e-08,
seed-1,decoding,control,1,1.0286109447479248,0.004871585872024298,0.2411116659641266,8.321549103129655e-07,,,,,,,
seed-1,decoding,control,2,1.0279372930526733,0.004924932029098272,0.24272389709949493,8.44505393615691e-07,,,,,,,
seed-1,decoding,control,3,1.0273828506469727,0.004974755458533764,0.24410785734653473,8.625904115433514e-07,,,,,,,
seed-1,decoding,control,4,1.026897668838501,0.005015753675252199,0.24524781107902527,8.861280775818159e-07,,,,,,,
seed-1,decoding,control,5,1.0264573097229004,0.005048258230090141,0.24617311358451843,9.151549420494121e-07,,,,,,,
seed-1,decoding,control,6,1.0260475873947144,0.005075845867395401,0.24695663154125214,9.498014605924254e-07,,,,,,,
seed-1,decoding,control,7,1.0256565809249878,0.005099726840853691,0.247639998793602,9.903286581902648e-07,,,,,,,
seed-1,decoding,control,8,1.025277853012085,0.0051224129274487495,0.24828864634037018,1.0368263474447303e-06,,,,,,,
seed-1,decoding,control,9,1.0248985290527344,0.005144789814949036,0.24893775582313538,1.0894455044763163e-06,,,,,,,
seed-1,decoding,control,10,1.0245208740234375,0.005166093818843365,0.2495817244052887,1.1482424042696948e-06,,,,,,,
seed-1,decoding,control,11,1.0241398811340332,0.005187900736927986,0.25026190280914307,1.213206019201607e-06,,,,,,,
seed-1,decoding,control,12,1.0237526893615723,0.005210810340940952,0.2510134279727936,1.2842976957472274e-06,,,,,,,
seed-1,decoding,control,13,1.0233515501022339,0.005235064309090376,0.25185033679008484,1.3613951068691676e-06,,,,,,,
seed-1,decoding,control,14,1.0229331254959106,0.005264537408947945,0.25285112857818604,1.4448155525315087e-06,,,,,,,
seed-1,decoding,control,15,1.0224900245666504,0.005296671763062477,0.2539760172367096,1.5348753095167922e-06,,,,,,,
seed-1,decoding,control,16,1.0220187902450562,0.0053337449207901955,0.2552509009838104,1.6315970015057246e-06,,,,,,,
seed-1,decoding,control,17,1.0215158462524414,0.005382169969379902,0.2568102777004242,1.7350041616737144e-06,,,,,,,
seed-1,decoding,control,18,1.0209760665893555,0.005443362519145012,0.25872838497161865,1.8450966763339238e-06,,,,,,,
seed-1,decoding,control,19,1.0203988552093506,0.00551957543939352,0.261046826839447,1.961854877663427e-06,,,,,,,
seed-1,decoding,control,20,1.019789218902588,0.0056104594841599464,0.26372191309928894,2.0849784050369635e-06,,,,,,,
seed-1,decoding,control,21,1.0191518068313599,0.0057135289534926414,0.266719251871109,2.213999778177822e-06,,,,,,,
seed-1,decoding,control,22,1.0184862613677979,0.005834228824824095,0.27008673548698425,2.348564748899662e-06,,,,,,,
seed-1,decoding,control,23,1.01779043674469,0.005968195851892233,0.27376997470855713,2.4884452614060137e-06,,,,,,,
seed-1,decoding,control,24,1.0170564651489258,0.006116874050348997,0.2777937650680542,2.6337756935390644e-06,,,,,,,
seed-1,decoding,control,25,1.0162954330444336,0.0062820808961987495,0.2821296453475952,2.7846092507388676e-06,,,,,,,
seed-1,decoding,control,26,1.015511393547058,0.006458474323153496,0.2866779565811157,2.940534841400222e-06,,,,,,,
seed-1,decoding,control,27,1.0146960020065308,0.006648378446698189,0.29151660203933716,3.1006295557745034e-06,,,,,,,
seed-1,decoding,control,28,1.013838529586792,0.006869147066026926,0.2969420254230499,3.264642600697698e-06,,,,,,,
seed-1,decoding,control,29,1.0129295587539673,0.0071213641203939915,0.3029945194721222,3.4322463307034923e-06,,,,,,,
seed-1,decoding,control,30,1.011987328529358,0.00740968668833375,0.3097272515296936,3.6022599942953093e-06,,,,,,,
seed-1,decoding,direct_quadratic,1,1.0286792516708374,0.004745789337903261,0.23850150406360626,8.312057957482466e-07,,,,,1.0334258722145364,,
seed-1,decoding,direct_quadratic,2,1.0280691385269165,0.004682838451117277,0.23762038350105286,8.43286784402153e-07,,,,,1.0327528202648182,,
seed-1,decoding,direct_quadratic,3,1.02756667137146,0.0046377032995224,0.2369382381439209,8.61614125824417e-07,,,,,1.0322052362851082,,
seed-1,decoding,direct_quadratic,4,1.0271213054656982,0.004608240909874439,0.2365356981754303,8.856386557454243e-07,,,,,1.0317304320142284,,
seed-1,decoding,direct_quadratic,5,1.0267077684402466,0.004590694792568684,0.23634523153305054,9.151464155365829e-07,,,,,1.0312993783792308,,
seed-1,decoding,direct_quadratic,6,1.026320457458496,0.004578480031341314,0.23623904585838318,9.501841304881964e-07,,,,,1.030899887673968,,
seed-1,decoding,direct_quadratic,7,1.0259532928466797,0.0045670331455767155,0.23615208268165588,9.90827629721025e-07,,,,,1.0305213168198861,,
seed-1,decoding,direct_quadratic,8,1.0255967378616333,0.00455761794000864,0.2361306995153427,1.0370006293669576e-06,,,,,1.0301553928022713,,
seed-1,decoding,direct_quadratic,9,1.0252411365509033,0.0045519242994487286,0.23619797825813293,1.0887094958889065e-06,,,,,1.029794149559848,,
seed-1,decoding,direct_quadratic,10,1.024884819984436,0.004547466058284044,0.2363210767507553,1.1460336963864393e-06,,,,,1.0294334320764165,,
seed-1,decoding,direct_quadratic,11,1.0245263576507568,0.004542207345366478,0.2364567667245865,1.2090652035112726e-06,,,,,1.0290697740613268,,
seed-1,decoding,direct_quadratic,12,1.024161696434021,0.004537684842944145,0.23663432896137238,1.2778538120983285e-06,,,,,1.0287006591307772,,
seed-1,decoding,direct_quadratic,13,1.0237857103347778,0.004536138381808996,0.23689314723014832,1.352368485640909e-06,,,,,1.0283232010850725,,
seed-1,decoding,direct_quadratic,14,1.0233967304229736,0.004537699278444052,0.23724256455898285,1.432424710401392e-06,,,,,1.027935862126128,,
seed-1,decoding,direct_quadratic,15,1.022986650466919,0.004543050192296505,0.23770974576473236,1.5182058632490225e-06,,,,,1.0275312188650787,,
seed-1,decoding,direct_quadratic,16,1.0225499868392944,0.004553468897938728,0.23832598328590393,1.6100156017273548e-06,,,,,1.027105065752835,,
seed-1,decoding,direct_quadratic,17,1.022088885307312,0.004568977747112513,0.23910851776599884,1.7078876908271923e-06,,,,,1.0266595709421154,,
seed-1,decoding,direct_quadratic,18,1.0216034650802612,0.0045890770852565765,0.2400447279214859,1.8116193132300396e-06,,,,,1.026194353784831,,
seed-1,decoding,direct_quadratic,19,1.0210894346237183,0.004611998796463013,0.24110575020313263,1.9208871435694164e-06,,,,,1.0257033543073248,,
seed-1,decoding,direct_quadratic,20,1.0205371379852295,0.004647925496101379,0.2424868643283844,2.0350973954919027e-06,,,,,1.0251870985787264,,
seed-1,decoding,direct_quadratic,21,1.0199525356292725,0.0046910978853702545,0.24405092000961304,2.1543289676628774e-06,,,,,1.0246457878436104,,
seed-1,decoding,direct_quadratic,22,1.0193448066711426,0.004735163878649473,0.24567601084709167,2.2786045974498847e-06,,,,,1.0240822491543895,,
seed-1,decoding,direct_quadratic,23,1.0187036991119385,0.004789858590811491,0.24756722152233124,2.4079522518150043e-06,,,,,1.0234959656550018,,
seed-1,decoding,direct_quadratic,24,1.0180332660675049,0.004852622747421265,0.24966764450073242,2.5420583824597998e-06,,,,,1.0228884308733086,,
seed-1,decoding,direct_quadratic,25,1.0173341035842896,0.00492237089201808,0.2519490420818329,2.680729039639118e-06,,,,,1.0222591552053473,,
seed-1,decoding,direct_quadratic,26,1.0166107416152954,0.004998006392270327,0.25435665249824524,2.8232025215402246e-06,,,,,1.0216115712100873,,
seed-1,decoding,direct_quadratic,27,1.015864372253418,0.005070295184850693,0.2567223906517029,2.9688537779293256e-06,,,,,1.0209376362920466,,
seed-1,decoding,direct_quadratic,28,1.015082836151123,0.005151818972080946,0.2593672573566437,3.1175663934845943e-06,,,,,1.0202377726895975,,
seed-1,decoding,direct_quadratic,29,1.0142717361450195,0.0052424231544137,0.2622390687465668,3.2692939839762403e-06,,,,,1.0195174285934172,,
seed-1,decoding,direct_quadratic,30,1.0134254693984985,0.005344384349882603,0.26541101932525635,3.4236870760651072e-06,,,,,1.0187732774354572,,
seed-1,decoding,pnp,1,1.02884840965271,0.004835223313421011,0.24007095396518707,8.308470000883972e-07,,,0.002596822800114751,0.021552281454205513,,,0.021538550034165382
seed-1,decoding,pnp,2,1.0282975435256958,0.004834673833101988,0.2404116839170456,8.415659635829797e-07,,,0.0002675811410881579,0.019420307129621506,,,0.021538550034165382
seed-1,decoding,pnp,3,1.0277832746505737,0.004843271803110838,0.24089710414409637,8.583633643866051e-07,,,0.00021797855151817203,0.019043534994125366,,,0.021538550034165382
seed-1,decoding,pnp,4,1.0273230075836182,0.004853486083447933,0.24136987328529358,8.807842846181302e-07,,,0.00021257450862322003,0.01706157810986042,,,0.021538550034165382
seed-1,decoding,pnp,5,1.0268924236297607,0.004865744151175022,0.24185584485530853,9.088824413083785e-07,,,0.00020937739463988692,0.016073966398835182,,,0.021538550034165382
seed-1,decoding,pnp,6,1.0264812707901,0.0048790983855724335,0.24234724044799805,9.426667588741111e-07,,,0.00020773774303961545,0.01510913111269474,,,0.021538550034165382
seed-1,decoding,pnp,7,1.0260882377624512,0.004892574157565832,0.24284012615680695,9.822012998483842e-07,,,0.00021163307246752083,0.01435188576579094,,,0.021538550034165382
seed-1,decoding,pnp,8,1.0257105827331543,0.004907150287181139,0.24335256218910217,1.02746150787425e-06,,,0.0002085383457597345,0.013631589710712433,,,0.021538550034165382
seed-1,decoding,pnp,9,1.0253419876098633,0.004922452382743359,0.24386990070343018,1.0784408459585393e-06,,,0.00020468674483709037,0.013157977722585201,,,0.021538550034165382
seed-1,decoding,pnp,10,1.0249781608581543,0.004939211532473564,0.2444172501564026,1.1351535249559674e-06,,,0.00020342707284726202,0.0127433305606246,,,0.021538550034165382
seed-1,decoding,pnp,11,1.0246155261993408,0.004956342279911041,0.2449745237827301,1.197724714074866e-06,,,0.00020976380619686097,0.01250246912240982,,,0.021538550034165382
seed-1,decoding,pnp,12,1.0242539644241333,0.004974968731403351,0.24557150900363922,1.2661203072639182e-06,,,0.00020968026365153491,0.01230938732624054,,,0.021538550034165382
seed-1,decoding,pnp,13,1.0238889455795288,0.004994588438421488,0.24620945751667023,1.3403930552158272e-06,,,0.000209987789276056,0.012206816114485264,,,0.021538550034165382
seed-1,decoding,pnp,14,1.0235178470611572,0.0050146309658885,0.24687647819519043,1.4207540743882419e-06,,,0.00021425668091978878,0.012162536382675171,,,0.021538550034165382
seed-1,decoding,pnp,15,1.0231385231018066,0.005036427639424801,0.24760982394218445,1.507219394625281e-06,,,0.00022507428366225213,0.012248784303665161,,,0.021538550034165382
seed-1,decoding,pnp,16,1.0227508544921875,0.005060423631221056,0.24841280281543732,1.5996184856703621e-06,,,0.00022132476442493498,0.01235773041844368,,,0.021538550034165382
seed-1,decoding,pnp,17,1.0223517417907715,0.005087298806756735,0.24931056797504425,1.6979590782284504e-06,,,0.00022499966144096106,0.012555886059999466,,,0.021538550034165382
seed-1,decoding,pnp,18,1.0219379663467407,0.005117532331496477,0.25030818581581116,1.802585302357329e-06,,,0.0002315152232768014,0.01285853423178196,,,0.021538550034165382
seed-1,decoding,pnp,19,1.0215044021606445,0.00515187531709671,0.2514355480670929,1.9136600712954532e-06,,,0.0002315616002306342,0.013327962718904018,,,0.021538550034165382
seed-1,decoding,pnp,20,1.0210474729537964,0.00519230030477047,0.2527414560317993,2.031258418355719e-06,,,0.00023504252021666616,0.01384251844137907,,,0.021538550034165382
seed-1,decoding,pnp,21,1.020566701889038,0.0052389418706297874,0.25421634316444397,2.155379888790776e-06,,,0.00024193504941649735,0.014401514083147049,,,0.021538550034165382
seed-1,decoding,pnp,22,1.0200608968734741,0.005291950423270464,0.2558630406856537,2.2859437649458414e-06,,,0.00024604928330518305,0.01493092905730009,,,0.021538550034165382
seed-1,decoding,pnp,23,1.0195233821868896,0.005353323649615049,0.2577320337295532,2.4227376798080513e-06,,,0.00025666653527878225,0.015627872198820114,,,0.021538550034165382
seed-1,decoding,pnp,24,1.0189507007598877,0.005424847360700369,0.25985589623451233,2.5655972422100604e-06,,,0.0002737296454142779,0.016337353736162186,,,0.021538550034165382
seed-1,decoding,pnp,25,1.0183402299880981,0.005507845431566238,0.26225900650024414,2.714047695917543e-06,,,0.00029092608019709587,0.01723908819258213,,,0.021538550034165382
seed-1,decoding,pnp,26,1.0177029371261597,0.00560246966779232,0.26495596766471863,2.8676356578216655e-06,,,0.0002938898978754878,0.017878368496894836,,,0.021538550034165382
seed-1,decoding,pnp,27,1.0170308351516724,0.005710080731660128,0.2679649889469147,3.0256164791353513e-06,,,0.0002969916386064142,0.0185756403952837,,,0.021538550034165382
seed-1,decoding,pnp,28,1.0163224935531616,0.005831673741340637,0.271300733089447,3.1880538244877243e-06,,,0.00030837880331091583,0.019305255264043808,,,0.021538550034165382
seed-1,decoding,pnp,29,1.0155776739120483,0.005967903882265091,0.27497556805610657,3.3544160942255985e-06,,,0.0003180096100550145,0.02006738819181919,,,0.021538550034165382
seed-1,decoding,pnp,30,1.0147982835769653,0.00612138956785202,0.2790292501449585,3.5241964724264108e-06,,,0.0003286719147581607,0.020671216771006584,,,0.021538550034165382
seed-1,gatsby,admm_quadratic,1,1.0588306188583374,0.00496312603354454,0.1883385330438614,5.8980454014090355e-06,6.541333732457133e-07,6,0.028837237507104874,0.03370561823248863,1.0637996429372834,,
seed-1,gatsby,admm_quadratic,2,1.0584309101104736,0.004862657282501459,0.18774697184562683,5.915415840718197e-06,7.895860676399025e-07,6,0.006180363241583109,0.024421073496341705,1.0632994828088158,,
seed-1,gatsby,admm_quadratic,3,1.0580706596374512,0.004767439793795347,0.18719401955604553,5.938200956734363e-06,8.284754358101054e-07,6,0.001815518829971552,0.012419581413269043,1.0628440376322033,,
seed-1,gatsby,admm_quadratic,4,1.0577454566955566,0.004690455738455057,0.18682022392749786,5.964685442449991e-06,8.384047873732925e-07,6,0.0012502800673246384,0.011131738312542439,1.0624418771194541,,
seed-1,gatsby,admm_quadratic,5,1.0574513673782349,0.004620374646037817,0.18647074699401855,5.995477295073215e-06,8.370509476662846e-07,6,0.0012513187248259783,0.01028971467167139,1.0620777375015678,,
seed-1,gatsby,admm_quadratic,6,1.057181477546692,0.004555489402264357,0.18613260984420776,6.031416887708474e-06,8.322306257468881e-07,6,0.0012227154802531004,0.00960076879709959,1.061742998365844,,
seed-1,gatsby,admm_quadratic,7,1.0569318532943726,0.004494939465075731,0.18580494821071625,6.072702035453403e-06,8.25703921236709e-07,6,0.0011663425248116255,0.008998402394354343,1.0614328654614837,,
seed-1,gatsby,admm_quadratic,8,1.0566997528076172,0.004438320174813271,0.18548603355884552,6.119330009823898e-06,8.173872743100219e-07,6,0.0011016312055289745,0.00846824049949646,1.0611441923124403,,
seed-1,gatsby,admm_quadratic,9,1.0564818382263184,0.0043848976492881775,0.18516704440116882,6.170941560412757e-06,8.096287160697102e-07,6,0.0010369428200647235,0.008039356209337711,1.060872906817167,,
seed-1,gatsby,admm_quadratic,10,1.0562751293182373,0.004334066063165665,0.18485130369663239,6.227376161405118e-06,8.02413524070289e-07,6,0.0009839332196861506,0.007654929533600807,1.0606154227575644,,
seed-1,gatsby,admm_quadratic,11,1.0560765266418457,0.004286119714379311,0.18454129993915558,6.288782515184721e-06,7.94681227489491e-07,6,0.0009377640672028065,0.007312571629881859,1.0603689351387402,,
seed-1,gatsby,admm_quadratic,12,1.0558825731277466,0.0042398544028401375,0.1842448115348816,6.3547799982188735e-06,7.880383918745792e-07,6,0.000914205564185977,0.007103437092155218,1.060128782310585,,
seed-1,gatsby,admm_quadratic,13,1.0556937456130981,0.00419599236920476,0.18396107852458954,6.42557097307872e-06,7.828423917999316e-07,6,0.0008936879457905889,0.0069239381700754166,1.059896163553276,,
seed-1,gatsby,admm_quadratic,14,1.0555107593536377,0.00415408331900835,0.18367725610733032,6.500854397017974e-06,7.781922590766044e-07,6,0.0008699623285792768,0.0067143309861421585,1.059671343527043,,
seed-1,gatsby,admm_quadratic,15,1.0553340911865234,0.0041143642738461494,0.18340657651424408,6.580777608178323e-06,7.719460768385034e-07,6,0.0008420405210927129,0.006507721729576588,1.0594550362379778,,
seed-1,gatsby,admm_quadratic,16,1.055161476135254,0.004076703917235136,0.18314826488494873,6.665290584351169e-06,7.657890819245949e-07,6,0.0008173627429641783,0.006377582438290119,1.0592448453430734,,
seed-1,gatsby,admm_quadratic,17,1.05499267578125,0.004040447063744068,0.1828826665878296,6.754496553185163e-06,7.619908615197346e-07,6,0.0007970671867951751,0.006249243393540382,1.0590398773415473,,
seed-1,gatsby,admm_quadratic,18,1.0548282861709595,0.004005921073257923,0.1826263666152954,6.848401426395867e-06,7.544012419202772e-07,6,0.0007762931054458022,0.006128464359790087,1.0588410556456438,,
seed-1,gatsby,admm_quadratic,19,1.0546685457229614,0.003972869366407394,0.18238146603107452,6.946598205104237e-06,7.473234404642426e-07,6,0.0007571944734081626,0.006021120585501194,1.058648361687574,,
seed-1,gatsby,admm_quadratic,20,1.0545121431350708,0.003941861446946859,0.1821431666612625,7.049323812680086e-06,7.414935794258781e-07,6,0.0007394084823317826,0.005968433804810047,1.0584610539058303,,
seed-1,gatsby,admm_quadratic,21,1.0543591976165771,0.00391237111762166,0.18191277980804443,7.156693300203187e-06,7.386514653262566e-07,6,0.0007226326852105558,0.005868623498827219,1.058278725427499,,
seed-1,gatsby,admm_quadratic,22,1.054207444190979,0.0038842216599732637,0.18168753385543823,7.268507488333853e-06,7.393280156975379e-07,6,0.0007051432621665299,0.0057652718387544155,1.0580989343584406,,
seed-1,gatsby,admm_quadratic,23,1.0540578365325928,0.003857321571558714,0.18146547675132751,7.3846435952873435e-06,7.387377536360873e-07,6,0.0006914647528901696,0.005687756463885307,1.0579225427477468,,
seed-1,gatsby,admm_quadratic,24,1.0539106130599976,0.0038321330212056637,0.1812673658132553,7.505336270696716e-06,7.37988500532083e-07,6,0.000672093010507524,0.005597851239144802,1.057750251417474,,
seed-1,gatsby,admm_quadratic,25,1.053764820098877,0.0038081975653767586,0.18108080327510834,7.630763320776168e-06,7.362862106674584e-07,6,0.0006573887076228857,0.005551849491894245,1.0575806484275745,,
seed-1,gatsby,admm_quadratic,26,1.0536205768585205,0.0037851070519536734,0.18088997900485992,7.761087545077316e-06,7.345847166106978e-07,6,0.0006436654948629439,0.005473833065479994,1.0574134449980193,,
seed-1,gatsby,admm_quadratic,27,1.0534772872924805,0.003762558801099658,0.18069685995578766,7.895930139056873e-06,7.335090117521759e-07,6,0.0006362794083543122,0.005404822528362274,1.0572477420237192,,
seed-1,gatsby,admm_quadratic,28,1.0533332824707031,0.0037409549113363028,0.18050913512706757,8.035353857849259e-06,7.32528008029476e-07,6,0.0006347195594571531,0.005382311996072531,1.0570822727358973,,
seed-1,gatsby,admm_quadratic,29,1.0531896352767944,0.0037203975953161716,0.18033736944198608,8.179064934665803e-06,7.314275194403308e-07,6,0.000631562143098563,0.005346646532416344,1.0569182119370453,,
seed-1,gatsby,admm_quadratic,30,1.0530465841293335,0.00370071385987103,0.18018865585327148,8.327166142407805e-06,7.32093894839636e-07,6,0.0006321711698547006,0.005323249381035566,1.056755625155347,,
seed-1,gatsby,admm_tv,1,1.0588306188583374,0.00496312603354454,0.1883385330438614,5.8980454014090355e-06,,,0.05143887177109718,0.05358363315463066,1.077670370208125,2.9044958864687942e-05,
seed-1,gatsby,admm_tv,2,1.0584856271743774,0.004862294066697359,0.1870547980070114,5.915876954531996e-06,,,0.015217471867799759,0.04425564780831337,1.0771970228520331,8.88913382368628e-06,
seed-1,gatsby,admm_tv,3,1.0581820011138916,0.0047698295675218105,0.18575385212898254,5.939413313171826e-06,,,0.008981941267848015,0.015068436041474342,1.076763325740103,4.413283022586256e-06,
seed-1,gatsby,admm_tv,4,1.0578901767730713,0.004697169177234173,0.18480543792247772,5.9671010603778996e-06,,,0.006120156031101942,0.01183675229549408,1.0763766876663794,2.560680968599627e-06,
seed-1,gatsby,admm_tv,5,1.0576214790344238,0.004630608018487692,0.1839154064655304,5.999461791361682e-06,,,0.0045441435649991035,0.010647007264196873,1.0760190191427683,1.5824946331122192e-06,
seed-1,gatsby,admm_tv,6,1.0573734045028687,0.00456874817609787,0.1830516755580902,6.036522336216876e-06,,,0.0036731658037751913,0.009802058339118958,1.075684608581014,1.0743261782408808e-06,
seed-1,gatsby,admm_tv,7,1.0571415424346924,0.004510948434472084,0.18220989406108856,6.078564638301032e-06,,,0.003106782678514719,0.009251016192138195,1.0753686104054396,7.782761031194241e-07,
seed-1,gatsby,admm_tv,8,1.0569223165512085,0.004456210415810347,0.18138796091079712,6.125997970229946e-06,,,0.0026858316268771887,0.00883563607931137,1.0750672386402584,6.088865802666987e-07,
seed-1,gatsby,admm_tv,9,1.056714415550232,0.004404694773256779,0.1805853247642517,6.178681360324845e-06,,,0.002410382032394409,0.008495088666677475,1.0747791267080173,4.883301016889163e-07,
seed-1,gatsby,admm_tv,10,1.0565152168273926,0.004356056451797485,0.17980751395225525,6.236550234461902e-06,,,0.0022391914390027523,0.008156044408679008,1.0745022047728525,4.1508056369821134e-07,
seed-1,gatsby,admm_tv,11,1.0563220977783203,0.00430958392098546,0.1790410429239273,6.299611868598731e-06,,,0.002132396912202239,0.007929577492177486,1.0742325016825816,3.540393151979515e-07,
seed-1,gatsby,admm_tv,12,1.0561362504959106,0.004265046678483486,0.1782771348953247,6.367991773004178e-06,,,0.002050381153821945,0.007717607077211142,1.073970331977216,3.2657075621500553e-07,
seed-1,gatsby,admm_tv,13,1.0559571981430054,0.004221971612423658,0.17751599848270416,6.441506684495835e-06,,,0.0019454731373116374,0.007517507765442133,1.0737152394979603,3.097844114563486e-07,
seed-1,gatsby,admm_tv,14,1.055783748626709,0.004180187359452248,0.1767653524875641,6.520069746329682e-06,,,0.0018848872277885675,0.007394777610898018,1.0734668039452118,2.731596566718508e-07,
seed-1,gatsby,admm_tv,15,1.0556143522262573,0.004140389617532492,0.17602048814296722,6.603863312193425e-06,,,0.0018589626997709274,0.007282456383109093,1.0732230049038662,2.4416505084445816e-07,
seed-1,gatsby,admm_tv,16,1.0554466247558594,0.004101367201656103,0.17527274787425995,6.692787792417221e-06,,,0.0018462755251675844,0.007227923255413771,1.0729805923310778,2.4111298557727423e-07,
seed-1,gatsby,admm_tv,17,1.0552822351455688,0.004063538275659084,0.17453137040138245,6.78640799378627e-06,,,0.0018515927949920297,0.007181716151535511,1.072742158593701,2.4111298557727423e-07,
seed-1,gatsby,admm_tv,18,1.0551213026046753,0.004027420189231634,0.17380985617637634,6.884657523187343e-06,,,0.0018530219094827771,0.0071008773520588875,1.0725091728798362,2.334828224093144e-07,
seed-1,gatsby,admm_tv,19,1.0549627542495728,0.003992560785263777,0.17309249937534332,6.9875040935585275e-06,,,0.001862095668911934,0.007032919209450483,1.0722789916912006,2.1364441238347354e-07,
seed-1,gatsby,admm_tv,20,1.0548064708709717,0.003959455993026495,0.17239195108413696,7.094675311236642e-06,,,0.0018689738353714347,0.007010667119175196,1.0720527606546966,1.9991013289200055e-07,
seed-1,gatsby,admm_tv,21,1.0546537637710571,0.003928417805582285,0.17171743512153625,7.205813744803891e-06,,,0.0018607970559969544,0.0069281733594834805,1.0718327130969556,1.8922790445685678e-07,
seed-1,gatsby,admm_tv,22,1.0545035600662231,0.003898518392816186,0.1710502654314041,7.3209671427321155e-06,,,0.0018630422418937087,0.00685099046677351,1.0716159075765064,1.800717228661597e-07,
seed-1,gatsby,admm_tv,23,1.0543549060821533,0.003869710024446249,0.17038339376449585,7.44009093978093e-06,,,0.0018691642908379436,0.006796105764806271,1.0714006855495426,1.754936249653838e-07,
seed-1,gatsby,admm_tv,24,1.0542068481445312,0.0038421323988586664,0.16972023248672485,7.563110102637438e-06,,,0.0018931474769487977,0.006794313434511423,1.0711864345033064,1.8617583918967284e-07,
seed-1,gatsby,admm_tv,25,1.054059624671936,0.00381479412317276,0.16905173659324646,7.690265192650259e-06,,,0.0019347110064700246,0.006765303201973438,1.0709724885964533,2.0143616552559251e-07,
seed-1,gatsby,admm_tv,26,1.0539131164550781,0.003787342691794038,0.1683858335018158,7.821024155418854e-06,,,0.001977950567379594,0.006722461432218552,1.0707595208294152,2.2585265924135456e-07,
seed-1,gatsby,admm_tv,27,1.0537694692611694,0.0037605101242661476,0.1677217036485672,7.955658475111704e-06,,,0.002019389532506466,0.006704326253384352,1.0705495952845012,2.4111298557727423e-07,
seed-1,gatsby,admm_tv,28,1.0536277294158936,0.0037347523029893637,0.16705730557441711,8.094192708085757e-06,,,0.0020631710067391396,0.006683434825390577,1.0703415541660433,2.3958693873282755e-07,
seed-1,gatsby,admm_tv,29,1.0534855127334595,0.0037098017055541277,0.1664028912782669,8.236575922637712e-06,,,0.0020930476021021605,0.00668983394280076,1.070134038437209,2.380609203100903e-07,
seed-1,gatsby,admm_tv,30,1.053342580795288,0.003685170318931341,0.16575883328914642,8.382894520764239e-06,,,0.002120675053447485,0.006747784558683634,1.0699268470187235,2.456910692671954e-07,
seed-1,gatsby,control,1,1.058811068534851,0.004962528590112925,0.18832740187644958,5.899536972719943e-06,,,,,,,
seed-1,gatsby,control,2,1.0583784580230713,0.004907332826405764,0.18828855454921722,5.916748250456294e-06,,,,,,,
seed-1,gatsby,control,3,1.0579979419708252,0.004855754319578409,0.18825341761112213,5.939093625784153e-06,,,,,,,
seed-1,gatsby,control,4,1.0576609373092651,0.0048078373074531555,0.18821227550506592,5.966302069282392e-06,,,,,,,
seed-1,gatsby,control,5,1.0573595762252808,0.004762646742165089,0.18813781440258026,5.99848590354668e-06,,,,,,,
seed-1,gatsby,control,6,1.0570858716964722,0.00471899239346385,0.1880190223455429,6.0358688642736524e-06,,,,,,,
seed-1,gatsby,control,7,1.0568325519561768,0.0046771373599767685,0.18787983059883118,6.0786292124248575e-06,,,,,,,
seed-1,gatsby,control,8,1.0565954446792603,0.004636792000383139,0.1877170205116272,6.12696430835058e-06,,,,,,,
seed-1,gatsby,control,9,1.0563719272613525,0.0045976461842656136,0.18753260374069214,6.181023763929261e-06,,,,,,,
seed-1,gatsby,control,10,1.0561602115631104,0.004561052657663822,0.1873314380645752,6.240808033908252e-06,,,,,,,
seed-1,gatsby,control,11,1.0559558868408203,0.004526242148131132,0.18711014091968536,6.305835540842963e-06,,,,,,,
seed-1,gatsby,control,12,1.055757761001587,0.0044927108101546764,0.1868874430656433,6.375778866640758e-06,,,,,,,
seed-1,gatsby,control,13,1.0555654764175415,0.004459957126528025,0.18666242063045502,6.450862201745622e-06,,,,,,,
seed-1,gatsby,control,14,1.0553781986236572,0.0044282907620072365,0.18644559383392334,6.531123290187679e-06,,,,,,,
seed-1,gatsby,control,15,1.0551966428756714,0.004398089833557606,0.18625807762145996,6.616353857680224e-06,,,,,,,
seed-1,gatsby,control,16,1.0550205707550049,0.004369192756712437,0.1860659122467041,6.706206022499828e-06,,,,,,,
seed-1,gatsby,control,17,1.0548460483551025,0.004341467283666134,0.18587376177310944,6.8011286202818155e-06,,,,,,,
seed-1,gatsby,control,18,1.054673671722412,0.004315798170864582,0.1856965571641922,6.901126653247047e-06,,,,,,,
seed-1,gatsby,control,19,1.054504156112671,0.004290585871785879,0.1855112910270691,7.00626014804584e-06,,,,,,,
seed-1,gatsby,control,20,1.0543371438980103,0.004266742151230574,0.1853337436914444,7.116326742107049e-06,,,,,,,
seed-1,gatsby,control,21,1.0541712045669556,0.004245257005095482,0.1851905733346939,7.231317795231007e-06,,,,,,,
seed-1,gatsby,control,22,1.0540074110031128,0.004224937874823809,0.18506361544132233,7.350777195824776e-06,,,,,,,
seed-1,gatsby,control,23,1.053844690322876,0.004205787554383278,0.1849433183670044,7.474967787857167e-06,,,,,,,
seed-1,gatsby,control,24,1.053682804107666,0.004187654238194227,0.18485550582408905,7.6038863880967256e-06,,,,,,,
seed-1,gatsby,control,25,1.0535252094268799,0.004170664586126804,0.18478994071483612,7.737444320810027e-06,,,,,,,
seed-1,gatsby,control,26,1.0533685684204102,0.004153943620622158,0.18472930788993835,7.875755727582145e-06,,,,,,,
seed-1,gatsby,control,27,1.0532121658325195,0.004138784948736429,0.1846812218427658,8.019464985409286e-06,,,,,,,
seed-1,gatsby,control,28,1.0530543327331543,0.0041260807774960995,0.18465925753116608,8.16860847407952e-06,,,,,,,
seed-1,gatsby,control,29,1.0528967380523682,0.004114898387342691,0.18465206027030945,8.323210749949794e-06,,,,,,,
seed-1,gatsby,control,30,1.0527414083480835,0.004103554412722588,0.18463779985904694,8.482253178954124e-06,,,,,,,
seed-1,gatsby,direct_quadratic,1,1.0588278770446777,0.004928078502416611,0.18796250224113464,5.902812517888378e-06,,,,,1.0637618583596122,,
seed-1,gatsby,direct_quadratic,2,1.0584088563919067,0.004840906243771315,0.18758927285671234,5.922770014876733e-06,,,,,1.063255685405693,,
seed-1,gatsby,direct_quadratic,3,1.0580387115478516,0.004761026240885258,0.18724758923053741,5.9463013712957036e-06,,,,,1.0628056840901081,,
seed-1,gatsby,direct_quadratic,4,1.0577093362808228,0.004687424749135971,0.18691439926624298,5.973869519948494e-06,,,,,1.0624027348994787,,
seed-1,gatsby,direct_quadratic,5,1.0574123859405518,0.004618100356310606,0.18655727803707123,6.005766408634372e-06,,,,,1.062036492063271,,
seed-1,gatsby,direct_quadratic,6,1.0571423768997192,0.0045523508451879025,0.18619124591350555,6.042791483196197e-06,,,,,1.0617007705363903,,
seed-1,gatsby,direct_quadratic,7,1.0568938255310059,0.004491183441132307,0.1858348846435547,6.085302629799116e-06,,,,,1.061391094274768,,
seed-1,gatsby,direct_quadratic,8,1.05666184425354,0.004434032831341028,0.1854744255542755,6.133170245448127e-06,,,,,1.0611020102551265,,
seed-1,gatsby,direct_quadratic,9,1.056443691253662,0.004379126243293285,0.18511590361595154,6.185877282405272e-06,,,,,1.0608290033742378,,
seed-1,gatsby,direct_quadratic,10,1.0562357902526855,0.0043266587890684605,0.18476173281669617,6.2435242398350965e-06,,,,,1.0605686925659938,,
seed-1,gatsby,direct_quadratic,11,1.0560349225997925,0.0042775473557412624,0.18440866470336914,6.306318937276956e-06,,,,,1.060318776274471,,
seed-1,gatsby,direct_quadratic,12,1.055842399597168,0.004230971913784742,0.18406865000724792,6.3739857978362124e-06,,,,,1.0600797454967505,,
seed-1,gatsby,direct_quadratic,13,1.0556565523147583,0.004187059123069048,0.1837523877620697,6.446197858167579e-06,,,,,1.0598500576356855,,
seed-1,gatsby,direct_quadratic,14,1.0554771423339844,0.0041456278413534164,0.18345105648040771,6.523012871184619e-06,,,,,1.059629293188209,,
seed-1,gatsby,direct_quadratic,15,1.0553054809570312,0.004106764215976,0.18317250907421112,6.604364443774102e-06,,,,,1.059418849537451,,
seed-1,gatsby,direct_quadratic,16,1.0551363229751587,0.004070354625582695,0.18290334939956665,6.690275313303573e-06,,,,,1.0592133678760547,,
seed-1,gatsby,direct_quadratic,17,1.0549681186676025,0.004034616984426975,0.1826135367155075,6.781049251003424e-06,,,,,1.0590095167012805,,
seed-1,gatsby,direct_quadratic,18,1.0548042058944702,0.003999157343059778,0.18232300877571106,6.876528459542897e-06,,,,,1.0588102397659895,,
seed-1,gatsby,direct_quadratic,19,1.0546441078186035,0.003965218085795641,0.182038813829422,6.976763870625291e-06,,,,,1.0586163026682698,,
seed-1,gatsby,direct_quadratic,20,1.054488182067871,0.003932836465537548,0.18176282942295074,7.081788226059871e-06,,,,,1.0584281003216347,,
seed-1,gatsby,direct_quadratic,21,1.0543358325958252,0.0039027284365147352,0.18151749670505524,7.191307759057963e-06,,,,,1.058245752340099,,
seed-1,gatsby,direct_quadratic,22,1.0541858673095703,0.0038742872420698404,0.18128295242786407,7.305316557904007e-06,,,,,1.058067459868198,,
seed-1,gatsby,direct_quadratic,23,1.054038405418396,0.003847208572551608,0.1810542643070221,7.423542683682172e-06,,,,,1.0578930375336313,,
seed-1,gatsby,direct_quadratic,24,1.0538928508758545,0.003821942489594221,0.18084008991718292,7.54604889152688e-06,,,,,1.0577223394143402,,
seed-1,gatsby,direct_quadratic,25,1.0537480115890503,0.0037981742061674595,0.18064621090888977,7.673129402974155e-06,,,,,1.0575538589246207,,
seed-1,gatsby,direct_quadratic,26,1.0536046028137207,0.0037751207128167152,0.18046022951602936,7.804556844348554e-06,,,,,1.0573875280833818,,
seed-1,gatsby,direct_quadratic,27,1.0534625053405762,0.0037529945839196444,0.18028180301189423,7.940459909150377e-06,,,,,1.057223440384405,,
seed-1,gatsby,direct_quadratic,28,1.0533198118209839,0.003731920849531889,0.18010962009429932,8.081124178715982e-06,,,,,1.0570598137946945,,
seed-1,gatsby,direct_quadratic,29,1.0531764030456543,0.0037121998611837626,0.1799527108669281,8.226794307120144e-06,,,,,1.0568968297011452,,
seed-1,gatsby,direct_quadratic,30,1.0530321598052979,0.0036924812011420727,0.17979387938976288,8.376782716368325e-06,,,,,1.0567330177891563,,
seed-1,gatsby,pnp,1,1.0588306188583374,0.00496312603354454,0.1883385330438614,5.8980454014090355e-06,,,0.001577516202814877,0.01498878188431263,,,0.008512742817401886
seed-1,gatsby,pnp,2,1.0584161281585693,0.004904905799776316,0.18825601041316986,5.913461336604087e-06,,,0.00014824735990259796,0.013611196540296078,,,0.008512742817401886
seed-1,gatsby,pnp,3,1.0580439567565918,0.004849272780120373,0.18814918398857117,5.933862667006906e-06,,,8.64675166667439e-05,0.012506804428994656,,,0.008512742817401886
seed-1,gatsby,pnp,4,1.0577105283737183,0.004797434434294701,0.18802744150161743,5.959019745205296e-06,,,8.155601972248405e-05,0.01148421410471201,,,0.008512742817401886
seed-1,gatsby,pnp,5,1.0574073791503906,0.004749343264847994,0.18790267407894135,5.98912401983398e-06,,,7.80521149863489e-05,0.010583167895674706,,,0.008512742817401886
seed-1,gatsby,pnp,6,1.057129144668579,0.0047036767937242985,0.18775567412376404,6.024557023920352e-06,,,7.530349830631167e-05,0.009786665439605713,,,0.008512742817401886
seed-1,gatsby,pnp,7,1.0568716526031494,0.004660086706280708,0.18759441375732422,6.065618435968645e-06,,,7.264628220582381e-05,0.009099104441702366,,,0.008512742817401886
seed-1,gatsby,pnp,8,1.056631088256836,0.004618833307176828,0.1874297708272934,6.112173196015647e-06,,,6.988805398577824e-05,0.008553062565624714,,,0.008512742817401886
seed-1,gatsby,pnp,9,1.0564045906066895,0.004579710774123669,0.18725357949733734,6.164052138046827e-06,,,6.929202208993956e-05,0.008047723211348057,,,0.008512742817401886
seed-1,gatsby,pnp,10,1.0561894178390503,0.0045425184071063995,0.18707314133644104,6.221097464731429e-06,,,6.775424117222428e-05,0.007642252836376429,,,0.008512742817401886
seed-1,gatsby,pnp,11,1.0559842586517334,0.004507376346737146,0.1868779957294464,6.283490620262455e-06,,,6.668242713203654e-05,0.007353784050792456,,,0.008512742817401886
seed-1,gatsby,pnp,12,1.0557845830917358,0.004473487380892038,0.18667875230312347,6.3513716668239795e-06,,,6.714381015626714e-05,0.007127105724066496,,,0.008512742817401886
seed-1,gatsby,pnp,13,1.0555884838104248,0.004440539050847292,0.18648281693458557,6.424731054721633e-06,,,6.823529110988602e-05,0.006906548980623484,,,0.008512742817401886
seed-1,gatsby,pnp,14,1.0553994178771973,0.0044084819965064526,0.18627987802028656,6.50331458018627e-06,,,6.703352119075134e-05,0.006710269022732973,,,0.008512742817401886
seed-1,gatsby,pnp,15,1.055216908454895,0.004377834033221006,0.18608607351779938,6.587014922843082e-06,,,6.670149741694331e-05,0.006513275671750307,,,0.008512742817401886
seed-1,gatsby,pnp,16,1.055037021636963,0.004348883405327797,0.18589867651462555,6.675833901681472e-06,,,6.847547774668783e-05,0.0063797421753406525,,,0.008512742817401886
seed-1,gatsby,pnp,17,1.0548597574234009,0.004320625215768814,0.18570497632026672,6.769781066395808e-06,,,6.893712270539254e-05,0.006268101278692484,,,0.008512742817401886
seed-1,gatsby,pnp,18,1.0546855926513672,0.004294336307793856,0.18553276360034943,6.868803666293388e-06,,,6.884120375616476e-05,0.0062273466028273106,,,0.008512742817401886
seed-1,gatsby,pnp,19,1.0545146465301514,0.004269361030310392,0.18536515533924103,6.9726042966067325e-06,,,6.854916136944667e-05,0.006158192176371813,,,0.008512742817401886
seed-1,gatsby,pnp,20,1.0543466806411743,0.0042459070682525635,0.1852102428674698,7.080815521476325e-06,,,6.831619248259813e-05,0.006027403753250837,,,0.008512742817401886
seed-1,gatsby,pnp,21,1.0541799068450928,0.004223240539431572,0.1850772649049759,7.193467354227323e-06,,,6.80645607644692e-05,0.006019385065883398,,,0.008512742817401886
seed-1,gatsby,pnp,22,1.0540156364440918,0.00420212559401989,0.1849759817123413,7.310623459488852e-06,,,6.632729491684586e-05,0.0060042524710297585,,,0.008512742817401886
seed-1,gatsby,pnp,23,1.05385160446167,0.004182133823633194,0.18488799035549164,7.432525762851583e-06,,,6.568793469341472e-05,0.006008422002196312,,,0.008512742817401886
seed-1,gatsby,pnp,24,1.0536893606185913,0.004163248930126429,0.1848095804452896,7.559324785688659e-06,,,6.470624794019386e-05,0.005992108955979347,,,0.008512742817401886
seed-1,gatsby,pnp,25,1.0535295009613037,0.00414474681019783,0.1847292184829712,7.691038263146766e-06,,,6.388791371136904e-05,0.005959830712527037,,,0.008512742817401886
seed-1,gatsby,pnp,26,1.053369402885437,0.004127045627683401,0.18466147780418396,7.827967237972189e-06,,,6.437910633394495e-05,0.00589214451611042,,,0.008512742817401886
seed-1,gatsby,pnp,27,1.0532100200653076,0.0041109188459813595,0.18461279571056366,7.970534170453902e-06,,,6.299572851276025e-05,0.00580961350351572,,,0.008512742817401886
seed-1,gatsby,pnp,28,1.053049087524414,0.0040951259434223175,0.18455781042575836,8.118468031170778e-06,,,6.358046812238172e-05,0.0058043827302753925,,,0.008512742817401886
seed-1,gatsby,pnp,29,1.05288565158844,0.004080415237694979,0.18450209498405457,8.271485967270564e-06,,,6.559708708664402e-05,0.005888041108846664,,,0.008512742817401886
seed-1,gatsby,pnp,30,1.052720308303833,0.004067091271281242,0.18446145951747894,8.429618901573122e-06,,,6.897874845890328e-05,0.005950307007879019,,,0.008512742817401886
seed-2,achilles,admm_quadratic,1,1.053693413734436,0.0030636603478342295,0.13640786707401276,8.587837328377645e-06,6.389265649886511e-07,6,0.021655568853020668,0.025354435667395592,1.0567656619195986,,
seed-2,achilles,admm_quadratic,2,1.0534847974777222,0.0029814348090440035,0.1362532377243042,8.592749509261921e-06,7.597018907290476e-07,6,0.004685689229518175,0.016873933374881744,1.0564748250362754,,
seed-2,achilles,admm_quadratic,3,1.0532820224761963,0.00290296389721334,0.13617900013923645,8.604514732724056e-06,7.871926186453493e-07,6,0.0014833357417955995,0.009201427921652794,1.0561935908881424,,
seed-2,achilles,admm_quadratic,4,1.0530861616134644,0.002838759683072567,0.13620848953723907,8.620172593509778e-06,7.880000225668482e-07,6,0.001210146932862699,0.008793530985713005,1.0559335414691304,,
seed-2,achilles,admm_quadratic,5,1.0528994798660278,0.00278003653511405,0.13624250888824463,8.63922559801722e-06,7.781947033436154e-07,6,0.0012863902375102043,0.008570355363190174,1.05568815562674,,
seed-2,achilles,admm_quadratic,6,1.0527236461639404,0.0027249197009950876,0.13625945150852203,8.661180800118018e-06,7.65603658692271e-07,6,0.0013145783450454473,0.0082949073985219,1.0554572270457356,,
seed-2,achilles,admm_quadratic,7,1.0525535345077515,0.002673381008207798,0.13628855347633362,8.686244655109476e-06,7.512925321861985e-07,6,0.0013024641666561365,0.00817878358066082,1.0552356017606144,,
seed-2,achilles,admm_quadratic,8,1.0523912906646729,0.0026263128966093063,0.13634119927883148,8.715040166862309e-06,7.384743980765052e-07,6,0.0012678834609687328,0.008023276925086975,1.055026318601449,,
seed-2,achilles,admm_quadratic,9,1.0522370338439941,0.0025832357350736856,0.13640928268432617,8.747676474740729e-06,7.271792128449306e-07,6,0.0012065734481438994,0.007792530115693808,1.0548290172555426,,
seed-2,achilles,admm_quadratic,10,1.0520886182785034,0.002543800976127386,0.1364908069372177,8.7840844571474e-06,7.160799668781692e-07,6,0.0011570699280127883,0.007657742593437433,1.054641203339088,,
seed-2,achilles,admm_quadratic,11,1.0519487857818604,0.00250800047069788,0.1365751028060913,8.824388714856468e-06,7.064825808811293e-07,6,0.0010955880861729383,0.0074263582937419415,1.054465610641273,,
seed-2,achilles,admm_quadratic,12,1.0518126487731934,0.002474841894581914,0.1366594135761261,8.868595614330843e-06,6.971229140617652e-07,6,0.0010344713227823377,0.007189708296209574,1.0542963592633896,,
seed-2,achilles,admm_quadratic,13,1.0516793727874756,0.002443555975332856,0.1367405354976654,8.916511433199048e-06,6.89115438490262e-07,6,0.001001640222966671,0.007069142069667578,1.0541318452742416,,
seed-2,achilles,admm_quadratic,14,1.0515499114990234,0.0024140605237334967,0.1368170827627182,8.967728717834689e-06,6.818371502959053e-07,6,0.0009746405412442982,0.0069132521748542786,1.0539729397514748,,
seed-2,achilles,admm_quadratic,15,1.0514259338378906,0.0023855564650148153,0.13687969744205475,9.02179363038158e-06,6.75917362968903e-07,6,0.0009415360982529819,0.0067024012096226215,1.0538205120965358,,
seed-2,achilles,admm_quadratic,16,1.0513043403625488,0.0023586296010762453,0.1369427740573883,9.078589755517896e-06,6.704676707158796e-07,6,0.0009051385568454862,0.006543237250298262,1.0536720485533806,,
seed-2,achilles,admm_quadratic,17,1.0511832237243652,0.0023336505983024836,0.13702353835105896,9.138278983300552e-06,6.673069492535433e-07,6,0.0008708533132448792,0.00654040789231658,1.053526012601651,,
seed-2,achilles,admm_quadratic,18,1.0510627031326294,0.002309113275259733,0.13709545135498047,9.20048296393361e-06,6.628665119023935e-07,6,0.0008500894182361662,0.006508436985313892,1.053381016890853,,
seed-2,achilles,admm_quadratic,19,1.0509439706802368,0.002285728929564357,0.13716928660869598,9.26511984289391e-06,6.591371288777736e-07,6,0.0008342847577296197,0.00649987580254674,1.053238964729644,,
seed-2,achilles,admm_quadratic,20,1.050829291343689,0.00226368079893291,0.13723227381706238,9.332642548542935e-06,6.551202886839746e-07,6,0.000802589813247323,0.006355373188853264,1.0531023047851704,,
seed-2,achilles,admm_quadratic,21,1.0507171154022217,0.0022431195247918367,0.13729310035705566,9.402952855452895e-06,6.548464739353221e-07,6,0.0007518710917793214,0.0062665087170898914,1.052969637879869,,
seed-2,achilles,admm_quadratic,22,1.0506060123443604,0.0022239775862544775,0.1373525857925415,9.476050763623789e-06,6.557740448442928e-07,6,0.0007200959953479469,0.006258843932300806,1.0528394659813785,,
seed-2,achilles,admm_quadratic,23,1.0504953861236572,0.00220592156983912,0.13741077482700348,9.551959919917863e-06,6.571941071342735e-07,6,0.0006957672303542495,0.006165770348161459,1.0527108596534163,,
seed-2,achilles,admm_quadratic,24,1.0503867864608765,0.0021881049033254385,0.13745202124118805,9.631057764636353e-06,6.593760417672456e-07,6,0.0006910829688422382,0.00605821656063199,1.0525845224219665,,
seed-2,achilles,admm_quadratic,25,1.0502798557281494,0.0021717329509556293,0.1374925971031189,9.713097824715078e-06,6.608932494600595e-07,6,0.0006780615076422691,0.005970424972474575,1.0524613017769298,,
seed-2,achilles,admm_quadratic,26,1.0501742362976074,0.0021563246846199036,0.1375347524881363,9.797924576560035e-06,6.622456112381769e-07,6,0.0006627117400057614,0.00587298022583127,1.0523403589068039,,
seed-2,achilles,admm_quadratic,27,1.0500707626342773,0.0021418211981654167,0.13758230209350586,9.885261533781886e-06,6.613157665924518e-07,6,0.0006475832778960466,0.005741119384765625,1.0522224690939765,,
seed-2,achilles,admm_quadratic,28,1.0499675273895264,0.0021284748800098896,0.13763612508773804,9.975830835173838e-06,6.598282880077022e-07,6,0.0006402298458851874,0.005675808060914278,1.0521059781003714,,
seed-2,achilles,admm_quadratic,29,1.0498627424240112,0.002115702722221613,0.13768690824508667,1.0069325071526691e-05,6.551396154463873e-07,6,0.0006467055063694715,0.0057495818473398685,1.0519885144713044,,
seed-2,achilles,admm_quadratic,30,1.0497575998306274,0.002103919629007578,0.1377502977848053,1.0166282663703896e-05,6.535655643347127e-07,6,0.0006346970330923796,0.005756826139986515,1.0518716857422987,,
seed-2,achilles,admm_tv,1,1.053693413734436,0.0030636603478342295,0.13640786707401276,8.587837328377645e-06,,,0.04120362177491188,0.04214491322636604,1.0673427882791657,6.017752821207978e-05,
seed-2,achilles,admm_tv,2,1.053525447845459,0.002988069783896208,0.13572430610656738,8.589069693698548e-06,,,0.015657471492886543,0.03302934393286705,1.0671064675258095,1.7671445675659925e-05,
seed-2,achilles,admm_tv,3,1.05336594581604,0.0029244550969451666,0.13503532111644745,8.595633516961243e-06,,,0.00977267511188984,0.012033145874738693,1.0668780735612018,9.290480193158146e-06,
seed-2,achilles,admm_tv,4,1.053205966949463,0.0028733559884130955,0.13453441858291626,8.606311894254759e-06,,,0.006914363708347082,0.009029053151607513,1.0666680151196488,5.3075377763889264e-06,
seed-2,achilles,admm_tv,5,1.0530496835708618,0.002826374489814043,0.13409458100795746,8.620988410257269e-06,,,0.005285709165036678,0.008072379976511002,1.0664677626600678,3.428992840781575e-06,
seed-2,achilles,admm_tv,6,1.0528957843780518,0.0027819673996418715,0.13368099927902222,8.63960030983435e-06,,,0.004215058404952288,0.00779504980891943,1.0662725239062638,2.478275291650789e-06,
seed-2,achilles,admm_tv,7,1.0527489185333252,0.0027405673172324896,0.1332768350839615,8.662250365887303e-06,,,0.0034956096205860376,0.007526057306677103,1.0660852642920873,1.8556543182057794e-06,
seed-2,achilles,admm_tv,8,1.052605390548706,0.0026997150853276253,0.13286952674388885,8.688783054822125e-06,,,0.003024660050868988,0.0074197519570589066,1.0659010320061497,1.5168753861871664e-06,
seed-2,achilles,admm_tv,9,1.0524654388427734,0.002662243787199259,0.13248571753501892,8.719328434381168e-06,,,0.0026917015202343464,0.0074321008287370205,1.0657227299247096,1.2543979437396047e-06,
seed-2,achilles,admm_tv,10,1.0523343086242676,0.002627971116453409,0.13211505115032196,8.754134796618018e-06,,,0.00243193912319839,0.007203169632703066,1.0655545678740963,1.0377013950346736e-06,
seed-2,achilles,admm_tv,11,1.0522105693817139,0.0025968195404857397,0.13177049160003662,8.793336746748537e-06,,,0.0022427772637456656,0.006904104258865118,1.0653964118784642,8.912024327401014e-07,
seed-2,achilles,admm_tv,12,1.052093505859375,0.0025689515750855207,0.13144102692604065,8.836746928864159e-06,,,0.0021122549660503864,0.006582362111657858,1.0652464452989079,8.057446621023701e-07,
seed-2,achilles,admm_tv,13,1.051978588104248,0.0025429241359233856,0.13111571967601776,8.88445083546685e-06,,,0.0020204237662255764,0.006401032209396362,1.0650990445226853,7.21812909887376e-07,
seed-2,achilles,admm_tv,14,1.0518665313720703,0.0025173332542181015,0.13079051673412323,8.936464837461244e-06,,,0.0019445481011644006,0.0063076685182750225,1.06495451951032,6.577195676982228e-07,
seed-2,achilles,admm_tv,15,1.0517555475234985,0.002493335632607341,0.13046935200691223,8.99254791875137e-06,,,0.0019050195114687085,0.0062185004353523254,1.0648114752721085,6.058344865778054e-07,
seed-2,achilles,admm_tv,16,1.051645278930664,0.002470060484483838,0.1301640123128891,9.052115274243988e-06,,,0.0019127484411001205,0.0061995238065719604,1.0646707322772273,5.875221518181206e-07,
seed-2,achilles,admm_tv,17,1.051539659500122,0.002448074286803603,0.12986987829208374,9.114826752920635e-06,,,0.0019435303984209895,0.006093787495046854,1.0645357621560834,5.798920028610155e-07,
seed-2,achilles,admm_tv,18,1.0514373779296875,0.0024275663308799267,0.1295924335718155,9.18028672458604e-06,,,0.0019382631871849298,0.005878497380763292,1.0644058015735935,5.722617970604915e-07,
seed-2,achilles,admm_tv,19,1.0513346195220947,0.0024087054189294577,0.12933658063411713,9.248815331375226e-06,,,0.001943727140314877,0.005788568872958422,1.0642775264008377,5.707357786377543e-07,
seed-2,achilles,admm_tv,20,1.05122971534729,0.002391065936535597,0.1290874183177948,9.32080547499936e-06,,,0.0019898144528269768,0.005875973496586084,1.0641477779845445,5.463193133437017e-07,
seed-2,achilles,admm_tv,21,1.0511239767074585,0.002373312832787633,0.1288207322359085,9.396058885613456e-06,,,0.002043782966211438,0.005960897076874971,1.064015445989935,5.249548280517047e-07,
seed-2,achilles,admm_tv,22,1.0510185956954956,0.0023551522754132748,0.12853805720806122,9.474077160120942e-06,,,0.002104199258610606,0.0059729027561843395,1.0638818754934618,5.127465669829689e-07,
seed-2,achilles,admm_tv,23,1.0509169101715088,0.002337890211492777,0.12827010452747345,9.554476491757669e-06,,,0.0021940504666417837,0.006008110474795103,1.0637534751007478,4.944342322232842e-07,
seed-2,achilles,admm_tv,24,1.0508159399032593,0.0023222186136990786,0.12801805138587952,9.637151379138231e-06,,,0.0023083609994500875,0.0058937943540513515,1.0636273821932263,4.898561201116536e-07,
seed-2,achilles,admm_tv,25,1.0507147312164307,0.0023081933613866568,0.1277720332145691,9.722275535750668e-06,,,0.0025251538027077913,0.005971289239823818,1.0635016568134232,5.096945301374944e-07,
seed-2,achilles,admm_tv,26,1.0506130456924438,0.0022940051276236773,0.12751729786396027,9.809647963265888e-06,,,0.00272370595484972,0.006019057240337133,1.063374585126803,5.020643811803893e-07,
seed-2,achilles,admm_tv,27,1.0505106449127197,0.002280102577060461,0.12726594507694244,9.898783901007846e-06,,,0.0027348001021891832,0.0060512600466609,1.063247138204315,5.188506975173368e-07,
seed-2,achilles,admm_tv,28,1.050407886505127,0.0022655371576547623,0.1270255297422409,9.98911309579853e-06,,,0.0024061312433332205,0.006096164230257273,1.063120428592447,5.234288096289674e-07,
seed-2,achilles,admm_tv,29,1.0503040552139282,0.0022517202887684107,0.1267889142036438,1.0081274922413286e-05,,,0.002430984750390053,0.006141113117337227,1.062993027909215,5.386891075431777e-07,
seed-2,achilles,admm_tv,30,1.0502009391784668,0.002238606568425894,0.12656426429748535,1.0175283932767343e-05,,,0.0025731476489454508,0.006085009779781103,1.0628675408921482,5.646316481033864e-07,
seed-2,achilles,control,1,1.0536738634109497,0.0030761496163904667,0.13659007847309113,8.589689059590455e-06,,,,,,,
seed-2,achilles,control,2,1.0534288883209229,0.003037861082702875,0.13693158328533173,8.595214239903726e-06,,,,,,,
seed-2,achilles,control,3,1.0532022714614868,0.00299722864292562,0.1372302770614624,8.607101335655898e-06,,,,,,,
seed-2,achilles,control,4,1.0529870986938477,0.002956098411232233,0.13750292360782623,8.624117072031368e-06,,,,,,,
seed-2,achilles,control,5,1.0527830123901367,0.0029166312888264656,0.13775670528411865,8.645261914352886e-06,,,,,,,
seed-2,achilles,control,6,1.0525873899459839,0.002878718776628375,0.13799573481082916,8.670196621096693e-06,,,,,,,
seed-2,achilles,control,7,1.0524017810821533,0.0028431175742298365,0.13820502161979675,8.698240890225861e-06,,,,,,,
seed-2,achilles,control,8,1.052228331565857,0.0028107669204473495,0.1383862942457199,8.728762622922659e-06,,,,,,,
seed-2,achilles,control,9,1.052063226699829,0.002780092880129814,0.1385522335767746,8.762232027947903e-06,,,,,,,
seed-2,achilles,control,10,1.0519015789031982,0.002750458661466837,0.13870154321193695,8.799677743809298e-06,,,,,,,
seed-2,achilles,control,11,1.0517473220825195,0.0027212854474782944,0.13883113861083984,8.840864211379085e-06,,,,,,,
seed-2,achilles,control,12,1.0515947341918945,0.002693456131964922,0.13895359635353088,8.885434908734169e-06,,,,,,,
seed-2,achilles,control,13,1.0514423847198486,0.0026662559248507023,0.13907021284103394,8.933125172916334e-06,,,,,,,
seed-2,achilles,control,14,1.0512951612472534,0.0026384254451841116,0.13916917145252228,8.984058695205022e-06,,,,,,,
seed-2,achilles,control,15,1.051154375076294,0.002611367730423808,0.1392611861228943,9.038149983098265e-06,,,,,,,
seed-2,achilles,control,16,1.0510187149047852,0.0025854113046079874,0.13936388492584229,9.095279892790131e-06,,,,,,,
seed-2,achilles,control,17,1.0508849620819092,0.0025604013353586197,0.13947513699531555,9.1556430561468e-06,,,,,,,
seed-2,achilles,control,18,1.0507526397705078,0.0025357860140502453,0.13958075642585754,9.219042112817988e-06,,,,,,,
seed-2,achilles,control,19,1.0506205558776855,0.0025125518441200256,0.13968417048454285,9.28608096728567e-06,,,,,,,
seed-2,achilles,control,20,1.0504889488220215,0.00249347067438066,0.13979864120483398,9.356234841106925e-06,,,,,,,
seed-2,achilles,control,21,1.0503597259521484,0.0024800219107419252,0.13996125757694244,9.429587407794315e-06,,,,,,,
seed-2,achilles,control,22,1.0502368211746216,0.0024690474383533,0.14013439416885376,9.506831702310592e-06,,,,,,,
seed-2,achilles,control,23,1.0501176118850708,0.0024599600583314896,0.1403053253889084,9.587506610841956e-06,,,,,,,
seed-2,achilles,control,24,1.0500004291534424,0.002452442655339837,0.14046554267406464,9.671823136159219e-06,,,,,,,
seed-2,achilles,control,25,1.0498847961425781,0.00244664354249835,0.14065144956111908,9.759824934008066e-06,,,,,,,
seed-2,achilles,control,26,1.0497701168060303,0.002440906595438719,0.14084452390670776,9.851800314208958e-06,,,,,,,
seed-2,achilles,control,27,1.049656867980957,0.002433992922306061,0.1410209685564041,9.94746915239375e-06,,,,,,,
seed-2,achilles,control,28,1.049545407295227,0.0024263253435492516,0.1411803960800171,1.0047062460216694e-05,,,,,,,
seed-2,achilles,control,29,1.0494376420974731,0.002417399547994137,0.1413348913192749,1.0150530215469189e-05,,,,,,,
seed-2,achilles,control,30,1.0493322610855103,0.002410968765616417,0.14152765274047852,1.0256901987304445e-05,,,,,,,
seed-2,achilles,direct_quadratic,1,1.0536940097808838,0.003027286846190691,0.13618560135364532,8.596485713496804e-06,,,,,1.056729893112788,,
seed-2,achilles,direct_quadratic,2,1.0534640550613403,0.0029558411333709955,0.13624531030654907,8.605981747678015e-06,,,,,1.056428502176459,,
seed-2,achilles,direct_quadratic,3,1.0532463788986206,0.002888670889660716,0.1363440454006195,8.620179869467393e-06,,,,,1.0561436699681508,,
seed-2,achilles,direct_quadratic,4,1.0530385971069336,0.0028258368838578463,0.1364445984363556,8.63804052642081e-06,,,,,1.0558730720313179,,
seed-2,achilles,direct_quadratic,5,1.0528407096862793,0.0027681493666023016,0.1365303099155426,8.658566912345123e-06,,,,,1.055617517619794,,
seed-2,achilles,direct_quadratic,6,1.0526511669158936,0.0027142760809510946,0.1366139054298401,8.682000043336302e-06,,,,,1.055374124996888,,
seed-2,achilles,direct_quadratic,7,1.0524718761444092,0.0026648358907550573,0.13670547306537628,8.708983841643203e-06,,,,,1.0551454210190059,,
seed-2,achilles,direct_quadratic,8,1.0523024797439575,0.002620839048177004,0.13680754601955414,8.738866199564654e-06,,,,,1.054932057658334,,
seed-2,achilles,direct_quadratic,9,1.0521427392959595,0.00258092419244349,0.1369018405675888,8.771631655690726e-06,,,,,1.0547324351200587,,
seed-2,achilles,direct_quadratic,10,1.0519912242889404,0.0025442177429795265,0.1369892805814743,8.808327038423158e-06,,,,,1.0545442503589584,,
seed-2,achilles,direct_quadratic,11,1.051846981048584,0.0025092260912060738,0.137065589427948,8.848559446050785e-06,,,,,1.054365055699236,,
seed-2,achilles,direct_quadratic,12,1.0517055988311768,0.002476544352248311,0.13714699447155,8.892173354979604e-06,,,,,1.05419103535678,,
seed-2,achilles,direct_quadratic,13,1.0515661239624023,0.0024461171124130487,0.13724204897880554,8.939241524785757e-06,,,,,1.0540211803163402,,
seed-2,achilles,direct_quadratic,14,1.0514299869537354,0.002417262876406312,0.13733088970184326,8.989560228656046e-06,,,,,1.0538562393903703,,
seed-2,achilles,direct_quadratic,15,1.0512967109680176,0.002389954635873437,0.13741229474544525,9.042998499353416e-06,,,,,1.0536957086023904,,
seed-2,achilles,direct_quadratic,16,1.0511687994003296,0.002362823346629739,0.13747495412826538,9.09896243683761e-06,,,,,1.0535407217093962,,
seed-2,achilles,direct_quadratic,17,1.0510395765304565,0.0023372045252472162,0.1375378519296646,9.157340173260309e-06,,,,,1.053385938395877,,
seed-2,achilles,direct_quadratic,18,1.0509142875671387,0.0023119670804589987,0.13758166134357452,9.218444574798923e-06,,,,,1.0532354730921725,,
seed-2,achilles,direct_quadratic,19,1.0507912635803223,0.0022882891353219748,0.13762597739696503,9.282333849114366e-06,,,,,1.0530888350494934,,
seed-2,achilles,direct_quadratic,20,1.0506700277328491,0.002266225405037403,0.13766172528266907,9.349815627501812e-06,,,,,1.052945602953514,,
seed-2,achilles,direct_quadratic,21,1.0505508184432983,0.002245340496301651,0.1376928985118866,9.420414244232234e-06,,,,,1.0528055793538442,,
seed-2,achilles,direct_quadratic,22,1.0504347085952759,0.002226106822490692,0.13773183524608612,9.493798643234186e-06,,,,,1.0526703092164098,,
seed-2,achilles,direct_quadratic,23,1.0503215789794922,0.00220789248123765,0.1377623826265335,9.57025167735992e-06,,,,,1.0525390417124072,,
seed-2,achilles,direct_quadratic,24,1.0502111911773682,0.0021901456639170647,0.13777358829975128,9.649778803577647e-06,,,,,1.0524109866200888,,
seed-2,achilles,direct_quadratic,25,1.0501024723052979,0.0021734703332185745,0.13777486979961395,9.731621503306087e-06,,,,,1.0522856742600197,,
seed-2,achilles,direct_quadratic,26,1.0499958992004395,0.0021580627653747797,0.13777118921279907,9.816123565542512e-06,,,,,1.0521637780893798,,
seed-2,achilles,direct_quadratic,27,1.0498912334442139,0.002143729478120804,0.13777486979961395,9.903495993057732e-06,,,,,1.0520448664183277,,
seed-2,achilles,direct_quadratic,28,1.049788475036621,0.00213075103238225,0.13778553903102875,9.994033462135121e-06,,,,,1.0519292201024655,,
seed-2,achilles,direct_quadratic,29,1.0496852397918701,0.0021188363898545504,0.1378101110458374,1.0087203918374144e-05,,,,,1.051814163385643,,
seed-2,achilles,direct_quadratic,30,1.0495812892913818,0.002108535962179303,0.13785359263420105,1.0183091035287362e-05,,,,,1.0517000083445964,,
seed-2,achilles,pnp,1,1.053693413734436,0.0030636603478342295,0.13640786707401276,8.587837328377645e-06,,,0.000856150349136442,0.010840238071978092,,,0.002728360937908292
seed-2,achilles,pnp,2,1.0534687042236328,0.0030211899429559708,0.13658912479877472,8.589593562646769e-06,,,9.209691779688001e-05,0.0097141582518816,,,0.002728360937908292
seed-2,achilles,pnp,3,1.0532565116882324,0.0029783183708786964,0.13676995038986206,8.597587111580651e-06,,,6.799823313485831e-05,0.009484414011240005,,,0.002728360937908292
seed-2,achilles,pnp,4,1.0530564785003662,0.0029356011655181646,0.136940136551857,8.61108310346026e-06,,,6.711362220812589e-05,0.009049434214830399,,,0.002728360937908292
seed-2,achilles,pnp,5,1.0528628826141357,0.0028939940966665745,0.1371001899242401,8.629239346191753e-06,,,6.732153269695118e-05,0.008893738500773907,,,0.002728360937908292
seed-2,achilles,pnp,6,1.0526793003082275,0.002854224992915988,0.1372602880001068,8.650946256238967e-06,,,6.456315168179572e-05,0.008658778853714466,,,0.002728360937908292
seed-2,achilles,pnp,7,1.0525050163269043,0.0028163965325802565,0.13740824162960052,8.676502147864085e-06,,,6.12475341768004e-05,0.008356506004929543,,,0.002728360937908292
seed-2,achilles,pnp,8,1.0523364543914795,0.002779995556920767,0.13754449784755707,8.705695108801592e-06,,,6.003080488881096e-05,0.008250837214291096,,,0.002728360937908292
seed-2,achilles,pnp,9,1.0521758794784546,0.0027465643361210823,0.13768377900123596,8.738988981349394e-06,,,5.813766983919777e-05,0.008035446517169476,,,0.002728360937908292
seed-2,achilles,pnp,10,1.052020788192749,0.0027155198622494936,0.13782615959644318,8.776561116974335e-06,,,5.618367868009955e-05,0.007840351201593876,,,0.002728360937908292
seed-2,achilles,pnp,11,1.051869511604309,0.002686728723347187,0.13796420395374298,8.81819232745329e-06,,,5.55231781618204e-05,0.007712941151112318,,,0.002728360937908292
seed-2,achilles,pnp,12,1.0517237186431885,0.002659938530996442,0.13810047507286072,8.864257324603386e-06,,,5.5564749345649034e-05,0.00747087923809886,,,0.002728360937908292
seed-2,achilles,pnp,13,1.0515835285186768,0.0026345145888626575,0.13823248445987701,8.914806130633224e-06,,,5.50883196410723e-05,0.007231447845697403,,,0.002728360937908292
seed-2,achilles,pnp,14,1.0514492988586426,0.0026109106838703156,0.13837426900863647,8.969126611191314e-06,,,5.320737182046287e-05,0.007006471045315266,,,0.002728360937908292
seed-2,achilles,pnp,15,1.0513195991516113,0.0025883540511131287,0.1385071873664856,9.025889994518366e-06,,,5.174556281417608e-05,0.006822958588600159,,,0.002728360937908292
seed-2,achilles,pnp,16,1.0511919260025024,0.002567291259765625,0.13864175975322723,9.085637429961935e-06,,,5.0918639317387715e-05,0.006802885327488184,,,0.002728360937908292
seed-2,achilles,pnp,17,1.051063895225525,0.002546063857153058,0.138768270611763,9.148926437774207e-06,,,4.8006568249547854e-05,0.006776605732738972,,,0.002728360937908292
seed-2,achilles,pnp,18,1.0509366989135742,0.002525234827771783,0.1388949155807495,9.215746104018763e-06,,,4.67422760266345e-05,0.006665221881121397,,,0.002728360937908292
seed-2,achilles,pnp,19,1.0508122444152832,0.0025059711188077927,0.13903014361858368,9.285942724091001e-06,,,4.678971163230017e-05,0.006527843419462442,,,0.002728360937908292
seed-2,achilles,pnp,20,1.0506922006607056,0.0024881355930119753,0.13915953040122986,9.359023351862561e-06,,,4.535787593340501e-05,0.006332683376967907,,,0.002728360937908292
seed-2,achilles,pnp,21,1.0505726337432861,0.002471668878570199,0.13929295539855957,9.435019819648005e-06,,,4.414422801346518e-05,0.006309074349701405,,,0.002728360937908292
seed-2,achilles,pnp,22,1.05045485496521,0.0024566298816353083,0.1394382119178772,9.514566045254469e-06,,,4.427914973348379e-05,0.006350947078317404,,,0.002728360937908292
seed-2,achilles,pnp,23,1.0503385066986084,0.0024422449059784412,0.13958749175071716,9.597829375707079e-06,,,4.49965700681787e-05,0.006301862187683582,,,0.002728360937908292
seed-2,achilles,pnp,24,1.050223469734192,0.002429079730063677,0.13972951471805573,9.684367796580773e-06,,,4.492930747801438e-05,0.0062562539242208,,,0.002728360937908292
seed-2,achilles,pnp,25,1.0501091480255127,0.0024168104864656925,0.1398618370294571,9.774387763172854e-06,,,4.3495943828020245e-05,0.006175660528242588,,,0.002728360937908292
seed-2,achilles,pnp,26,1.0499916076660156,0.002405411098152399,0.13998721539974213,9.867644621408544e-06,,,4.2331004806328565e-05,0.00626761419698596,,,0.002728360937908292
seed-2,achilles,pnp,27,1.0498720407485962,0.002394390292465687,0.14009393751621246,9.963769116438925e-06,,,4.221067138132639e-05,0.006520906928926706,,,0.002728360937908292
seed-2,achilles,pnp,28,1.049755573272705,0.0023852502927184105,0.14022725820541382,1.0064002708531916e-05,,,4.1917068301700056e-05,0.006423644721508026,,,0.002728360937908292
seed-2,achilles,pnp,29,1.0496368408203125,0.0023785745725035667,0.14040549099445343,1.016845453705173e-05,,,4.5800126827089116e-05,0.006526914890855551,,,0.002728360937908292
seed-2,achilles,pnp,30,1.0495173931121826,0.002373176161199808,0.14059004187583923,1.0277051842422225e-05,,,4.5997807319508865e-05,0.006506914272904396,,,0.002728360937908292
seed-2,buddy,admm_quadratic,1,1.0568722486495972,0.004471899941563606,0.18730169534683228,8.049208190641366e-06,7.756548257020768e-07,6,0.02571454830467701,0.030550669878721237,1.0613521977993514,,
seed-2,buddy,admm_quadratic,2,1.0565192699432373,0.004359814338386059,0.1866493821144104,8.053897545323707e-06,9.343775673187338e-07,6,0.0050851753912866116,0.0202108696103096,1.0608871381791687,,
seed-2,buddy,admm_quadratic,3,1.0561892986297607,0.004259069915860891,0.1860811561346054,8.065303518378641e-06,9.773606279850355e-07,6,0.0014851787127554417,0.009720786474645138,1.06045643384914,,
seed-2,buddy,admm_quadratic,4,1.0558698177337646,0.0041792020201683044,0.18571430444717407,8.083360626187641e-06,9.857226359599736e-07,6,0.001154935103841126,0.008864794857800007,1.0600571031145591,,
seed-2,buddy,admm_quadratic,5,1.0555585622787476,0.004107162356376648,0.1854022890329361,8.106670975394081e-06,9.826933364820434e-07,6,0.0012058408465236425,0.008699748665094376,1.0596738313060996,,
seed-2,buddy,admm_quadratic,6,1.0552560091018677,0.004040632396936417,0.1851191520690918,8.135724783642218e-06,9.749848004503292e-07,6,0.0012071877717971802,0.008507673628628254,1.0593047772235877,,
seed-2,buddy,admm_quadratic,7,1.0549613237380981,0.003978741355240345,0.18486186861991882,8.170635737769771e-06,9.682562449597754e-07,6,0.001179099315777421,0.008327732793986797,1.0589482357290763,,
seed-2,buddy,admm_quadratic,8,1.0546764135360718,0.0039215474389493465,0.18464301526546478,8.210324267565738e-06,9.6133965143963e-07,6,0.0011396571062505245,0.008128832094371319,1.0586061712992887,,
seed-2,buddy,admm_quadratic,9,1.0544023513793945,0.003868936328217387,0.18445390462875366,8.254636668425519e-06,9.559602176523185e-07,6,0.001099047134630382,0.007967192679643631,1.0582795423442803,,
seed-2,buddy,admm_quadratic,10,1.0541387796401978,0.003821595339104533,0.18429246544837952,8.303642061946448e-06,9.513476015854394e-07,6,0.0010419773170724511,0.00775109650567174,1.0579686786213642,,
seed-2,buddy,admm_quadratic,11,1.0538816452026367,0.0037779847625643015,0.1841513067483902,8.357135811820626e-06,9.475390356783464e-07,6,0.0010051931021735072,0.007614422589540482,1.0576679871010128,,
seed-2,buddy,admm_quadratic,12,1.0536308288574219,0.003736768616363406,0.18400996923446655,8.415424417762551e-06,9.426609608453873e-07,6,0.0009800950065255165,0.007522402796894312,1.057376012898203,,
seed-2,buddy,admm_quadratic,13,1.0533859729766846,0.0036983953323215246,0.18387259542942047,8.478667950839736e-06,9.411927521796315e-07,6,0.0009458769927732646,0.007386369165033102,1.057092846976957,,
seed-2,buddy,admm_quadratic,14,1.0531489849090576,0.0036624460481107235,0.18373781442642212,8.546991011826321e-06,9.362998980577686e-07,6,0.0009108873782679439,0.007266662083566189,1.0568199779481802,,
seed-2,buddy,admm_quadratic,15,1.0529152154922485,0.003628738224506378,0.1836146116256714,8.619791515229736e-06,9.352821166430658e-07,6,0.0008885356946848333,0.007270946633070707,1.0565525735082701,,
seed-2,buddy,admm_quadratic,16,1.0526875257492065,0.0035973447374999523,0.18350157141685486,8.697017619851977e-06,9.319915079686325e-07,6,0.000861747597809881,0.007173952646553516,1.0562935675043263,,
seed-2,buddy,admm_quadratic,17,1.0524684190750122,0.003568438347429037,0.18339909613132477,8.77844649949111e-06,9.311684721069469e-07,6,0.0008267374942079186,0.006998838856816292,1.0560456358689407,,
seed-2,buddy,admm_quadratic,18,1.0522558689117432,0.003541340585798025,0.18330462276935577,8.863567927619442e-06,9.306626225225045e-07,6,0.0008010374731384218,0.00689547648653388,1.0558060730654688,,
seed-2,buddy,admm_quadratic,19,1.0520482063293457,0.003515768563374877,0.1832110583782196,8.95287848834414e-06,9.300523515776149e-07,6,0.0007798161823302507,0.006840335205197334,1.055572927771209,,
seed-2,buddy,admm_quadratic,20,1.0518447160720825,0.003492517163977027,0.18313011527061462,9.046657396538649e-06,9.320009439761634e-07,6,0.0007574034389108419,0.006824614014476538,1.055346279893456,,
seed-2,buddy,admm_quadratic,21,1.051641821861267,0.0034711258485913277,0.18306410312652588,9.144453542830888e-06,9.324381267106219e-07,6,0.0007443423965014517,0.006855582352727652,1.0551220921634012,,
seed-2,buddy,admm_quadratic,22,1.0514445304870605,0.003450827905908227,0.18300531804561615,9.24634423427051e-06,9.332454169452831e-07,6,0.0007282577571459115,0.006778628099709749,1.054904604737203,,
seed-2,buddy,admm_quadratic,23,1.0512497425079346,0.0034312272910028696,0.18294300138950348,9.35226671572309e-06,9.346638307761168e-07,6,0.0007060247589834034,0.006700953934341669,1.0546903220656532,,
seed-2,buddy,admm_quadratic,24,1.0510560274124146,0.0034122031647711992,0.18287770450115204,9.462368325330317e-06,9.372323006573424e-07,6,0.000695138587616384,0.006680114660412073,1.054477692945511,,
seed-2,buddy,admm_quadratic,25,1.050864815711975,0.0033938507549464703,0.18280930817127228,9.576383490639273e-06,9.392032325195032e-07,6,0.0006867572083137929,0.006664795335382223,1.0542682428504122,,
seed-2,buddy,admm_quadratic,26,1.0506775379180908,0.003376004984602332,0.18273523449897766,9.693857464299072e-06,9.408354344486725e-07,6,0.0006787200109101832,0.006567420903593302,1.0540632367601575,,
seed-2,buddy,admm_quadratic,27,1.0504953861236572,0.0033584986813366413,0.18265533447265625,9.814592885959428e-06,9.42486281019228e-07,6,0.0006641144282184541,0.006470176856964827,1.0538636993978798,,
seed-2,buddy,admm_quadratic,28,1.0503159761428833,0.0033417826052755117,0.18258099257946014,9.938201401382685e-06,9.443651265428343e-07,6,0.0006478072027675807,0.006424021441489458,1.0536676969495602,,
seed-2,buddy,admm_quadratic,29,1.0501391887664795,0.003325951285660267,0.18250763416290283,1.006452293950133e-05,9.476095783611527e-07,6,0.0006320824031718075,0.006382289808243513,1.0534752045750793,,
seed-2,buddy,admm_quadratic,30,1.0499651432037354,0.003311116248369217,0.1824401319026947,1.0193961315962952e-05,9.498793360762647e-07,6,0.0006208323175087571,0.006353202275931835,1.0532864534134205,,
seed-2,buddy,admm_tv,1,1.0568722486495972,0.004471899941563606,0.18730169534683228,8.049208190641366e-06,,,0.04956093430519104,0.05147341638803482,1.0756104673924711,2.2275604351307265e-05,
seed-2,buddy,admm_tv,2,1.0565599203109741,0.004359439015388489,0.18620485067367554,8.056331353145652e-06,,,0.014409017749130726,0.042066801339387894,1.0751884617096947,5.954083462711424e-06,
seed-2,buddy,admm_tv,3,1.0562758445739746,0.004259926732629538,0.18515808880329132,8.071172487689182e-06,,,0.007997754029929638,0.013169857673346996,1.0747997246267915,2.803013558150269e-06,
seed-2,buddy,admm_tv,4,1.055988073348999,0.004180751740932465,0.1844071000814438,8.091633389994968e-06,,,0.005487143527716398,0.009463522583246231,1.0744368749905333,1.5059237057357677e-06,
seed-2,buddy,admm_tv,5,1.055705189704895,0.004108305089175701,0.18373949825763702,8.116769095067866e-06,,,0.004142871126532555,0.008685721084475517,1.0740872562997539,1.014004055832629e-06,
seed-2,buddy,admm_tv,6,1.0554299354553223,0.004041512031108141,0.1831170916557312,8.146722393576056e-06,,,0.0033567158970981836,0.008342569693922997,1.073749791343289,7.982091574376682e-07,
seed-2,buddy,admm_tv,7,1.055161476135254,0.0039786589331924915,0.18253159523010254,8.181943485396914e-06,,,0.0027942596934735775,0.008126870729029179,1.0734228176017495,5.847346074006055e-07,
seed-2,buddy,admm_tv,8,1.054901361465454,0.003919476177543402,0.18197888135910034,8.222338692576159e-06,,,0.0024303842801600695,0.007925834506750107,1.0731074719400566,4.3158982521163125e-07,
seed-2,buddy,admm_tv,9,1.0546501874923706,0.0038639046251773834,0.1814386248588562,8.267927114502527e-06,,,0.00219985144212842,0.0077463495545089245,1.0728023179053707,3.619785786668217e-07,
seed-2,buddy,admm_tv,10,1.0544028282165527,0.0038120143581181765,0.18091990053653717,8.31878696772037e-06,,,0.002056935103610158,0.007700417656451464,1.0725031370571743,3.248525501930999e-07,
seed-2,buddy,admm_tv,11,1.0541597604751587,0.003763871965929866,0.18043603003025055,8.374672688660212e-06,,,0.001961612608283758,0.007633693050593138,1.0722117381508725,2.668431875463284e-07,
seed-2,buddy,admm_tv,12,1.0539226531982422,0.003718586638569832,0.17997528612613678,8.435224117420148e-06,,,0.0018955616978928447,0.007518939673900604,1.0719286170349733,2.111541590466004e-07,
seed-2,buddy,admm_tv,13,1.0536928176879883,0.0036765204276889563,0.17953546345233917,8.500516742060427e-06,,,0.00184187525883317,0.007418110966682434,1.0716548645499642,1.925911590205942e-07,
seed-2,buddy,admm_tv,14,1.0534720420837402,0.003637003945186734,0.1791091114282608,8.570925274398178e-06,,,0.0018002117285504937,0.0073116132989525795,1.0713915241518408,1.6938740543537278e-07,
seed-2,buddy,admm_tv,15,1.0532560348510742,0.003599611110985279,0.17869672179222107,8.646594324090984e-06,,,0.0017667303327471018,0.007241702638566494,1.0711343536246205,1.4386327507054375e-07,
seed-2,buddy,admm_tv,16,1.0530421733856201,0.003564565908163786,0.1782970130443573,8.727176464162767e-06,,,0.0017428556457161903,0.007174600847065449,1.07088060186652,1.2762065182414517e-07,
seed-2,buddy,admm_tv,17,1.0528342723846436,0.0035317628644406796,0.1778997927904129,8.812429769022856e-06,,,0.001726061454974115,0.007093959953635931,1.0706330640934538,1.2762065182414517e-07,
seed-2,buddy,admm_tv,18,1.0526320934295654,0.003500571707263589,0.17750374972820282,8.902165973267984e-06,,,0.0017122719436883926,0.0070032584480941296,1.070391370568359,1.2994102860375278e-07,
seed-2,buddy,admm_tv,19,1.052433967590332,0.0034711239859461784,0.1771230250597,8.995954885904212e-06,,,0.0016739286947995424,0.00695551885291934,1.070155266051188,1.2994102860375278e-07,
seed-2,buddy,admm_tv,20,1.0522383451461792,0.0034434678964316845,0.17676742374897003,9.093751941691153e-06,,,0.001641505747102201,0.00687753688544035,1.0699241812730178,1.0905764469271162e-07,
seed-2,buddy,admm_tv,21,1.0520496368408203,0.0034173266030848026,0.17642943561077118,9.19578906177776e-06,,,0.0016172989271581173,0.006755376234650612,1.0697017761909593,9.281501434088568e-08,
seed-2,buddy,admm_tv,22,1.0518635511398315,0.003392396727576852,0.17610836029052734,9.30182977754157e-06,,,0.001598461763933301,0.006725854240357876,1.0694836889986619,8.817426788709781e-08,
seed-2,buddy,admm_tv,23,1.0516759157180786,0.0033679925836622715,0.17579424381256104,9.41163034440251e-06,,,0.0015922823222354054,0.006868080701678991,1.0692647517296792,8.817426788709781e-08,
seed-2,buddy,admm_tv,24,1.0514898300170898,0.0033438648097217083,0.1754770427942276,9.525463610771112e-06,,,0.0016077493783086538,0.006908345967531204,1.0690470597601234,9.281501434088568e-08,
seed-2,buddy,admm_tv,25,1.051306128501892,0.0033199915196746588,0.17514821887016296,9.642782060836907e-06,,,0.0016170610906556249,0.006906204856932163,1.0688305931709692,9.51353911204933e-08,
seed-2,buddy,admm_tv,26,1.0511265993118286,0.003296671202406287,0.17480887472629547,9.76370574790053e-06,,,0.001627462450414896,0.006922530941665173,1.068617250490206,1.0441689823892375e-07,
seed-2,buddy,admm_tv,27,1.0509531497955322,0.0032738030422478914,0.17445288598537445,9.888635759125464e-06,,,0.001629931852221489,0.006842519622296095,1.0684083270298288,1.1137802147231923e-07,
seed-2,buddy,admm_tv,28,1.0507831573486328,0.0032514696940779686,0.17409257590770721,1.0017478416557424e-05,,,0.0016257509123533964,0.006788344122469425,1.06820243241782,1.2065952148532233e-07,
seed-2,buddy,admm_tv,29,1.0506162643432617,0.0032300895545631647,0.17372305691242218,1.0150203706871253e-05,,,0.0016138372011482716,0.0066986726596951485,1.0679987202382109,1.2994102860375278e-07,
seed-2,buddy,admm_tv,30,1.0504509210586548,0.003209345741197467,0.173343226313591,1.0286774340784177e-05,,,0.0016139170620590448,0.006663328502327204,1.0677955304643547,1.3922252151132852e-07,
seed-2,buddy,control,1,1.0568610429763794,0.0044649215415120125,0.18725048005580902,8.050074939092156e-06,,,,,,,
seed-2,buddy,control,2,1.0565030574798584,0.0043847281485795975,0.18701952695846558,8.05942363513168e-06,,,,,,,
seed-2,buddy,control,3,1.0561625957489014,0.004318626131862402,0.18690483272075653,8.075858204392716e-06,,,,,,,
seed-2,buddy,control,4,1.055830478668213,0.004256989806890488,0.18680498003959656,8.098246325971559e-06,,,,,,,
seed-2,buddy,control,5,1.0555076599121094,0.004195037297904491,0.1866653710603714,8.12564030638896e-06,,,,,,,
seed-2,buddy,control,6,1.0551930665969849,0.004134157206863165,0.1865130364894867,8.1580310506979e-06,,,,,,,
seed-2,buddy,control,7,1.0548861026763916,0.004077967721968889,0.18640540540218353,8.195916052500252e-06,,,,,,,
seed-2,buddy,control,8,1.0545876026153564,0.004027487710118294,0.18635091185569763,8.238725058618002e-06,,,,,,,
seed-2,buddy,control,9,1.0543034076690674,0.00398144731298089,0.1863153576850891,8.286157026304863e-06,,,,,,,
seed-2,buddy,control,10,1.0540294647216797,0.00393849890679121,0.18627598881721497,8.337651706824545e-06,,,,,,,
seed-2,buddy,control,11,1.0537617206573486,0.0038997309748083353,0.18624818325042725,8.393517418880947e-06,,,,,,,
seed-2,buddy,control,12,1.0535013675689697,0.0038640620186924934,0.18622784316539764,8.45419071993092e-06,,,,,,,
seed-2,buddy,control,13,1.0532487630844116,0.003830481553450227,0.1862098127603531,8.51968343340559e-06,,,,,,,
seed-2,buddy,control,14,1.0530039072036743,0.003798038698732853,0.18616840243339539,8.589703611505684e-06,,,,,,,
seed-2,buddy,control,15,1.0527631044387817,0.0037667048163712025,0.18610630929470062,8.664350389153697e-06,,,,,,,
seed-2,buddy,control,16,1.0525282621383667,0.003738056868314743,0.1860680878162384,8.743723810766824e-06,,,,,,,
seed-2,buddy,control,17,1.052296757698059,0.0037111807614564896,0.1860320121049881,8.82757558429148e-06,,,,,,,
seed-2,buddy,control,18,1.0520703792572021,0.003686881624162197,0.1860084980726242,8.915929356589913e-06,,,,,,,
seed-2,buddy,control,19,1.0518512725830078,0.0036652847193181515,0.18599045276641846,9.00881968846079e-06,,,,,,,
seed-2,buddy,control,20,1.0516363382339478,0.0036449693143367767,0.18597954511642456,9.105729986913502e-06,,,,,,,
seed-2,buddy,control,21,1.0514249801635742,0.0036273524165153503,0.1859910637140274,9.20711590879364e-06,,,,,,,
seed-2,buddy,control,22,1.0512163639068604,0.003611234249547124,0.18601512908935547,9.312600923294667e-06,,,,,,,
seed-2,buddy,control,23,1.0510104894638062,0.003595346352085471,0.18603189289569855,9.42212045629276e-06,,,,,,,
seed-2,buddy,control,24,1.0508066415786743,0.0035807688254863024,0.18606385588645935,9.535288882034365e-06,,,,,,,
seed-2,buddy,control,25,1.0506051778793335,0.0035657354164868593,0.18606194853782654,9.652897460910026e-06,,,,,,,
seed-2,buddy,control,26,1.0504062175750732,0.003551674075424671,0.1860632598400116,9.774224963621236e-06,,,,,,,
seed-2,buddy,control,27,1.0502104759216309,0.003539744298905134,0.18608297407627106,9.899243195832241e-06,,,,,,,
seed-2,buddy,control,28,1.0500191450119019,0.0035282974131405354,0.18610262870788574,1.0027572898252402e-05,,,,,,,
seed-2,buddy,control,29,1.0498303174972534,0.0035176300443708897,0.18611223995685577,1.0159258636122104e-05,,,,,,,
seed-2,buddy,control,30,1.0496481657028198,0.0035080688539892435,0.18613813817501068,1.0294380444975104e-05,,,,,,,
seed-2,buddy,direct_quadratic,1,1.0568747520446777,0.004444473423063755,0.18695802986621857,8.04530645837076e-06,,,,,1.0613272707741999,,
seed-2,buddy,direct_quadratic,2,1.0565346479415894,0.004341946914792061,0.1863974928855896,8.051666554820258e-06,,,,,1.0608846465229362,,
seed-2,buddy,direct_quadratic,3,1.0562037229537964,0.0042569395154714584,0.1859879493713379,8.066182999755256e-06,,,,,1.0604687286522676,,
seed-2,buddy,direct_quadratic,4,1.055877923965454,0.00418153265491128,0.18565480411052704,8.087108653853647e-06,,,,,1.0600675437290192,,
seed-2,buddy,direct_quadratic,5,1.0555627346038818,0.0041102152317762375,0.18533855676651,8.113606781989802e-06,,,,,1.05968106344244,,
seed-2,buddy,direct_quadratic,6,1.055258870124817,0.004041934851557016,0.18502996861934662,8.145601896103472e-06,,,,,1.05930895057827,,
seed-2,buddy,direct_quadratic,7,1.054961919784546,0.003977954853326082,0.1847582757472992,8.18262378743384e-06,,,,,1.0589480572616594,,
seed-2,buddy,direct_quadratic,8,1.0546722412109375,0.003920234739780426,0.18455888330936432,8.224070370488334e-06,,,,,1.0586007000210884,,
seed-2,buddy,direct_quadratic,9,1.0543930530548096,0.003868446685373783,0.18440955877304077,8.27041185402777e-06,,,,,1.0582697701520374,,
seed-2,buddy,direct_quadratic,10,1.0541232824325562,0.0038214316591620445,0.18427370488643646,8.321716450154781e-06,,,,,1.0579530358081684,,
seed-2,buddy,direct_quadratic,11,1.0538612604141235,0.003777354024350643,0.18413731455802917,8.377192898478825e-06,,,,,1.0576469916313727,,
seed-2,buddy,direct_quadratic,12,1.0536062717437744,0.003735482459887862,0.18399938941001892,8.436613825324457e-06,,,,,1.0573501908174876,,
seed-2,buddy,direct_quadratic,13,1.0533561706542969,0.003696420229971409,0.18387772142887115,8.500237527186982e-06,,,,,1.0570610911217955,,
seed-2,buddy,direct_quadratic,14,1.0531163215637207,0.0036596485879272223,0.18375757336616516,8.568201337766368e-06,,,,,1.0567845383529857,,
seed-2,buddy,direct_quadratic,15,1.0528802871704102,0.0036257351748645306,0.18364204466342926,8.640972737339325e-06,,,,,1.056514663318012,,
seed-2,buddy,direct_quadratic,16,1.0526490211486816,0.0035945167765021324,0.18353712558746338,8.718649951333646e-06,,,,,1.056252256575135,,
seed-2,buddy,direct_quadratic,17,1.0524251461029053,0.0035650376230478287,0.18342925608158112,8.800716386758722e-06,,,,,1.0559989844423399,,
seed-2,buddy,direct_quadratic,18,1.0522058010101318,0.0035378194879740477,0.18333861231803894,8.887042895366903e-06,,,,,1.0557525075410013,,
seed-2,buddy,direct_quadratic,19,1.0519914627075195,0.003511942457407713,0.18325094878673553,8.976870049082208e-06,,,,,1.0555123820349763,,
seed-2,buddy,direct_quadratic,20,1.0517827272415161,0.003487060312181711,0.18313178420066833,9.071284694073256e-06,,,,,1.055278858838392,,
seed-2,buddy,direct_quadratic,21,1.0515780448913574,0.0034628883004188538,0.18298475444316864,9.170324119622819e-06,,,,,1.055050103515896,,
seed-2,buddy,direct_quadratic,22,1.0513763427734375,0.003440829459577799,0.18286140263080597,9.272913302993402e-06,,,,,1.0548264451463183,,
seed-2,buddy,direct_quadratic,23,1.0511771440505981,0.0034200744703412056,0.18275028467178345,9.379134098708164e-06,,,,,1.054606597655038,,
seed-2,buddy,direct_quadratic,24,1.0509799718856812,0.00339979724958539,0.1826387345790863,9.489235708315391e-06,,,,,1.0543892583709749,,
seed-2,buddy,direct_quadratic,25,1.050785779953003,0.0033807503059506416,0.1825464963912964,9.60319084697403e-06,,,,,1.0541761334498005,,
seed-2,buddy,direct_quadratic,26,1.0505955219268799,0.003361566225066781,0.1824316680431366,9.720686648506671e-06,,,,,1.0539668088385952,,
seed-2,buddy,direct_quadratic,27,1.0504097938537598,0.0033429476898163557,0.18231865763664246,9.841144674282987e-06,,,,,1.0537625826882504,,
seed-2,buddy,direct_quadratic,28,1.0502254962921143,0.0033260302152484655,0.18222494423389435,9.964503988157958e-06,,,,,1.0535614910113509,,
seed-2,buddy,direct_quadratic,29,1.0500420331954956,0.003310284810140729,0.18214981257915497,1.009067545965081e-05,,,,,1.053362408681096,,
seed-2,buddy,direct_quadratic,30,1.0498626232147217,0.003295644884929061,0.1820932775735855,1.0219424439128488e-05,,,,,1.0531684875240899,,
seed-2,buddy,pnp,1,1.0568722486495972,0.004471899941563606,0.18730169534683228,8.049208190641366e-06,,,0.0015748213045299053,0.0111440634354949,,,0.010679728351533413
seed-2,buddy,pnp,2,1.0565178394317627,0.004391857422888279,0.18704164028167725,8.056195838435087e-06,,,0.00014575751265510917,0.00976924691349268,,,0.010679728351533413
seed-2,buddy,pnp,3,1.05618155002594,0.0043207504786551,0.186845064163208,8.069713658187538e-06,,,8.25386232463643e-05,0.009037422016263008,,,0.010679728351533413
seed-2,buddy,pnp,4,1.0558547973632812,0.004255434963852167,0.18667249381542206,8.089080438367091e-06,,,7.816141442162916e-05,0.008663416840136051,,,0.010679728351533413
seed-2,buddy,pnp,5,1.0555371046066284,0.004193698521703482,0.1865079551935196,8.113914191199001e-06,,,7.68575191614218e-05,0.008540671318769455,,,0.010679728351533413
seed-2,buddy,pnp,6,1.0552263259887695,0.004135177005082369,0.18635839223861694,8.143742888933048e-06,,,7.743856986053288e-05,0.008386515080928802,,,0.010679728351533413
seed-2,buddy,pnp,7,1.0549230575561523,0.004079505801200867,0.18621842563152313,8.179167707567103e-06,,,7.451567216776311e-05,0.008289128541946411,,,0.010679728351533413
seed-2,buddy,pnp,8,1.054628610610962,0.004027849063277245,0.18610170483589172,8.220914423873182e-06,,,7.484346133423969e-05,0.008165664970874786,,,0.010679728351533413
seed-2,buddy,pnp,9,1.054344892501831,0.00398073298856616,0.18602052330970764,8.268151759693865e-06,,,7.312001253012568e-05,0.008042891509830952,,,0.010679728351533413
seed-2,buddy,pnp,10,1.0540707111358643,0.003937459085136652,0.1859530359506607,8.319674634549301e-06,,,7.192226621555164e-05,0.007925213314592838,,,0.010679728351533413
seed-2,buddy,pnp,11,1.0538077354431152,0.003898351453244686,0.18590047955513,8.375536708626896e-06,,,7.142442336771637e-05,0.007842624559998512,,,0.010679728351533413
seed-2,buddy,pnp,12,1.053551435470581,0.0038620380219072104,0.1858462542295456,8.43577436171472e-06,,,7.132329483283684e-05,0.007717476692050695,,,0.010679728351533413
seed-2,buddy,pnp,13,1.0532997846603394,0.003828187705948949,0.18579252064228058,8.501120646542404e-06,,,7.01572498655878e-05,0.0076332190074026585,,,0.010679728351533413
seed-2,buddy,pnp,14,1.0530544519424438,0.003796611912548542,0.18574711680412292,8.571226317144465e-06,,,6.72691166982986e-05,0.007472202647477388,,,0.010679728351533413
seed-2,buddy,pnp,15,1.0528137683868408,0.0037672994658350945,0.18570978939533234,8.645662092021666e-06,,,6.833564111730084e-05,0.007444994989782572,,,0.010679728351533413
seed-2,buddy,pnp,16,1.052578330039978,0.0037407188210636377,0.1856974959373474,8.724681720195804e-06,,,6.955373828532174e-05,0.007372627034783363,,,0.010679728351533413
seed-2,buddy,pnp,17,1.0523473024368286,0.003715266939252615,0.18569175899028778,8.808328857412562e-06,,,6.962494808249176e-05,0.007344746496528387,,,0.010679728351533413
seed-2,buddy,pnp,18,1.0521217584609985,0.0036908271722495556,0.18567731976509094,8.896391591406427e-06,,,6.992287671891972e-05,0.007271372247487307,,,0.010679728351533413
seed-2,buddy,pnp,19,1.0519030094146729,0.0036686209496110678,0.18566842377185822,8.98891084943898e-06,,,6.918163126101717e-05,0.00714946398511529,,,0.010679728351533413
seed-2,buddy,pnp,20,1.0516890287399292,0.003647956997156143,0.18566341698169708,9.085743840842042e-06,,,7.001091580605134e-05,0.007021538447588682,,,0.010679728351533413
seed-2,buddy,pnp,21,1.0514806509017944,0.0036296644248068333,0.185672327876091,9.187038813252002e-06,,,7.03626501490362e-05,0.006922942586243153,,,0.010679728351533413
seed-2,buddy,pnp,22,1.0512763261795044,0.0036130649968981743,0.18570168316364288,9.292239155911375e-06,,,6.940685125300661e-05,0.006909461691975594,,,0.010679728351533413
seed-2,buddy,pnp,23,1.051073431968689,0.0035977938678115606,0.1857345700263977,9.401192983204965e-06,,,6.848960038041696e-05,0.006913486402481794,,,0.010679728351533413
seed-2,buddy,pnp,24,1.0508744716644287,0.00358312064781785,0.18575738370418549,9.514324119663797e-06,,,6.850784848211333e-05,0.006933893077075481,,,0.010679728351533413
seed-2,buddy,pnp,25,1.050678014755249,0.003569559194147587,0.18579107522964478,9.63144611887401e-06,,,6.810372724430636e-05,0.006893421523272991,,,0.010679728351533413
seed-2,buddy,pnp,26,1.0504815578460693,0.0035574110224843025,0.1858341246843338,9.752182450029068e-06,,,7.064026431180537e-05,0.006904519163072109,,,0.010679728351533413
seed-2,buddy,pnp,27,1.0502883195877075,0.0035464500542730093,0.1858721375465393,9.87710700428579e-06,,,6.800800474593416e-05,0.00677231652662158,,,0.010679728351533413
seed-2,buddy,pnp,28,1.0500984191894531,0.0035355519503355026,0.18590736389160156,1.0005484000430442e-05,,,6.716534699080512e-05,0.006726080551743507,,,0.010679728351533413
seed-2,buddy,pnp,29,1.049910306930542,0.0035249264910817146,0.18593230843544006,1.0137735444004647e-05,,,6.827941979281604e-05,0.006670719012618065,,,0.010679728351533413
seed-2,buddy,pnp,30,1.0497257709503174,0.003515161108225584,0.1859540343284607,1.0273492989654187e-05,,,6.789041071897373e-05,0.0065955971367657185,,,0.010679728351533413
seed-2,cicero,admm_quadratic,1,1.0567264556884766,0.005841645412147045,0.20263026654720306,8.527797035640106e-06,9.359197292724275e-07,6,0.032550401985645294,0.036254093050956726,1.0625766288976592,,
seed-2,cicero,admm_quadratic,2,1.0563926696777344,0.005742896348237991,0.20204849541187286,8.54021345730871e-06,1.1498729008962982e-06,6,0.007805418688803911,0.0257972851395607,1.0621441062394297,,
seed-2,cicero,admm_quadratic,3,1.0560868978500366,0.0056474232114851475,0.2015153169631958,8.5601122918888e-06,1.2222683380969102e-06,6,0.002506550634279847,0.01116484496742487,1.0617428811738137,,
seed-2,cicero,admm_quadratic,4,1.055806279182434,0.00556946499273181,0.20109260082244873,8.586117473896593e-06,1.2512931562014273e-06,6,0.0014386554248631,0.009459870867431164,1.0613843302926398,,
seed-2,cicero,admm_quadratic,5,1.0555453300476074,0.005498854443430901,0.2006876915693283,8.617610546934884e-06,1.260767362509796e-06,6,0.0013550465228036046,0.008754074573516846,1.0610528021015853,,
seed-2,cicero,admm_quadratic,6,1.055299997329712,0.005432964768260717,0.20028391480445862,8.654511475469917e-06,1.264509364773403e-06,6,0.0013381990138441324,0.008229773491621017,1.060741616609448,,
seed-2,cicero,admm_quadratic,7,1.0550668239593506,0.005371598526835442,0.19988864660263062,8.696700206201058e-06,1.2651269116759067e-06,6,0.001294802175834775,0.007784549612551928,1.0604471191863922,,
seed-2,cicero,admm_quadratic,8,1.0548447370529175,0.005313387140631676,0.19949142634868622,8.744508704694454e-06,1.2639636679523392e-06,6,0.0012493230169638991,0.0073758019134402275,1.0601668687022539,,
seed-2,cicero,admm_quadratic,9,1.0546337366104126,0.005258644465357065,0.1991003453731537,8.79789331520442e-06,1.2629002412722912e-06,6,0.0011960542760789394,0.007001260295510292,1.0599011789690849,,
seed-2,cicero,admm_quadratic,10,1.0544332265853882,0.005207438487559557,0.1987164318561554,8.856652129907161e-06,1.2640886097869952e-06,6,0.001131576020270586,0.0066470676101744175,1.0596495217250776,,
seed-2,cicero,admm_quadratic,11,1.0542428493499756,0.0051594688557088375,0.198347270488739,8.92050866241334e-06,1.264690695279569e-06,6,0.00106706446968019,0.006297331303358078,1.0594112387143468,,
seed-2,cicero,admm_quadratic,12,1.054062843322754,0.005114704370498657,0.19799165427684784,8.988960871647578e-06,1.2659861567954067e-06,6,0.0010021314956247807,0.005933905020356178,1.0591865366541242,,
seed-2,cicero,admm_quadratic,13,1.0538897514343262,0.005072497297078371,0.19765567779541016,9.062112440005876e-06,1.2699784974756767e-06,6,0.0009506114292889833,0.005652767606079578,1.0589713108438445,,
seed-2,cicero,admm_quadratic,14,1.0537201166152954,0.005032392218708992,0.19732509553432465,9.140031579590868e-06,1.2741007822114625e-06,6,0.0009192115976475179,0.005509188864380121,1.058761648865584,,
seed-2,cicero,admm_quadratic,15,1.0535545349121094,0.004994262009859085,0.19700585305690765,9.22238814382581e-06,1.2745597359753447e-06,6,0.0008903044508770108,0.005354647524654865,1.0585580193101123,,
seed-2,cicero,admm_quadratic,16,1.0533939599990845,0.004958252888172865,0.19669196009635925,9.309136657975614e-06,1.2714785952994134e-06,6,0.0008621640154160559,0.005263640079647303,1.0583615220239153,,
seed-2,cicero,admm_quadratic,17,1.0532374382019043,0.004923749249428511,0.19638097286224365,9.399889677297324e-06,1.270875600312138e-06,6,0.0008450371096841991,0.005185648798942566,1.05817058734101,,
seed-2,cicero,admm_quadratic,18,1.0530860424041748,0.004890453536063433,0.19607383012771606,9.494951882516034e-06,1.2686181207754998e-06,6,0.0008316152379848063,0.005014800000935793,1.0579859908921208,,
seed-2,cicero,admm_quadratic,19,1.05293869972229,0.0048585133627057076,0.19578047096729279,9.59450062509859e-06,1.267764105250535e-06,6,0.0008081934065558016,0.0048794676549732685,1.0578068075856208,,
seed-2,cicero,admm_quadratic,20,1.0527942180633545,0.004828089848160744,0.1954992264509201,9.698641406430397e-06,1.2670091109612258e-06,6,0.00078437733463943,0.0047426712699234486,1.0576320065529217,,
seed-2,cicero,admm_quadratic,21,1.0526518821716309,0.004799121059477329,0.19522839784622192,9.807249625737313e-06,1.265437958863913e-06,6,0.0007712827646173537,0.004668643232434988,1.057460810480734,,
seed-2,cicero,admm_quadratic,22,1.0525108575820923,0.004771159961819649,0.19495847821235657,9.920175216393545e-06,1.2648170013562776e-06,6,0.0007558396318927407,0.004645054694265127,1.0572919377191283,,
seed-2,cicero,admm_quadratic,23,1.0523710250854492,0.004744064994156361,0.19470196962356567,1.0037408173957374e-05,1.2630649735001498e-06,6,0.0007455592858605087,0.00455110240727663,1.0571251274877795,,
seed-2,cicero,admm_quadratic,24,1.0522328615188599,0.00471819331869483,0.19445541501045227,1.015934412862407e-05,1.263512444893422e-06,6,0.0007320145959965885,0.004439382813870907,1.0569612141816833,,
seed-2,cicero,admm_quadratic,25,1.0520974397659302,0.004693318158388138,0.19421522319316864,1.0284991731168702e-05,1.2608431916305562e-06,6,0.0007216337253339589,0.004383804742246866,1.0568010429160495,,
seed-2,cicero,admm_quadratic,26,1.0519636869430542,0.004669793415814638,0.19398747384548187,1.041513132804539e-05,1.2609990562850726e-06,6,0.0006987052620388567,0.004313229583203793,1.0566438954901969,,
seed-2,cicero,admm_quadratic,27,1.0518302917480469,0.004647150635719299,0.19376634061336517,1.0550023944233544e-05,1.259275109077862e-06,6,0.0006839933339506388,0.0042886980809271336,1.0564879924077104,,
seed-2,cicero,admm_quadratic,28,1.0516974925994873,0.004625073634088039,0.19356001913547516,1.0689907867345028e-05,1.2571798606586526e-06,6,0.0006781628471799195,0.004277537111192942,1.0563332561414427,,
seed-2,cicero,admm_quadratic,29,1.0515660047531128,0.004603433422744274,0.1933576613664627,1.0835147804755252e-05,1.2564350981847383e-06,6,0.0006714105256833136,0.004242327995598316,1.0561802733236618,,
seed-2,cicero,admm_quadratic,30,1.0514354705810547,0.00458231708034873,0.19315902888774872,1.098569373425562e-05,1.2543156344690942e-06,6,0.0006621787906624377,0.004228947684168816,1.0560287733551377,,
seed-2,cicero,admm_tv,1,1.0567264556884766,0.005841645412147045,0.20263026654720306,8.527797035640106e-06,,,0.056400056928396225,0.058343056589365005,1.0769980101402326,2.120268254657276e-05,
seed-2,cicero,admm_tv,2,1.0564218759536743,0.005756836850196123,0.20161686837673187,8.545357559341937e-06,,,0.01506863720715046,0.04997722804546356,1.076592108148907,6.305562237685081e-06,
seed-2,cicero,admm_tv,3,1.0561498403549194,0.005680894013494253,0.20057711005210876,8.571385478717275e-06,,,0.00858554057776928,0.01396204624325037,1.076216122745609,2.727018227233202e-06,
seed-2,cicero,admm_tv,4,1.05588960647583,0.0056180101819336414,0.19974948465824127,8.60236741573317e-06,,,0.005968978628516197,0.010288859717547894,1.0758731573090698,1.5641822983525344e-06,
seed-2,cicero,admm_tv,5,1.0556435585021973,0.0055589256808161736,0.19896259903907776,8.638239705760498e-06,,,0.004630660638213158,0.009150005877017975,1.075548456645811,1.0941646451101406e-06,
seed-2,cicero,admm_tv,6,1.0554132461547852,0.005502650979906321,0.19818831980228424,8.679353413754143e-06,,,0.0038120588287711143,0.008486439473927021,1.0752407574884273,8.255830721282109e-07,
seed-2,cicero,admm_tv,7,1.0551948547363281,0.005448808893561363,0.19742368161678314,8.726073247089516e-06,,,0.003263409249484539,0.00800018385052681,1.0749459489712536,6.10412598689436e-07,
seed-2,cicero,admm_tv,8,1.054985761642456,0.005396577063947916,0.1966564804315567,8.777975381235592e-06,,,0.0029332709964364767,0.007644303608685732,1.074660187660993,4.7154372850855e-07,
seed-2,cicero,admm_tv,9,1.0547868013381958,0.005346611142158508,0.19590121507644653,8.835042535793036e-06,,,0.002669914858415723,0.007329022977501154,1.0743857578883762,3.754037436465296e-07,
seed-2,cicero,admm_tv,10,1.0545985698699951,0.005299037322402,0.19516368210315704,8.8971473815036e-06,,,0.002478645881637931,0.0070351604372262955,1.0741238352276923,3.18940578836191e-07,
seed-2,cicero,admm_tv,11,1.054417610168457,0.005254106130450964,0.1944289207458496,8.964565495261922e-06,,,0.0022996575571596622,0.006805712357163429,1.0738694668085373,2.9452408512042894e-07,
seed-2,cicero,admm_tv,12,1.0542457103729248,0.005211737006902695,0.19369520246982574,9.036944902618416e-06,,,0.0021660502534359694,0.006606783252209425,1.07362426756481,2.746856750945881e-07,
seed-2,cicero,admm_tv,13,1.0540812015533447,0.00517107592895627,0.19296182692050934,9.1140909717069e-06,,,0.0020714683923870325,0.006375247612595558,1.0733864983363675,2.380609203100903e-07,
seed-2,cicero,admm_tv,14,1.0539214611053467,0.0051317038014531136,0.19222500920295715,9.19577905733604e-06,,,0.0019976883195340633,0.006212727166712284,1.0731531578046998,1.9838410025840858e-07,
seed-2,cicero,admm_tv,15,1.0537662506103516,0.005093816202133894,0.19149231910705566,9.28161807678407e-06,,,0.0019350494258105755,0.006096499506384134,1.072924764139134,1.8617583918967284e-07,
seed-2,cicero,admm_tv,16,1.0536160469055176,0.005057979375123978,0.19077296555042267,9.372185559186619e-06,,,0.0019004464847967029,0.005930550862103701,1.072702715646119,1.800717228661597e-07,
seed-2,cicero,admm_tv,17,1.0534721612930298,0.005024483893066645,0.19006578624248505,9.467593372392002e-06,,,0.0018714664038270712,0.005770821589976549,1.0724882075106508,1.7244155969819985e-07,
seed-2,cicero,admm_tv,18,1.0533342361450195,0.004992713686078787,0.18936000764369965,9.567113920638803e-06,,,0.001849834923632443,0.005656895227730274,1.0722798040233101,1.7091552706460789e-07,
seed-2,cicero,admm_tv,19,1.0532013177871704,0.00496263662353158,0.18866410851478577,9.670991858001798e-06,,,0.0018296877387911081,0.005463303532451391,1.072077399630507,1.7701965759897575e-07,
seed-2,cicero,admm_tv,20,1.053072214126587,0.004933386575430632,0.18798314034938812,9.778902494872455e-06,,,0.0018194267759099603,0.005317219998687506,1.0718803070640206,1.7091552706460789e-07,
seed-2,cicero,admm_tv,21,1.0529448986053467,0.0049043321050703526,0.18732593953609467,9.890909495879896e-06,,,0.0018224769737571478,0.005172797944396734,1.071687383468452,1.754936249653838e-07,
seed-2,cicero,admm_tv,22,1.052821159362793,0.004876662511378527,0.18668672442436218,1.0007711352955084e-05,,,0.0018428601324558258,0.005022494122385979,1.0714998395165822,1.7091552706460789e-07,
seed-2,cicero,admm_tv,23,1.0526998043060303,0.004850029479712248,0.18605686724185944,1.0129278962267563e-05,,,0.0018610984552651644,0.004956101533025503,1.0713156203091785,1.6328537810750277e-07,
seed-2,cicero,admm_tv,24,1.0525805950164795,0.0048235151916742325,0.1854274868965149,1.0255012057314161e-05,,,0.0018756206845864654,0.0049281856045126915,1.0711335987181883,1.52603149672359e-07,
seed-2,cicero,admm_tv,25,1.0524613857269287,0.004797793459147215,0.18480582535266876,1.0384514098404907e-05,,,0.0018824064172804356,0.0049296533688902855,1.070952352776294,1.5565521493954293e-07,
seed-2,cicero,admm_tv,26,1.0523420572280884,0.004772677551954985,0.18419313430786133,1.0519033821765333e-05,,,0.001887773396447301,0.004865704569965601,1.0707718896926963,1.5565521493954293e-07,
seed-2,cicero,admm_tv,27,1.0522212982177734,0.0047475011087954044,0.18358777463436127,1.0658463907020632e-05,,,0.001898577669635415,0.004844265524297953,1.0705907341451166,1.617593454739108e-07,
seed-2,cicero,admm_tv,28,1.0521018505096436,0.004723360296338797,0.18299202620983124,1.0802717952174135e-05,,,0.0019223942654207349,0.004832386039197445,1.070411855848579,1.5870728020672686e-07,
seed-2,cicero,admm_tv,29,1.051979899406433,0.00469971401616931,0.18242236971855164,1.0951807780656964e-05,,,0.00192194152623415,0.004781470634043217,1.0702330881860689,1.6481141074109473e-07,
seed-2,cicero,admm_tv,30,1.051857590675354,0.004676074720919132,0.18185974657535553,1.1105273188150022e-05,,,0.0019374205730855465,0.004807384219020605,1.0700546706060776,1.6786346179742395e-07,
seed-2,cicero,control,1,1.0567103624343872,0.005838299635797739,0.202577143907547,8.52889206726104e-06,,,,,,,
seed-2,cicero,control,2,1.0563561916351318,0.005766443442553282,0.20216548442840576,8.540630005882122e-06,,,,,,,
seed-2,cicero,control,3,1.0560357570648193,0.005700284149497747,0.2017911672592163,8.558579793316312e-06,,,,,,,
seed-2,cicero,control,4,1.055746078491211,0.0056404778733849525,0.20144571363925934,8.582323971495498e-06,,,,,,,
seed-2,cicero,control,5,1.055481195449829,0.005586943123489618,0.2011183798313141,8.612711098976433e-06,,,,,,,
seed-2,cicero,control,6,1.0552327632904053,0.005537466146051884,0.20080284774303436,8.649830306239892e-06,,,,,,,
seed-2,cicero,control,7,1.0549989938735962,0.005490212235599756,0.20047347247600555,8.692815754329786e-06,,,,,,,
seed-2,cicero,control,8,1.054776906967163,0.0054443576373159885,0.20014220476150513,8.741106285015121e-06,,,,,,,
seed-2,cicero,control,9,1.0545660257339478,0.005400690250098705,0.1998167634010315,8.794655514066108e-06,,,,,,,
seed-2,cicero,control,10,1.0543655157089233,0.005359257571399212,0.19949108362197876,8.85377357917605e-06,,,,,,,
seed-2,cicero,control,11,1.0541741847991943,0.005319786258041859,0.19917292892932892,8.918108505895361e-06,,,,,,,
seed-2,cicero,control,12,1.0539933443069458,0.00528301578015089,0.19888082146644592,8.987978617369663e-06,,,,,,,
seed-2,cicero,control,13,1.0538177490234375,0.005249226000159979,0.19861702620983124,9.062833669304382e-06,,,,,,,
seed-2,cicero,control,14,1.0536448955535889,0.005215910263359547,0.19836263358592987,9.142630915448535e-06,,,,,,,
seed-2,cicero,control,15,1.0534765720367432,0.005184632260352373,0.1981116086244583,9.227279406331945e-06,,,,,,,
seed-2,cicero,control,16,1.0533124208450317,0.005155892111361027,0.19787099957466125,9.31614704313688e-06,,,,,,,
seed-2,cicero,control,17,1.0531514883041382,0.005129828117787838,0.19765451550483704,9.409006452187896e-06,,,,,,,
seed-2,cicero,control,18,1.0529944896697998,0.0051049464382231236,0.1974438726902008,9.50628145801602e-06,,,,,,,
seed-2,cicero,control,19,1.0528409481048584,0.00508043123409152,0.1972464770078659,9.607757419871632e-06,,,,,,,
seed-2,cicero,control,20,1.052688717842102,0.0050562238320708275,0.19706448912620544,9.712864994071424e-06,,,,,,,
seed-2,cicero,control,21,1.0525373220443726,0.0050332085229456425,0.19690527021884918,9.82252004178008e-06,,,,,,,
seed-2,cicero,control,22,1.0523878335952759,0.00501178577542305,0.19676564633846283,9.937138202076312e-06,,,,,,,
seed-2,cicero,control,23,1.0522403717041016,0.004991765134036541,0.19663405418395996,1.0056394785351586e-05,,,,,,,
seed-2,cicero,control,24,1.052094578742981,0.004973177798092365,0.19651997089385986,1.0180717254115734e-05,,,,,,,
seed-2,cicero,control,25,1.0519510507583618,0.004955215845257044,0.19641153514385223,1.0309861863788683e-05,,,,,,,
seed-2,cicero,control,26,1.0518089532852173,0.004938130732625723,0.19632673263549805,1.0443467544973828e-05,,,,,,,
seed-2,cicero,control,27,1.051667332649231,0.004922532010823488,0.19626484811306,1.0581064998405054e-05,,,,,,,
seed-2,cicero,control,28,1.051527976989746,0.004908469505608082,0.19623307883739471,1.0723168088588864e-05,,,,,,,
seed-2,cicero,control,29,1.0513874292373657,0.0048952605575323105,0.19620057940483093,1.0869742254726589e-05,,,,,,,
seed-2,cicero,control,30,1.0512471199035645,0.004882751032710075,0.1961647868156433,1.1020399142580573e-05,,,,,,,
seed-2,cicero,direct_quadratic,1,1.0567185878753662,0.005817716475576162,0.2024710774421692,8.529624210495967e-06,,,,,1.0625448339751529,,
seed-2,cicero,direct_quadratic,2,1.0563724040985107,0.005728047341108322,0.2019653469324112,8.543247531633824e-06,,,,,1.0621089946871507,,
seed-2,cicero,direct_quadratic,3,1.0560609102249146,0.00564606161788106,0.20151175558567047,8.563019036955666e-06,,,,,1.0617155348618326,,
seed-2,cicero,direct_quadratic,4,1.0557771921157837,0.0055709779262542725,0.20108777284622192,8.58820385474246e-06,,,,,1.0613567582458927,,
seed-2,cicero,direct_quadratic,5,1.0555154085159302,0.005501058883965015,0.20067371428012848,8.619308573543094e-06,,,,,1.0610250867084687,,
seed-2,cicero,direct_quadratic,6,1.0552700757980347,0.005434965714812279,0.2002570629119873,8.657045327709056e-06,,,,,1.0607136985581747,,
seed-2,cicero,direct_quadratic,7,1.055039644241333,0.005373460706323385,0.19984610378742218,8.700957550900057e-06,,,,,1.0604218059052073,,
seed-2,cicero,direct_quadratic,8,1.054818868637085,0.0053156837821006775,0.1994428038597107,8.75078058015788e-06,,,,,1.0601433031997658,,
seed-2,cicero,direct_quadratic,9,1.0546081066131592,0.005261606071144342,0.19904565811157227,8.806259756966028e-06,,,,,1.0598785189440605,,
seed-2,cicero,direct_quadratic,10,1.0544081926345825,0.005210938863456249,0.19864989817142487,8.866743883118033e-06,,,,,1.0596279982419219,,
seed-2,cicero,direct_quadratic,11,1.054219126701355,0.005162875168025494,0.19826731085777283,8.932450327847619e-06,,,,,1.0593909343197083,,
seed-2,cicero,direct_quadratic,12,1.0540412664413452,0.0051175495609641075,0.19789649546146393,9.003424565889873e-06,,,,,1.0591678194268752,,
seed-2,cicero,direct_quadratic,13,1.0538694858551025,0.005075317807495594,0.19753916561603546,9.079532901523635e-06,,,,,1.0589538831954997,,
seed-2,cicero,direct_quadratic,14,1.053702712059021,0.005034648347645998,0.1971980482339859,9.16016779228812e-06,,,,,1.0587465205744593,,
seed-2,cicero,direct_quadratic,15,1.0535409450531006,0.004995798226445913,0.19687345623970032,9.245168257621117e-06,,,,,1.0585459884478041,,
seed-2,cicero,direct_quadratic,16,1.0533866882324219,0.004959538578987122,0.19654689729213715,9.334037713415455e-06,,,,,1.0583555608491224,,
seed-2,cicero,direct_quadratic,17,1.0532376766204834,0.004925499204546213,0.19622546434402466,9.426762517250609e-06,,,,,1.0581726025875469,,
seed-2,cicero,direct_quadratic,18,1.053090214729309,0.004893523175269365,0.1959075629711151,9.5233544925577e-06,,,,,1.057993261259071,,
seed-2,cicero,direct_quadratic,19,1.0529448986053467,0.0048629590310156345,0.19559846818447113,9.624282938602846e-06,,,,,1.057817481919301,,
seed-2,cicero,direct_quadratic,20,1.0528018474578857,0.004833168350160122,0.19530321657657623,9.72938141785562e-06,,,,,1.0576447451894637,,
seed-2,cicero,direct_quadratic,21,1.052661418914795,0.004804531112313271,0.19501861929893494,9.838903679337818e-06,,,,,1.0574757889307875,,
seed-2,cicero,direct_quadratic,22,1.0525236129760742,0.0047776405699551105,0.1947484165430069,9.953048902389128e-06,,,,,1.0573112065949317,,
seed-2,cicero,direct_quadratic,23,1.0523862838745117,0.004751528147608042,0.1944892704486847,1.0070958524011075e-05,,,,,1.0571478829806438,,
seed-2,cicero,direct_quadratic,24,1.0522513389587402,0.004725748673081398,0.19423289597034454,1.0192655281571206e-05,,,,,1.0569872802871032,,
seed-2,cicero,direct_quadratic,25,1.0521180629730225,0.004700376186519861,0.1939849704504013,1.0317948181182146e-05,,,,,1.0568287571077235,,
seed-2,cicero,direct_quadratic,26,1.0519840717315674,0.004676264710724354,0.19374379515647888,1.0447585736983456e-05,,,,,1.0566707840280287,,
seed-2,cicero,direct_quadratic,27,1.0518505573272705,0.0046530854888260365,0.19350051879882812,1.0581637980067171e-05,,,,,1.0565142244540766,,
seed-2,cicero,direct_quadratic,28,1.0517178773880005,0.004630906041711569,0.1932743638753891,1.0720292266341858e-05,,,,,1.0563595037219784,,
seed-2,cicero,direct_quadratic,29,1.0515849590301514,0.004609696567058563,0.19305260479450226,1.0863650459214114e-05,,,,,1.0562055192476691,,
seed-2,cicero,direct_quadratic,30,1.0514535903930664,0.004589178133755922,0.19285134971141815,1.1011569768015761e-05,,,,,1.0560537800965903,,
seed-2,cicero,pnp,1,1.0567264556884766,0.005841645412147045,0.20263026654720306,8.527797035640106e-06,,,0.001683204434812069,0.012373858131468296,,,0.008276071399450302
seed-2,cicero,pnp,2,1.0563873052597046,0.005774502642452717,0.20227333903312683,8.539481314073782e-06,,,0.00016298587433993816,0.011000316590070724,,,0.008276071399450302
seed-2,cicero,pnp,3,1.0560747385025024,0.00571152288466692,0.2019290179014206,8.558315130358096e-06,,,9.71168847172521e-05,0.010268268175423145,,,0.008276071399450302
seed-2,cicero,pnp,4,1.055788278579712,0.0056531489826738834,0.20159122347831726,8.583439011999872e-06,,,9.159681212622672e-05,0.009506743401288986,,,0.008276071399450302
seed-2,cicero,pnp,5,1.055522084236145,0.005598375573754311,0.2012518346309662,8.61444823385682e-06,,,8.882417751010507e-05,0.008816223591566086,,,0.008276071399450302
seed-2,cicero,pnp,6,1.0552722215652466,0.00554704200476408,0.20092231035232544,8.650879863125738e-06,,,8.740210614632815e-05,0.008180336095392704,,,0.008276071399450302
seed-2,cicero,pnp,7,1.0550342798233032,0.00549774244427681,0.20059598982334137,8.692221854289528e-06,,,8.55887119541876e-05,0.007741644512861967,,,0.008276071399450302
seed-2,cicero,pnp,8,1.0548075437545776,0.0054506356827914715,0.20028001070022583,8.739083568798378e-06,,,8.458683441858739e-05,0.007335596717894077,,,0.008276071399450302
seed-2,cicero,pnp,9,1.054591417312622,0.005405808798968792,0.19996803998947144,8.79190702107735e-06,,,8.424143015872687e-05,0.006916113197803497,,,0.008276071399450302
seed-2,cicero,pnp,10,1.0543866157531738,0.005363153759390116,0.1996551752090454,8.850204721966293e-06,,,8.183220779756084e-05,0.006511950399726629,,,0.008276071399450302
seed-2,cicero,pnp,11,1.0541917085647583,0.005323280580341816,0.19935348629951477,8.91364470589906e-06,,,7.81046983320266e-05,0.006215744651854038,,,0.008276071399450302
seed-2,cicero,pnp,12,1.0540056228637695,0.005286622792482376,0.19906611740589142,8.982039616967086e-06,,,7.533704047091305e-05,0.0059219361282885075,,,0.008276071399450302
seed-2,cicero,pnp,13,1.0538264513015747,0.005252115894109011,0.19880400598049164,9.055454029294197e-06,,,7.4553165177349e-05,0.005664050113409758,,,0.008276071399450302
seed-2,cicero,pnp,14,1.0536532402038574,0.005219132173806429,0.19854025542736053,9.133987987297587e-06,,,7.34407440177165e-05,0.005489431321620941,,,0.008276071399450302
seed-2,cicero,pnp,15,1.0534824132919312,0.00518702482804656,0.1982712745666504,9.21751416171901e-06,,,7.258474943228066e-05,0.005390445701777935,,,0.008276071399450302
seed-2,cicero,pnp,16,1.0533148050308228,0.005157009698450565,0.1980324536561966,9.305915227741934e-06,,,7.247869507409632e-05,0.00523779634386301,,,0.008276071399450302
seed-2,cicero,pnp,17,1.053152084350586,0.005128484684973955,0.19781486690044403,9.399404916621279e-06,,,7.236853707581758e-05,0.005114619620144367,,,0.008276071399450302
seed-2,cicero,pnp,18,1.052994728088379,0.005101881455630064,0.19761033356189728,9.4973966042744e-06,,,7.127997378120199e-05,0.004993733484297991,,,0.008276071399450302
seed-2,cicero,pnp,19,1.0528411865234375,0.005077409092336893,0.1974198967218399,9.59941553446697e-06,,,7.07971048541367e-05,0.004864324349910021,,,0.008276071399450302
seed-2,cicero,pnp,20,1.0526883602142334,0.005054671783000231,0.19724275171756744,9.705941920401528e-06,,,7.032595749478787e-05,0.004825204610824585,,,0.008276071399450302
seed-2,cicero,pnp,21,1.0525366067886353,0.005032998044043779,0.19707848131656647,9.8172458820045e-06,,,7.014112634351477e-05,0.004792704246938229,,,0.008276071399450302
seed-2,cicero,pnp,22,1.05238676071167,0.005011702887713909,0.1969272643327713,9.933431101671886e-06,,,6.930602103238925e-05,0.00474939402192831,,,0.008276071399450302
seed-2,cicero,pnp,23,1.0522371530532837,0.00499082263559103,0.1967986673116684,1.005423200695077e-05,,,6.90650922479108e-05,0.0047654053196311,,,0.008276071399450302
seed-2,cicero,pnp,24,1.0520883798599243,0.004970893729478121,0.19667333364486694,1.0179085620620754e-05,,,6.928108632564545e-05,0.0047185709699988365,,,0.008276071399450302
seed-2,cicero,pnp,25,1.0519415140151978,0.004951483104377985,0.19655439257621765,1.0308103810530156e-05,,,7.056432514218614e-05,0.004626588895916939,,,0.008276071399450302
seed-2,cicero,pnp,26,1.0517950057983398,0.004932759329676628,0.19644655287265778,1.0441174708830658e-05,,,7.096477929735556e-05,0.004605516791343689,,,0.008276071399450302
seed-2,cicero,pnp,27,1.0516494512557983,0.004915477707982063,0.19634996354579926,1.0578911314951256e-05,,,7.178596570156515e-05,0.004588556010276079,,,0.008276071399450302
seed-2,cicero,pnp,28,1.0515058040618896,0.004899956751614809,0.19625984132289886,1.0720653335738461e-05,,,7.194057252490893e-05,0.0045296065509319305,,,0.008276071399450302
seed-2,cicero,pnp,29,1.0513626337051392,0.004885369446128607,0.19618439674377441,1.086684460460674e-05,,,7.169377204263583e-05,0.004460511729121208,,,0.008276071399450302
seed-2,cicero,pnp,30,1.051218867301941,0.004870640113949776,0.19611389935016632,1.1017584256478585e-05,,,7.009724504314363e-05,0.004489256534725428,,,0.008276071399450302
seed-2,decoding,admm_quadratic,1,1.0279226303100586,0.004844627343118191,0.23975402116775513,1.102869077840296e-06,7.220706947919098e-07,6,0.02158239670097828,0.028653472661972046,1.0327683605222546,,
seed-2,decoding,admm_quadratic,2,1.0275286436080933,0.00469747232273221,0.23689526319503784,1.113625103243976e-06,8.802301181276562e-07,6,0.0038487534038722515,0.02203383482992649,1.0322272295559287,,
seed-2,decoding,admm_quadratic,3,1.0271830558776855,0.004585087299346924,0.23471666872501373,1.1309405181236798e-06,9.295649761043023e-07,6,0.0014191792579367757,0.01647944189608097,1.0317692741175506,,
seed-2,decoding,admm_quadratic,4,1.026877760887146,0.004509377758949995,0.23323635756969452,1.1539176512087579e-06,9.410914572072215e-07,6,0.0011183926835656166,0.013046394102275372,1.0313882925637472,,
seed-2,decoding,admm_quadratic,5,1.0265949964523315,0.004442919045686722,0.2318924069404602,1.182234768748458e-06,9.377156402479159e-07,6,0.0010745832696557045,0.011959212832152843,1.031039097732787,,
seed-2,decoding,admm_quadratic,6,1.026323676109314,0.004387769382447004,0.23076222836971283,1.215854354086332e-06,9.282438782065583e-07,6,0.0010367080103605986,0.010888321325182915,1.030712661346115,,
seed-2,decoding,admm_quadratic,7,1.0260592699050903,0.004340318031609058,0.22978901863098145,1.254723656529677e-06,9.162180845123657e-07,6,0.0009936672868207097,0.010160526260733604,1.030400842660356,,
seed-2,decoding,admm_quadratic,8,1.025796890258789,0.004299444612115622,0.22896543145179749,1.2987838999833912e-06,9.052899940797943e-07,6,0.0009677610360085964,0.009679341688752174,1.0300976336548047,,
seed-2,decoding,admm_quadratic,9,1.0255364179611206,0.0042640711180865765,0.22826504707336426,1.3481775340551394e-06,8.957648560681264e-07,6,0.0009528655209578574,0.009371643885970116,1.0298018372567412,,
seed-2,decoding,admm_quadratic,10,1.025276780128479,0.004233238752931356,0.22767767310142517,1.4028031500856741e-06,8.876989454620343e-07,6,0.0009318264201283455,0.009186486713588238,1.0295114216845604,,
seed-2,decoding,admm_quadratic,11,1.0250134468078613,0.004206294193863869,0.2271944284439087,1.4625564972448046e-06,8.819232562018442e-07,6,0.0009230936993844807,0.009100200608372688,1.0292212035582224,,
seed-2,decoding,admm_quadratic,12,1.0247433185577393,0.004183370154350996,0.22681699693202972,1.5274931683961768e-06,8.768556654104032e-07,6,0.0009256404009647667,0.009124735370278358,1.0289282162052587,,
seed-2,decoding,admm_quadratic,13,1.0244649648666382,0.004164164420217276,0.22654154896736145,1.597739583303337e-06,8.73866383699351e-07,6,0.000936880533117801,0.009263086132705212,1.0286307270264388,,
seed-2,decoding,admm_quadratic,14,1.0241791009902954,0.004148415289819241,0.2263610064983368,1.6732763015170349e-06,8.727766385163704e-07,6,0.000947082182392478,0.009439554065465927,1.0283291895564162,,
seed-2,decoding,admm_quadratic,15,1.0238852500915527,0.004135965369641781,0.22627340257167816,1.7542222394695273e-06,8.721963808966393e-07,6,0.0009647700353525579,0.009612403810024261,1.028022969683434,,
seed-2,decoding,admm_quadratic,16,1.0235812664031982,0.004126700572669506,0.22628019750118256,1.8406406070425874e-06,8.736139420761901e-07,6,0.000984750920906663,0.009816786274313927,1.0277098076164748,,
seed-2,decoding,admm_quadratic,17,1.02326500415802,0.004120782949030399,0.22638490796089172,1.9325773337186547e-06,8.751971449783014e-07,6,0.0010090514551848173,0.010127528570592403,1.0273877196843841,,
seed-2,decoding,admm_quadratic,18,1.022935152053833,0.004117595963180065,0.226579487323761,2.0299062271078583e-06,8.785135605648975e-07,6,0.0010510653955861926,0.010501652956008911,1.0270547779232402,,
seed-2,decoding,admm_quadratic,19,1.022592544555664,0.0041176131926476955,0.226876363158226,2.1328571619960712e-06,8.83480083757604e-07,6,0.0010916668688878417,0.010859865695238113,1.0267122906054738,,
seed-2,decoding,admm_quadratic,20,1.022235631942749,0.004120927304029465,0.22728294134140015,2.241465836050338e-06,8.886428872756369e-07,6,0.0011354543967172503,0.011319692246615887,1.0263588007126145,,
seed-2,decoding,admm_quadratic,21,1.0218647718429565,0.004127620719373226,0.22778789699077606,2.3556597170681925e-06,8.960270179159124e-07,6,0.0011656864080578089,0.011753855273127556,1.0259947482220468,,
seed-2,decoding,admm_quadratic,22,1.0214763879776,0.004138536751270294,0.22842289507389069,2.4753612706263084e-06,9.024769838106295e-07,6,0.0012027282500639558,0.012174226343631744,1.025617400090141,,
seed-2,decoding,admm_quadratic,23,1.021073579788208,0.00415337597951293,0.22917093336582184,2.600481366243912e-06,9.09600998966198e-07,6,0.0012420396087691188,0.012486269697546959,1.0252295562490872,,
seed-2,decoding,admm_quadratic,24,1.020655870437622,0.004172483924776316,0.23004214465618134,2.731182121351594e-06,9.184258260575007e-07,6,0.0012720763916149735,0.01272825337946415,1.0248310855445197,,
seed-2,decoding,admm_quadratic,25,1.0202206373214722,0.004196555353701115,0.23105724155902863,2.8672181997535517e-06,9.289266813539143e-07,6,0.0013169304002076387,0.013098624534904957,1.024420059893373,,
seed-2,decoding,admm_quadratic,26,1.0197645425796509,0.004226034507155418,0.23223011195659637,3.00806891573302e-06,9.414296187060245e-07,6,0.0013786106137558818,0.013533787801861763,1.023993585155722,,
seed-2,decoding,admm_quadratic,27,1.019288420677185,0.0042604971677064896,0.2335404008626938,3.1538286293653073e-06,9.559516911394894e-07,6,0.0014423145912587643,0.013899783603847027,1.023552071673521,,
seed-2,decoding,admm_quadratic,28,1.0187926292419434,0.004300404340028763,0.2350054681301117,3.3042647373804357e-06,9.723944458528422e-07,6,0.001492635696195066,0.014106489717960358,1.0230963378467095,,
seed-2,decoding,admm_quadratic,29,1.0182766914367676,0.004345265682786703,0.23660436272621155,3.459065283095697e-06,9.915764849210973e-07,6,0.0015384247526526451,0.014400636777281761,1.0226254161848374,,
seed-2,decoding,admm_quadratic,30,1.0177443027496338,0.004393854644149542,0.23830825090408325,3.618148184614256e-06,1.0123544598172884e-06,6,0.0015749013982713223,0.014586971141397953,1.022141775541968,,
seed-2,decoding,admm_tv,1,1.0279226303100586,0.004844627343118191,0.23975402116775513,1.102869077840296e-06,,,0.051037199795246124,0.05488958954811096,1.051899135295912,4.959726084052818e-06,
seed-2,decoding,admm_tv,2,1.0276075601577759,0.004646834917366505,0.23511464893817902,1.1130327948194463e-06,,,0.014309587888419628,0.0414702333509922,1.0511201380843886,1.1426445780671202e-06,
seed-2,decoding,admm_tv,3,1.0273422002792358,0.004481278359889984,0.23106876015663147,1.1299252946628258e-06,,,0.007776158861815929,0.022669244557619095,1.0504502062201937,2.8423045250747236e-07,
seed-2,decoding,admm_tv,4,1.027107834815979,0.004366746637970209,0.22818595170974731,1.1523005696290056e-06,,,0.0050239418633282185,0.01625879295170307,1.0499275822875234,9.919452281792474e-08,
seed-2,decoding,admm_tv,5,1.0269027948379517,0.004263963084667921,0.22554245591163635,1.179661580863467e-06,,,0.003740245709195733,0.014773800037801266,1.0494582200906961,4.57820874544268e-08,
seed-2,decoding,admm_tv,6,1.02671480178833,0.004173694644123316,0.22317014634609222,1.2119578514102614e-06,,,0.0031300000846385956,0.013385788537561893,1.0490330283807907,2.861380465901675e-08,
seed-2,decoding,admm_tv,7,1.0265377759933472,0.004092956427484751,0.22100438177585602,1.2491597090047435e-06,,,0.0028444011695683002,0.012362176552414894,1.0486394633306417,1.9075869772677834e-08,
seed-2,decoding,admm_tv,8,1.026363730430603,0.004020846914499998,0.21903850138187408,1.2911577869090252e-06,,,0.0027254438027739525,0.01155133917927742,1.0482688717265773,1.5260695818142267e-08,
seed-2,decoding,admm_tv,9,1.0261914730072021,0.003955791238695383,0.21724353730678558,1.3379545862335362e-06,,,0.0026843997184187174,0.010911989025771618,1.047917164692467,1.5260695818142267e-08,
seed-2,decoding,admm_tv,10,1.0260180234909058,0.0038971391040831804,0.2156057059764862,1.3895000847696792e-06,,,0.0026808285620063543,0.010400370694696903,1.0475799835886392,1.14455218636067e-08,
seed-2,decoding,admm_tv,11,1.025841474533081,0.003844861639663577,0.21411681175231934,1.445722887183365e-06,,,0.0026947350706905127,0.009971716441214085,1.0472546014312,7.630347909071133e-09,
seed-2,decoding,admm_tv,12,1.025660753250122,0.0037977849133312702,0.21274825930595398,1.5065371599121136e-06,,,0.002723844489082694,0.00966671947389841,1.0469370857178775,9.537934886338917e-09,
seed-2,decoding,admm_tv,13,1.025475263595581,0.0037549224216490984,0.21148212254047394,1.5720660258011776e-06,,,0.0027709114365279675,0.009448511525988579,1.0466250479156542,9.537934886338917e-09,
seed-2,decoding,admm_tv,14,1.0252809524536133,0.0037157845217734575,0.21032120287418365,1.6423022088929429e-06,,,0.002829228062182665,0.00933761801570654,1.0463147150432406,9.537934886338917e-09,
seed-2,decoding,admm_tv,15,1.0250813961029053,0.0036801618989557028,0.20925408601760864,1.7171415720440564e-06,,,0.0028838582802563906,0.00928310677409172,1.0460085218462383,1.14455218636067e-08,
seed-2,decoding,admm_tv,16,1.0248783826828003,0.0036473325453698635,0.2082735002040863,1.7964077869692119e-06,,,0.002929649082943797,0.00913894735276699,1.0457075291109958,1.14455218636067e-08,
seed-2,decoding,admm_tv,17,1.0246689319610596,0.00361731112934649,0.20737628638744354,1.8801913483912358e-06,,,0.00296892412006855,0.00908726453781128,1.0454084407911524,1.14455218636067e-08,
seed-2,decoding,admm_tv,18,1.02445387840271,0.0035903099924325943,0.20656388998031616,1.9685051029227907e-06,,,0.003002419602125883,0.009060988202691078,1.0451122359058445,1.3353108840874484e-08,
seed-2,decoding,admm_tv,19,1.024230718612671,0.003565805498510599,0.2058219164609909,2.061273335129954e-06,,,0.0030400475952774286,0.009109556674957275,1.0448149715321051,1.3353108840874484e-08,
seed-2,decoding,admm_tv,20,1.023996353149414,0.0035433899611234665,0.20513887703418732,2.1585067315754713e-06,,,0.003105403855443001,0.009261935949325562,1.0445123993595644,1.14455218636067e-08,
seed-2,decoding,admm_tv,21,1.0237535238265991,0.0035230524372309446,0.20452384650707245,2.2598717350774677e-06,,,0.003206701949238777,0.009458325803279877,1.0442081683490414,1.5260695818142267e-08,
seed-2,decoding,admm_tv,22,1.0235035419464111,0.0035052811726927757,0.2039819359779358,2.3651534775126493e-06,,,0.0032858678605407476,0.009547979570925236,1.0439041006976821,1.716828279541005e-08,
seed-2,decoding,admm_tv,23,1.0232441425323486,0.0034895315766334534,0.20350342988967896,2.4744260826992104e-06,,,0.0033683187793940306,0.009656032547354698,1.0435969599473993,1.5260695818142267e-08,
seed-2,decoding,admm_tv,24,1.0229774713516235,0.003476751269772649,0.20311574637889862,2.587582685009693e-06,,,0.0034539871849119663,0.009721455164253712,1.0432916335721985,1.5260695818142267e-08,
seed-2,decoding,admm_tv,25,1.0227019786834717,0.003465730231255293,0.2027909904718399,2.7046808099839836e-06,,,0.0035231548827141523,0.0097899679094553,1.0429837824114656,1.716828279541005e-08,
seed-2,decoding,admm_tv,26,1.0224180221557617,0.003457200713455677,0.20255310833454132,2.8254073640709976e-06,,,0.0035868315026164055,0.009792015887796879,1.04267615839658,1.716828279541005e-08,
seed-2,decoding,admm_tv,27,1.0221257209777832,0.003450924064964056,0.20239035785198212,2.949700956378365e-06,,,0.003644319251179695,0.009795584715902805,1.0423677064639378,1.9075869772677834e-08,
seed-2,decoding,admm_tv,28,1.0218262672424316,0.003446492599323392,0.20229294896125793,3.0776677704125177e-06,,,0.0036732126027345657,0.009828672744333744,1.0420586398063278,1.716828279541005e-08,
seed-2,decoding,admm_tv,29,1.0215202569961548,0.0034437559079378843,0.20223848521709442,3.209132501069689e-06,,,0.0036873728968203068,0.009848996065557003,1.0417473146503653,1.716828279541005e-08,
seed-2,decoding,admm_tv,30,1.021204948425293,0.0034423088654875755,0.2022298276424408,3.3440692277508788e-06,,,0.003733678488060832,0.009959560818970203,1.0414312752587649,1.5260695818142267e-08,
seed-2,decoding,control,1,1.0277762413024902,0.004835925530642271,0.23976457118988037,1.1034594535885844e-06,,,,,,,
seed-2,decoding,control,2,1.0273116827011108,0.004775118548423052,0.23872438073158264,1.115622467295907e-06,,,,,,,
seed-2,decoding,control,3,1.02693772315979,0.004740634933114052,0.2380610555410385,1.1340357559674885e-06,,,,,,,
seed-2,decoding,control,4,1.026613473892212,0.004722931422293186,0.23767998814582825,1.158409418167139e-06,,,,,,,
seed-2,decoding,control,5,1.026308536529541,0.004712104331701994,0.2374630570411682,1.188554051623214e-06,,,,,,,
seed-2,decoding,control,6,1.026010274887085,0.004702947102487087,0.23731325566768646,1.2245973266544752e-06,,,,,,,
seed-2,decoding,control,7,1.0257130861282349,0.004692555870860815,0.237177312374115,1.266665208277118e-06,,,,,,,
seed-2,decoding,control,8,1.0254125595092773,0.004682428669184446,0.2370886355638504,1.3148613788871444e-06,,,,,,,
seed-2,decoding,control,9,1.025107502937317,0.0046752868220210075,0.2371039092540741,1.3693148730453686e-06,,,,,,,
seed-2,decoding,control,10,1.024796485900879,0.004672465845942497,0.23723681271076202,1.4300167094916105e-06,,,,,,,
seed-2,decoding,control,11,1.0244734287261963,0.004673863761126995,0.237502783536911,1.4970661368352012e-06,,,,,,,
seed-2,decoding,control,12,1.0241339206695557,0.004679457284510136,0.2379097044467926,1.570724748489738e-06,,,,,,,
seed-2,decoding,control,13,1.0237778425216675,0.004689614754170179,0.23846277594566345,1.651184447837295e-06,,,,,,,
seed-2,decoding,control,14,1.023402452468872,0.00470595620572567,0.23919907212257385,1.7386857962264912e-06,,,,,,,
seed-2,decoding,control,15,1.0230023860931396,0.004727588035166264,0.24009573459625244,1.833344981605478e-06,,,,,,,
seed-2,decoding,control,16,1.0225738286972046,0.004757551476359367,0.24122390151023865,1.9353969946678262e-06,,,,,,,
seed-2,decoding,control,17,1.0221184492111206,0.004798348993062973,0.24265122413635254,2.0449642761377618e-06,,,,,,,
seed-2,decoding,control,18,1.0216360092163086,0.004847353789955378,0.24432091414928436,2.1619109702442074e-06,,,,,,,
seed-2,decoding,control,19,1.021122932434082,0.004910319112241268,0.24637190997600555,2.2863900994707365e-06,,,,,,,
seed-2,decoding,control,20,1.0205849409103394,0.004989121109247208,0.24881646037101746,2.417628593320842e-06,,,,,,,
seed-2,decoding,control,21,1.0200207233428955,0.0050825271755456924,0.25158530473709106,2.5555123102094512e-06,,,,,,,
seed-2,decoding,control,22,1.0194296836853027,0.005191218573600054,0.2546745538711548,2.700018967516371e-06,,,,,,,
seed-2,decoding,control,23,1.01881742477417,0.005312361288815737,0.258034348487854,2.8505776299425634e-06,,,,,,,
seed-2,decoding,control,24,1.0181808471679688,0.005446502938866615,0.26167282462120056,3.006173983521876e-06,,,,,,,
seed-2,decoding,control,25,1.017509937286377,0.0055931624956429005,0.26559722423553467,3.166442411384196e-06,,,,,,,
seed-2,decoding,control,26,1.0168044567108154,0.005759073421359062,0.2699465751647949,3.3313879157503834e-06,,,,,,,
seed-2,decoding,control,27,1.0160632133483887,0.005945096258074045,0.2747351825237274,3.5008665690838825e-06,,,,,,,
seed-2,decoding,control,28,1.0152907371520996,0.006151290610432625,0.2799815833568573,3.6738751987286378e-06,,,,,,,
seed-2,decoding,control,29,1.014490008354187,0.0063757747411727905,0.2855960726737976,3.84894974558847e-06,,,,,,,
seed-2,decoding,control,30,1.0136518478393555,0.006619349122047424,0.2915392518043518,4.025983344035922e-06,,,,,,,
seed-2,decoding,direct_quadratic,1,1.0278031826019287,0.004731387831270695,0.23758666217327118,1.103591102946666e-06,,,,,1.0325356740243024,,
seed-2,decoding,direct_quadratic,2,1.0273942947387695,0.004578271880745888,0.23450729250907898,1.1160392432429944e-06,,,,,1.0319736826587587,,
seed-2,decoding,direct_quadratic,3,1.027066946029663,0.004465512465685606,0.23207256197929382,1.13486498776183e-06,,,,,1.0315335933603365,,
seed-2,decoding,direct_quadratic,4,1.0267761945724487,0.004386723041534424,0.23030729591846466,1.1596523563639494e-06,,,,,1.0311640772663395,,
seed-2,decoding,direct_quadratic,5,1.0264999866485596,0.004330347292125225,0.2290506511926651,1.1901328207386541e-06,,,,,1.0308315240735055,,
seed-2,decoding,direct_quadratic,6,1.0262271165847778,0.004288722760975361,0.22815240919589996,1.2261826896065031e-06,,,,,1.0305170655284428,,
seed-2,decoding,direct_quadratic,7,1.0259532928466797,0.0042540570721030235,0.22744162380695343,1.2676467804340064e-06,,,,,1.0302086175655631,,
seed-2,decoding,direct_quadratic,8,1.0256785154342651,0.0042246556840837,0.22688324749469757,1.3145020147931064e-06,,,,,1.0299044856203636,,
seed-2,decoding,direct_quadratic,9,1.0253995656967163,0.004199889954179525,0.22645203769207,1.366913011224824e-06,,,,,1.029600822563907,,
seed-2,decoding,direct_quadratic,10,1.025115728378296,0.004179096315056086,0.2261442244052887,1.4248395245886059e-06,,,,,1.0292962495328766,,
seed-2,decoding,direct_quadratic,11,1.0248231887817383,0.00416311202570796,0.2259848266839981,1.4883207768434659e-06,,,,,1.028987789128223,,
seed-2,decoding,direct_quadratic,12,1.0245215892791748,0.004151316359639168,0.22594811022281647,1.557462155687972e-06,,,,,1.0286744631009697,,
seed-2,decoding,direct_quadratic,13,1.02420973777771,0.004141691606491804,0.22598502039909363,1.632521389183239e-06,,,,,1.028353061905591,,
seed-2,decoding,direct_quadratic,14,1.0238862037658691,0.004135622177273035,0.22612233459949493,1.7136790120275691e-06,,,,,1.0280235396221542,,
seed-2,decoding,direct_quadratic,15,1.0235477685928345,0.0041333651170134544,0.22636635601520538,1.800699806153716e-06,,,,,1.027682934409654,,
seed-2,decoding,direct_quadratic,16,1.023187279701233,0.0041351052932441235,0.22674795985221863,1.893793637464114e-06,,,,,1.0273242787881145,,
seed-2,decoding,direct_quadratic,17,1.0228053331375122,0.004141311161220074,0.22726237773895264,1.9930976122850552e-06,,,,,1.0269486373963446,,
seed-2,decoding,direct_quadratic,18,1.0223984718322754,0.004153660032898188,0.22794227302074432,2.09849645216309e-06,,,,,1.0265542303616257,,
seed-2,decoding,direct_quadratic,19,1.0219707489013672,0.0041734157130122185,0.22882752120494843,2.2100798560131807e-06,,,,,1.0261463746942354,,
seed-2,decoding,direct_quadratic,20,1.021529197692871,0.00419782567769289,0.22986386716365814,2.3275692910829093e-06,,,,,1.025729350939855,,
seed-2,decoding,direct_quadratic,21,1.0210694074630737,0.0042282105423510075,0.23109130561351776,2.4507664875272894e-06,,,,,1.0253000687719123,,
seed-2,decoding,direct_quadratic,22,1.020585536956787,0.004266628064215183,0.23253121972084045,2.5795773126446875e-06,,,,,1.024854744598315,,
seed-2,decoding,direct_quadratic,23,1.0200819969177246,0.0043101259507238865,0.23411881923675537,2.7139637950313045e-06,,,,,1.0243948368322435,,
seed-2,decoding,direct_quadratic,24,1.0195592641830444,0.004359683953225613,0.2358694076538086,2.8532724627439165e-06,,,,,1.0239218014087328,,
seed-2,decoding,direct_quadratic,25,1.0190118551254272,0.004417089279741049,0.23782841861248016,2.9976001769682625e-06,,,,,1.0234319420053453,,
seed-2,decoding,direct_quadratic,26,1.0184468030929565,0.004475384950637817,0.23982688784599304,3.1467598091694526e-06,,,,,1.0229253348034035,,
seed-2,decoding,direct_quadratic,27,1.017852783203125,0.0045397402718663216,0.24198225140571594,3.2999857921822695e-06,,,,,1.0223958234607835,,
seed-2,decoding,direct_quadratic,28,1.0172325372695923,0.0046073757112026215,0.2442770153284073,3.4569350191304693e-06,,,,,1.021843369915814,,
seed-2,decoding,direct_quadratic,29,1.0165817737579346,0.004686533007770777,0.2468947023153305,3.6173203170619672e-06,,,,,1.0212719240860224,,
seed-2,decoding,direct_quadratic,30,1.0158987045288086,0.004779762588441372,0.2498445361852646,3.7799941310368013e-06,,,,,1.020682247111381,,
seed-2,decoding,pnp,1,1.0279226303100586,0.004844627343118191,0.23975402116775513,1.102869077840296e-06,,,0.0025448016822338104,0.016842657700181007,,,0.021751508116722107
seed-2,decoding,pnp,2,1.027510166168213,0.004798184614628553,0.23893441259860992,1.1139767366330489e-06,,,0.00024341724929399788,0.01525794342160225,,,0.021751508116722107
seed-2,decoding,pnp,3,1.0271414518356323,0.004759068135172129,0.23824149370193481,1.131334101955872e-06,,,0.00018579310562927276,0.01394769735634327,,,0.021751508116722107
seed-2,decoding,pnp,4,1.0268094539642334,0.004726981744170189,0.23768170177936554,1.1545423603820382e-06,,,0.0001803033665055409,0.012207466177642345,,,0.021751508116722107
seed-2,decoding,pnp,5,1.0264954566955566,0.004700060933828354,0.23720568418502808,1.183527274406515e-06,,,0.00017586721514817327,0.011312692426145077,,,0.021751508116722107
seed-2,decoding,pnp,6,1.026191234588623,0.004678196273744106,0.23682069778442383,1.2183008948341012e-06,,,0.00017788793775252998,0.010575978085398674,,,0.021751508116722107
seed-2,decoding,pnp,7,1.0258948802947998,0.00465980963781476,0.2365136295557022,1.2587876199177117e-06,,,0.0001788137888070196,0.01008319016546011,,,0.021751508116722107
seed-2,decoding,pnp,8,1.0256017446517944,0.004644362721592188,0.23629023134708405,1.3050986353846383e-06,,,0.0001794166601030156,0.009749868884682655,,,0.021751508116722107
seed-2,decoding,pnp,9,1.0253098011016846,0.004631990101188421,0.2361474633216858,1.357211090180499e-06,,,0.00018002791330218315,0.009591979905962944,,,0.021751508116722107
seed-2,decoding,pnp,10,1.0250144004821777,0.0046228147111833096,0.23608528077602386,1.415207748323155e-06,,,0.00018219166668131948,0.009605847299098969,,,0.021751508116722107
seed-2,decoding,pnp,11,1.0247154235839844,0.004616881720721722,0.2361041009426117,1.4791584135309677e-06,,,0.0001862222416093573,0.0096580283716321,,,0.021751508116722107
seed-2,decoding,pnp,12,1.024409294128418,0.004613944794982672,0.23621392250061035,1.5490068108192645e-06,,,0.00018869222549255937,0.009814152494072914,,,0.021751508116722107
seed-2,decoding,pnp,13,1.0240929126739502,0.004614012315869331,0.23641230165958405,1.6248545762209687e-06,,,0.00019288001931272447,0.010114163160324097,,,0.021751508116722107
seed-2,decoding,pnp,14,1.0237642526626587,0.004617634695023298,0.23672084510326385,1.7070026387955295e-06,,,0.00020311196567490697,0.010465133003890514,,,0.021751508116722107
seed-2,decoding,pnp,15,1.0234248638153076,0.004625506233423948,0.23715615272521973,1.7956205056179897e-06,,,0.0002127211046172306,0.010814265348017216,,,0.021751508116722107
seed-2,decoding,pnp,16,1.0230717658996582,0.004637105390429497,0.237709179520607,1.8905640217781183e-06,,,0.00022284401347860694,0.011197950690984726,,,0.021751508116722107
seed-2,decoding,pnp,17,1.0227019786834717,0.004652560688555241,0.23838262259960175,1.9918522866646526e-06,,,0.00023292026889976114,0.011725736781954765,,,0.021751508116722107
seed-2,decoding,pnp,18,1.0223153829574585,0.00467272475361824,0.23918567597866058,2.0997074443585007e-06,,,0.00024053519882727414,0.012281280942261219,,,0.021751508116722107
seed-2,decoding,pnp,19,1.0219097137451172,0.004697620868682861,0.24012355506420135,2.2142751276987838e-06,,,0.00024291178851854056,0.012818439863622189,,,0.021751508116722107
seed-2,decoding,pnp,20,1.0214836597442627,0.004727495834231377,0.24120017886161804,2.3357270038104616e-06,,,0.00024703340022824705,0.013425570912659168,,,0.021751508116722107
seed-2,decoding,pnp,21,1.0210379362106323,0.004763954784721136,0.24246548116207123,2.4638770810270216e-06,,,0.0002542844449635595,0.014008644968271255,,,0.021751508116722107
seed-2,decoding,pnp,22,1.0205717086791992,0.004808290395885706,0.24393664300441742,2.598601213321672e-06,,,0.00026664778124541044,0.014541979879140854,,,0.021751508116722107
seed-2,decoding,pnp,23,1.0200831890106201,0.004860188812017441,0.24560391902923584,2.7395913093641866e-06,,,0.00027189403772354126,0.01514256652444601,,,0.021751508116722107
seed-2,decoding,pnp,24,1.019568920135498,0.004920537583529949,0.24749507009983063,2.8867152650491334e-06,,,0.0002764691598713398,0.015772955492138863,,,0.021751508116722107
seed-2,decoding,pnp,25,1.0190290212631226,0.004989444278180599,0.2496112883090973,3.039880994037958e-06,,,0.0002867506700567901,0.016343647614121437,,,0.021751508116722107
seed-2,decoding,pnp,26,1.0184710025787354,0.005067438818514347,0.25195419788360596,3.198775175405899e-06,,,0.00028834285330958664,0.0166986882686615,,,0.021751508116722107
seed-2,decoding,pnp,27,1.0178892612457275,0.00515549024567008,0.2545425295829773,3.363346422702307e-06,,,0.00028823575121350586,0.0171048603951931,,,0.021751508116722107
seed-2,decoding,pnp,28,1.0172827243804932,0.005254354793578386,0.2573719918727875,3.5332798233866924e-06,,,0.0002970866044051945,0.017553085461258888,,,0.021751508116722107
seed-2,decoding,pnp,29,1.0166478157043457,0.005365270655602217,0.2604753077030182,3.708001941049588e-06,,,0.00030256350873969495,0.01802006922662258,,,0.021751508116722107
seed-2,decoding,pnp,30,1.0159837007522583,0.005489876959472895,0.26388034224510193,3.887217189912917e-06,,,0.00030853410135023296,0.0185833852738142,,,0.021751508116722107
seed-2,gatsby,admm_quadratic,1,1.0565836429595947,0.004972528666257858,0.1883956491947174,5.8923860706272535e-06,6.57896748634812e-07,6,0.02889285236597061,0.033595167100429535,1.0615620640119232,,
seed-2,gatsby,admm_quadratic,2,1.056201696395874,0.004876489285379648,0.1878148466348648,5.906202204641886e-06,7.940703312669939e-07,6,0.006235251668840647,0.02430431731045246,1.0610840918834583,,
seed-2,gatsby,admm_quadratic,3,1.0558514595031738,0.00478615565225482,0.18732988834381104,5.92710330238333e-06,8.356869898307195e-07,6,0.001842855359427631,0.01228371448814869,1.060643542258731,,
seed-2,gatsby,admm_quadratic,4,1.0555293560028076,0.004713519476354122,0.18703436851501465,5.952545507170726e-06,8.464446068501275e-07,6,0.0012576667359098792,0.011025847867131233,1.060248828024669,,
seed-2,gatsby,admm_quadratic,5,1.0552337169647217,0.0046478984877467155,0.18677453696727753,5.982808033877518e-06,8.46429259127035e-07,6,0.001240140525624156,0.010191453620791435,1.0598875982605023,,
seed-2,gatsby,admm_quadratic,6,1.0549592971801758,0.0045870766043663025,0.18654076755046844,6.01803094468778e-06,8.429767603956861e-07,6,0.001214244170114398,0.00957847572863102,1.0595523918154868,,
seed-2,gatsby,admm_quadratic,7,1.054701805114746,0.004530746955424547,0.18632672727108002,6.058076451154193e-06,8.3754167690131e-07,6,0.001164906658232212,0.009074199944734573,1.0592386101466218,,
seed-2,gatsby,admm_quadratic,8,1.0544564723968506,0.004477488808333874,0.18611930310726166,6.103100531618111e-06,8.313519401781377e-07,6,0.0011166020995005965,0.008648546412587166,1.058940064305716,,
seed-2,gatsby,admm_quadratic,9,1.05422043800354,0.004426717758178711,0.18591322004795074,6.153250978968572e-06,8.241944442488602e-07,6,0.0010838432935997844,0.008327511139214039,1.0586533090126977,,
seed-2,gatsby,admm_quadratic,10,1.0539937019348145,0.0043787648901343346,0.18572241067886353,6.2084700402920134e-06,8.17723332602327e-07,6,0.0010493154404684901,0.008055844344198704,1.058378675294989,,
seed-2,gatsby,admm_quadratic,11,1.0537762641906738,0.004332985728979111,0.1855497807264328,6.268688593991101e-06,8.107251687761163e-07,6,0.0010227607563138008,0.007836423814296722,1.058115518608247,,
seed-2,gatsby,admm_quadratic,12,1.0535624027252197,0.004289975389838219,0.1854022741317749,6.333810233627446e-06,8.057846798692481e-07,6,0.0010047119576483965,0.007736972998827696,1.0578587119252916,,
seed-2,gatsby,admm_quadratic,13,1.053351879119873,0.004248662386089563,0.1852675974369049,6.40389680484077e-06,7.98213704911177e-07,6,0.000999019481241703,0.007695150561630726,1.0576069454027675,,
seed-2,gatsby,admm_quadratic,14,1.0531436204910278,0.00420899223536253,0.18514686822891235,6.479010608018143e-06,7.940614068502327e-07,6,0.000996659160591662,0.007668463978916407,1.0573590917369984,,
seed-2,gatsby,admm_quadratic,15,1.0529377460479736,0.004171236418187618,0.18504026532173157,6.559176199516514e-06,7.883898547333956e-07,6,0.0009851108770817518,0.007621416822075844,1.0571155416423608,,
seed-2,gatsby,admm_quadratic,16,1.0527336597442627,0.004135630093514919,0.18494881689548492,6.644237146247178e-06,7.816151992301457e-07,6,0.00097626046044752,0.007651995867490768,1.0568759340749239,,
seed-2,gatsby,admm_quadratic,17,1.0525319576263428,0.004101485013961792,0.18487393856048584,6.733941518177744e-06,7.758665105939144e-07,6,0.0009763794369064271,0.007704869378358126,1.0566401765818227,,
seed-2,gatsby,admm_quadratic,18,1.0523309707641602,0.004068135283887386,0.18480652570724487,6.8281551648397e-06,7.708059683864121e-07,6,0.000982243218459189,0.007778883911669254,1.0564059342032124,,
seed-2,gatsby,admm_quadratic,19,1.0521329641342163,0.0040362123399972916,0.18474283814430237,6.926743026269833e-06,7.658076128791436e-07,6,0.0009748486336320639,0.007773613557219505,1.0561761032172399,,
seed-2,gatsby,admm_quadratic,20,1.0519371032714844,0.004006141796708107,0.18468691408634186,7.029510925349314e-06,7.613089678670804e-07,6,0.0009617659961804748,0.007755821570754051,1.0559502745791178,,
seed-2,gatsby,admm_quadratic,21,1.0517419576644897,0.003978046588599682,0.18463894724845886,7.136471140256617e-06,7.574753340122697e-07,6,0.0009498603758402169,0.007751466706395149,1.0557271407242297,,
seed-2,gatsby,admm_quadratic,22,1.0515506267547607,0.0039512719959020615,0.18459199368953705,7.2478537731512915e-06,7.548901521658991e-07,6,0.0009357749950140715,0.007732244208455086,1.055509146604436,,
seed-2,gatsby,admm_quadratic,23,1.0513592958450317,0.00392554234713316,0.18454110622406006,7.363833447016077e-06,7.514606181757699e-07,6,0.0009300098172388971,0.007732240948826075,1.055292202025612,,
seed-2,gatsby,admm_quadratic,24,1.0511689186096191,0.003901169402524829,0.1844978630542755,7.4844401751761325e-06,7.482620389964723e-07,6,0.000925480155274272,0.007730573415756226,1.0550775724523191,,
seed-2,gatsby,admm_quadratic,25,1.0509806871414185,0.0038781939074397087,0.18446072936058044,7.60928014642559e-06,7.4370296943016e-07,6,0.0009160808986052871,0.007714610081166029,1.0548664903290046,,
seed-2,gatsby,admm_quadratic,26,1.0507943630218506,0.0038563059642910957,0.18442803621292114,7.738431122561451e-06,7.408020792354364e-07,6,0.0008965864544734359,0.0076611824333667755,1.0546584074172642,,
seed-2,gatsby,admm_quadratic,27,1.0506112575531006,0.003835330717265606,0.1844087392091751,7.872139576647896e-06,7.367712555605976e-07,6,0.000879253726452589,0.007593958172947168,1.0544544604099428,,
seed-2,gatsby,admm_quadratic,28,1.050428867340088,0.0038154039066284895,0.1844022274017334,8.010481906239875e-06,7.348834856202302e-07,6,0.0008705214131623507,0.007569636683911085,1.0542522817286226,,
seed-2,gatsby,admm_quadratic,29,1.050248384475708,0.0037967718672007322,0.18440493941307068,8.152861482813023e-06,7.320887789319386e-07,6,0.0008668445516377687,0.00751725398004055,1.0540533092043916,,
seed-2,gatsby,admm_quadratic,30,1.0500710010528564,0.0037793589290231466,0.1844078153371811,8.298971806652844e-06,7.313446417356317e-07,6,0.0008605560869909823,0.007436735555529594,1.0538586589536862,,
seed-2,gatsby,admm_tv,1,1.0565836429595947,0.004972528666257858,0.1883956491947174,5.8923860706272535e-06,,,0.051493722945451736,0.053623221814632416,1.075429100265137,2.9075477868900634e-05,
seed-2,gatsby,admm_tv,2,1.0562608242034912,0.004875767510384321,0.18721811473369598,5.9081630752189085e-06,,,0.01528604980558157,0.044276293367147446,1.074988543839936,8.890659955795854e-06,
seed-2,gatsby,admm_tv,3,1.0559680461883545,0.004789762198925018,0.18609753251075745,5.931160558247939e-06,,,0.008996173739433289,0.0145794115960598,1.0745837305999886,4.349190021457616e-06,
seed-2,gatsby,admm_tv,4,1.0556793212890625,0.004722920712083578,0.18531285226345062,5.95881147091859e-06,,,0.006068156100809574,0.011609792709350586,1.0742165653268785,2.6201960281468928e-06,
seed-2,gatsby,admm_tv,5,1.055413007736206,0.004661625251173973,0.18457745015621185,5.9914937082794495e-06,,,0.0044965241104364395,0.01033753901720047,1.0738767442455355,1.5885988204900059e-06,
seed-2,gatsby,admm_tv,6,1.0551637411117554,0.00460459291934967,0.1838715672492981,6.029418727848679e-06,,,0.0036270059645175934,0.009602186270058155,1.073556927255413,1.0331233397664619e-06,
seed-2,gatsby,admm_tv,7,1.0549284219741821,0.00455055246129632,0.18317848443984985,6.072598353057401e-06,,,0.0030687188263982534,0.009118475951254368,1.0732523430165202,7.187608730419015e-07,
seed-2,gatsby,admm_tv,8,1.054706335067749,0.004499251488596201,0.18250294029712677,6.120904345152667e-06,,,0.0026632945518940687,0.008732573129236698,1.0729627500018069,5.585275175690185e-07,
seed-2,gatsby,admm_tv,9,1.0544952154159546,0.00445026159286499,0.18184047937393188,6.174369445943739e-06,,,0.002404852770268917,0.008397809229791164,1.0726854377227937,4.5475738374989305e-07,
seed-2,gatsby,admm_tv,10,1.054293155670166,0.004404318053275347,0.18119588494300842,6.233221029106062e-06,,,0.0022409483790397644,0.00813591293990612,1.072418977385496,3.692996415338712e-07,
seed-2,gatsby,admm_tv,11,1.0540995597839355,0.004360397811979055,0.18055960536003113,6.297217623796314e-06,,,0.00211909506469965,0.007884681224822998,1.0721618175375625,3.280967746377428e-07,
seed-2,gatsby,admm_tv,12,1.0539100170135498,0.004318533465266228,0.1799434870481491,6.366400612023426e-06,,,0.002023083623498678,0.007708283606916666,1.0719107321189767,2.838418708961399e-07,
seed-2,gatsby,admm_tv,13,1.0537248849868774,0.004278259817510843,0.17934300005435944,6.440387551265303e-06,,,0.001956930849701166,0.007600407116115093,1.0716656253798647,2.4874313453437935e-07,
seed-2,gatsby,admm_tv,14,1.0535423755645752,0.0042392658069729805,0.17875820398330688,6.519115231640171e-06,,,0.0019068907713517547,0.007525146007537842,1.0714247150781375,2.334828224093144e-07,
seed-2,gatsby,admm_tv,15,1.0533627271652222,0.004201551899313927,0.17818181216716766,6.602648682019208e-06,,,0.001888175611384213,0.00750866811722517,1.071187511030621,2.3043075714213046e-07,
seed-2,gatsby,admm_tv,16,1.0531857013702393,0.004165042657405138,0.1776115596294403,6.691046110063326e-06,,,0.0018850753549486399,0.00749052781611681,1.0709535483792934,2.3653488767649833e-07,
seed-2,gatsby,admm_tv,17,1.0530097484588623,0.004129110369831324,0.17704865336418152,6.783860953873955e-06,,,0.001904768287204206,0.007477388717234135,1.0707213976562344,2.426390040000115e-07,
seed-2,gatsby,admm_tv,18,1.05283522605896,0.00409387331455946,0.1764986366033554,6.881417903059628e-06,,,0.0019266561139374971,0.007467948365956545,1.0704919711371985,2.3958693873282755e-07,
seed-2,gatsby,admm_tv,19,1.052661418914795,0.00405957130715251,0.17596308887004852,6.983814728300786e-06,,,0.0019375873962417245,0.007504168897867203,1.070264711616528,2.3043075714213046e-07,
seed-2,gatsby,admm_tv,20,1.0524882078170776,0.004026450216770172,0.1754378229379654,7.090715371305123e-06,,,0.0019335089018568397,0.0075246477499604225,1.0700390808262454,2.2737869187494653e-07,
seed-2,gatsby,admm_tv,21,1.0523165464401245,0.003993812017142773,0.17491984367370605,7.20166826795321e-06,,,0.0019378402503207326,0.007486783899366856,1.0698157324757631,2.3195678977572243e-07,
seed-2,gatsby,admm_tv,22,1.052144169807434,0.003962012939155102,0.1744147539138794,7.316529718082165e-06,,,0.0019593513570725918,0.007552700117230415,1.06959296172854,2.4416505084445816e-07,
seed-2,gatsby,admm_tv,23,1.0519722700119019,0.003931456711143255,0.1739218682050705,7.435640782205155e-06,,,0.001991689670830965,0.007618010975420475,1.0693718924731912,2.4416505084445816e-07,
seed-2,gatsby,admm_tv,24,1.0518020391464233,0.003901807824149728,0.17343412339687347,7.559332516393624e-06,,,0.00202733906917274,0.00758000323548913,1.0691530108186271,2.4416505084445816e-07,
seed-2,gatsby,admm_tv,25,1.0516332387924194,0.0038733785040676594,0.1729598194360733,7.687898687436245e-06,,,0.002062257844954729,0.0074801258742809296,1.0689369086347142,2.517951998015633e-07,
seed-2,gatsby,admm_tv,26,1.0514655113220215,0.003845520783215761,0.17250268161296844,7.82110419095261e-06,,,0.002099188044667244,0.007427932694554329,1.0687236005875094,2.685815445602202e-07,
seed-2,gatsby,admm_tv,27,1.0512996912002563,0.003818585304543376,0.17205527424812317,7.958705282362644e-06,,,0.0021309400908648968,0.0073816413059830666,1.0685131773303511,2.6705552613748296e-07,
seed-2,gatsby,admm_tv,28,1.0511354207992554,0.003792518749833107,0.17162182927131653,8.10067376733059e-06,,,0.0021429143380373716,0.007340024225413799,1.0683057044001543,2.6247741402585234e-07,
seed-2,gatsby,admm_tv,29,1.0509716272354126,0.003767039394006133,0.17119935154914856,8.24678863864392e-06,,,0.0021559428423643112,0.0072918906807899475,1.0680998091789662,2.6705552613748296e-07,
seed-2,gatsby,admm_tv,30,1.050808310508728,0.0037419013679027557,0.17078620195388794,8.397074452659581e-06,,,0.0021711993031203747,0.007217115256935358,1.0678953277785694,2.746856750945881e-07,
seed-2,gatsby,control,1,1.0565569400787354,0.004975949879735708,0.18844211101531982,5.891906766919419e-06,,,,,,,
seed-2,gatsby,control,2,1.0561394691467285,0.004929954651743174,0.18848925828933716,5.903801593376556e-06,,,,,,,
seed-2,gatsby,control,3,1.0557674169540405,0.004886812996119261,0.1885354071855545,5.922068339714315e-06,,,,,,,
seed-2,gatsby,control,4,1.0554319620132446,0.0048462930135428905,0.18853585422039032,5.945862085354747e-06,,,,,,,
seed-2,gatsby,control,5,1.055126428604126,0.004807520192116499,0.18848775327205658,5.975174190098187e-06,,,,,,,
seed-2,gatsby,control,6,1.0548450946807861,0.004770063795149326,0.18842050433158875,6.009694516251329e-06,,,,,,,
seed-2,gatsby,control,7,1.054582118988037,0.00473377900198102,0.1883591264486313,6.049413968867157e-06,,,,,,,
seed-2,gatsby,control,8,1.054333209991455,0.004697846714407206,0.1882936656475067,6.094474883866496e-06,,,,,,,
seed-2,gatsby,control,9,1.0540947914123535,0.004662056919187307,0.18821895122528076,6.145008683233755e-06,,,,,,,
seed-2,gatsby,control,10,1.0538619756698608,0.004627328831702471,0.18816125392913818,6.200696134328609e-06,,,,,,,
seed-2,gatsby,control,11,1.0536333322525024,0.004595307167619467,0.18814367055892944,6.261621365410974e-06,,,,,,,
seed-2,gatsby,control,12,1.0534077882766724,0.004565980285406113,0.1881761997938156,6.327715709630866e-06,,,,,,,
seed-2,gatsby,control,13,1.0531845092773438,0.004537187982350588,0.18822941184043884,6.398928690032335e-06,,,,,,,
seed-2,gatsby,control,14,1.0529637336730957,0.004508606623858213,0.1882997453212738,6.476056569226785e-06,,,,,,,
seed-2,gatsby,control,15,1.052743673324585,0.004480738192796707,0.18837779760360718,6.559001576533774e-06,,,,,,,
seed-2,gatsby,control,16,1.0525250434875488,0.0044537861831486225,0.18846601247787476,6.64780327497283e-06,,,,,,,
seed-2,gatsby,control,17,1.052304983139038,0.0044281138107180595,0.18856599926948547,6.742177902197e-06,,,,,,,
seed-2,gatsby,control,18,1.0520833730697632,0.004403212107717991,0.1886805146932602,6.841538834123639e-06,,,,,,,
seed-2,gatsby,control,19,1.0518615245819092,0.004379572346806526,0.18882496654987335,6.9456964411074296e-06,,,,,,,
seed-2,gatsby,control,20,1.0516412258148193,0.004356871824711561,0.1889788657426834,7.054859906929778e-06,,,,,,,
seed-2,gatsby,control,21,1.0514228343963623,0.004335443954914808,0.18915331363677979,7.169343916757498e-06,,,,,,,
seed-2,gatsby,control,22,1.051207423210144,0.004315919242799282,0.18935100734233856,7.289175300684292e-06,,,,,,,
seed-2,gatsby,control,23,1.0509936809539795,0.004298292566090822,0.1895633488893509,7.413905223074835e-06,,,,,,,
seed-2,gatsby,control,24,1.0507830381393433,0.004283885005861521,0.18979161977767944,7.543551419075811e-06,,,,,,,
seed-2,gatsby,control,25,1.0505719184875488,0.00427111703902483,0.19002987444400787,7.677960638829973e-06,,,,,,,
seed-2,gatsby,control,26,1.05036461353302,0.004259386099874973,0.1902795135974884,7.816793186066207e-06,,,,,,,
seed-2,gatsby,control,27,1.050161361694336,0.004247847478836775,0.19052185118198395,7.96026324678678e-06,,,,,,,
seed-2,gatsby,control,28,1.0499598979949951,0.004236972890794277,0.19076040387153625,8.108415386232082e-06,,,,,,,
seed-2,gatsby,control,29,1.0497629642486572,0.00422699423506856,0.19098018109798431,8.260861250164453e-06,,,,,,,
seed-2,gatsby,control,30,1.0495694875717163,0.004217696376144886,0.19120244681835175,8.417543540417682e-06,,,,,,,
seed-2,gatsby,direct_quadratic,1,1.0565720796585083,0.004939484875649214,0.18801645934581757,5.895763933949638e-06,,,,,1.0615174602980915,,
seed-2,gatsby,direct_quadratic,2,1.0561649799346924,0.0048622265458106995,0.18769928812980652,5.9110830079589505e-06,,,,,1.061033117563511,,
seed-2,gatsby,direct_quadratic,3,1.055801272392273,0.004790122155100107,0.18740908801555634,5.933307875238825e-06,,,,,1.0605973278552483,,
seed-2,gatsby,direct_quadratic,4,1.0554757118225098,0.0047212084755301476,0.18710510432720184,5.961084752925672e-06,,,,,1.0602028813827928,,
seed-2,gatsby,direct_quadratic,5,1.055179476737976,0.004655451979488134,0.18680234253406525,5.993516879243543e-06,,,,,1.0598409222343435,,
seed-2,gatsby,direct_quadratic,6,1.0549046993255615,0.0045931641943752766,0.18652327358722687,6.030484200891806e-06,,,,,1.0595038940041377,,
seed-2,gatsby,direct_quadratic,7,1.054648756980896,0.004534988198429346,0.1862724870443344,6.0722290982084814e-06,,,,,1.0591898174084236,,
seed-2,gatsby,direct_quadratic,8,1.0544066429138184,0.004480454139411449,0.18603479862213135,6.118899364082608e-06,,,,,1.058893215952594,,
seed-2,gatsby,direct_quadratic,9,1.0541741847991943,0.00442877970635891,0.18580220639705658,6.170617780298926e-06,,,,,1.0586091351233335,,
seed-2,gatsby,direct_quadratic,10,1.0539518594741821,0.004378617275506258,0.18556943535804749,6.227205176401185e-06,,,,,1.0583367039548648,,
seed-2,gatsby,direct_quadratic,11,1.0537347793579102,0.004330984316766262,0.18535742163658142,6.288891199801583e-06,,,,,1.0580720525658762,,
seed-2,gatsby,direct_quadratic,12,1.053519368171692,0.004285883158445358,0.18518787622451782,6.355381628964096e-06,,,,,1.0578116067117662,,
seed-2,gatsby,direct_quadratic,13,1.0533050298690796,0.0042431047186255455,0.18505023419857025,6.426764230127446e-06,,,,,1.0575545613519353,,
seed-2,gatsby,direct_quadratic,14,1.0530935525894165,0.004203128162771463,0.18493394553661346,6.5031567828555126e-06,,,,,1.0573031839089708,,
seed-2,gatsby,direct_quadratic,15,1.052881121635437,0.004165163263678551,0.18483291566371918,6.584382845176151e-06,,,,,1.0570528692819607,,
seed-2,gatsby,direct_quadratic,16,1.0526683330535889,0.004128762520849705,0.18474417924880981,6.670334187219851e-06,,,,,1.0568037659086258,,
seed-2,gatsby,direct_quadratic,17,1.0524579286575317,0.004092709627002478,0.18466778099536896,6.76127683618688e-06,,,,,1.0565573995613704,,
seed-2,gatsby,direct_quadratic,18,1.052248239517212,0.004057913552969694,0.1846219003200531,6.857038442831254e-06,,,,,1.0563130101086244,,
seed-2,gatsby,direct_quadratic,19,1.0520379543304443,0.0040253023616969585,0.18460185825824738,6.957495770620881e-06,,,,,1.056070214187912,,
seed-2,gatsby,direct_quadratic,20,1.0518299341201782,0.003995467443019152,0.18459932506084442,7.062448730721371e-06,,,,,1.055832464011928,,
seed-2,gatsby,direct_quadratic,21,1.051623821258545,0.0039674062281847,0.18459820747375488,7.171443485276541e-06,,,,,1.055598398930215,,
seed-2,gatsby,direct_quadratic,22,1.0514185428619385,0.003940590191632509,0.18460966646671295,7.284391358552966e-06,,,,,1.0553664174449295,,
seed-2,gatsby,direct_quadratic,23,1.0512160062789917,0.003915778361260891,0.18463574349880219,7.401349193969509e-06,,,,,1.0551391859894466,,
seed-2,gatsby,direct_quadratic,24,1.0510168075561523,0.003891343018040061,0.18465594947338104,7.522268333559623e-06,,,,,1.054915672842526,,
seed-2,gatsby,direct_quadratic,25,1.0508201122283936,0.003867659019306302,0.184660866856575,7.646896847290918e-06,,,,,1.0546954181445471,,
seed-2,gatsby,direct_quadratic,26,1.0506247282028198,0.003845413215458393,0.18465982377529144,7.775290214340203e-06,,,,,1.0544779167084926,,
seed-2,gatsby,direct_quadratic,27,1.050431251525879,0.0038252242375165224,0.18468338251113892,7.907649887783919e-06,,,,,1.0542643834132832,,
seed-2,gatsby,direct_quadratic,28,1.0502402782440186,0.0038069221191108227,0.18471597135066986,8.044226888159756e-06,,,,,1.0540552445900175,,
seed-2,gatsby,direct_quadratic,29,1.0500526428222656,0.003789847018197179,0.1847561001777649,8.184468242689036e-06,,,,,1.0538506743087055,,
seed-2,gatsby,direct_quadratic,30,1.0498698949813843,0.0037743952125310898,0.1847958266735077,8.32809200801421e-06,,,,,1.0536526182859234,,
seed-2,gatsby,pnp,1,1.0565836429595947,0.004972528666257858,0.1883956491947174,5.8923860706272535e-06,,,0.0015766319120302796,0.015132967382669449,,,0.008512742817401886
seed-2,gatsby,pnp,2,1.0561829805374146,0.004921552259474993,0.1883501261472702,5.903055352973752e-06,,,0.00015206652460619807,0.013388331979513168,,,0.008512742817401886
seed-2,gatsby,pnp,3,1.0558176040649414,0.0048730033449828625,0.18831279873847961,5.919883278693305e-06,,,9.228721319232136e-05,0.012484931387007236,,,0.008512742817401886
seed-2,gatsby,pnp,4,1.0554835796356201,0.004827877506613731,0.1882774531841278,5.942674761172384e-06,,,8.713558781892061e-05,0.011486507020890713,,,0.008512742817401886
seed-2,gatsby,pnp,5,1.0551761388778687,0.004786056932061911,0.18823719024658203,5.970917300146539e-06,,,8.378415077459067e-05,0.010628783144056797,,,0.008512742817401886
seed-2,gatsby,pnp,6,1.0548897981643677,0.004746696446090937,0.18819309771060944,6.004639999446226e-06,,,8.387025445699692e-05,0.009950238279998302,,,0.008512742817401886
seed-2,gatsby,pnp,7,1.0546212196350098,0.004708790220320225,0.18814803659915924,6.043574103387073e-06,,,8.257250010501593e-05,0.009397231973707676,,,0.008512742817401886
seed-2,gatsby,pnp,8,1.0543655157089233,0.00467247748747468,0.18810933828353882,6.087660949560814e-06,,,7.900260243332013e-05,0.008898508735001087,,,0.008512742817401886
seed-2,gatsby,pnp,9,1.0541212558746338,0.004637985490262508,0.18807442486286163,6.137176114862086e-06,,,7.56552180973813e-05,0.008529379032552242,,,0.008512742817401886
seed-2,gatsby,pnp,10,1.0538872480392456,0.004605763591825962,0.1880512535572052,6.192397904669633e-06,,,7.297884440049529e-05,0.008245729841291904,,,0.008512742817401886
seed-2,gatsby,pnp,11,1.0536590814590454,0.004575047641992569,0.18803684413433075,6.2530934883398e-06,,,7.256587559822947e-05,0.008076252415776253,,,0.008512742817401886
seed-2,gatsby,pnp,12,1.0534356832504272,0.00454612635076046,0.18805451691150665,6.319037765933899e-06,,,7.365207420662045e-05,0.007982004433870316,,,0.008512742817401886
seed-2,gatsby,pnp,13,1.0532158613204956,0.004518213216215372,0.1880899965763092,6.39058498563827e-06,,,7.473558798665181e-05,0.007893451489508152,,,0.008512742817401886
seed-2,gatsby,pnp,14,1.0529981851577759,0.004491446539759636,0.1881372034549713,6.467744697147282e-06,,,7.56986701162532e-05,0.007912470027804375,,,0.008512742817401886
seed-2,gatsby,pnp,15,1.052782416343689,0.004465226083993912,0.18818004429340363,6.5499352785991505e-06,,,7.554414332844317e-05,0.007915392518043518,,,0.008512742817401886
seed-2,gatsby,pnp,16,1.0525710582733154,0.004439973272383213,0.1882217824459076,6.637552814936498e-06,,,7.435900624841452e-05,0.007867572829127312,,,0.008512742817401886
seed-2,gatsby,pnp,17,1.0523622035980225,0.004415597300976515,0.18827107548713684,6.730818313371856e-06,,,7.304261816898361e-05,0.007844974286854267,,,0.008512742817401886
seed-2,gatsby,pnp,18,1.0521531105041504,0.004391733556985855,0.18834027647972107,6.829460289736744e-06,,,7.477757026208565e-05,0.007930384017527103,,,0.008512742817401886
seed-2,gatsby,pnp,19,1.0519416332244873,0.004368869587779045,0.18841928243637085,6.9332963903434575e-06,,,7.820336759323254e-05,0.008011260069906712,,,0.008512742817401886
seed-2,gatsby,pnp,20,1.0517301559448242,0.004347178153693676,0.18850527703762054,7.042283868941013e-06,,,7.816073775757104e-05,0.008035687729716301,,,0.008512742817401886
seed-2,gatsby,pnp,21,1.0515203475952148,0.004326806869357824,0.1885988414287567,7.156655556173064e-06,,,7.873417052906007e-05,0.00801654439419508,,,0.008512742817401886
seed-2,gatsby,pnp,22,1.0513112545013428,0.00430727656930685,0.18869777023792267,7.276169526448939e-06,,,7.990576705196872e-05,0.008029462769627571,,,0.008512742817401886
seed-2,gatsby,pnp,23,1.051104187965393,0.004288417287170887,0.18880167603492737,7.400415142910788e-06,,,8.022608380997553e-05,0.008055849000811577,,,0.008512742817401886
seed-2,gatsby,pnp,24,1.0508992671966553,0.004270176403224468,0.18891571462154388,7.5294838097761385e-06,,,8.044811693252996e-05,0.008049055002629757,,,0.008512742817401886
seed-2,gatsby,pnp,25,1.0506972074508667,0.0042535290122032166,0.18903744220733643,7.663389624212869e-06,,,7.917163020465523e-05,0.0080304816365242,,,0.008512742817401886
seed-2,gatsby,pnp,26,1.050497055053711,0.004238568712025881,0.18917006254196167,7.801770152582321e-06,,,7.768473005853593e-05,0.008024494163691998,,,0.008512742817401886
seed-2,gatsby,pnp,27,1.0502982139587402,0.004225958604365587,0.18931153416633606,7.944710887386464e-06,,,7.561441452708095e-05,0.008060318417847157,,,0.008512742817401886
seed-2,gatsby,pnp,28,1.050100326538086,0.004214067943394184,0.18945537507534027,8.091787094599567e-06,,,7.401426410069689e-05,0.00799936056137085,,,0.008512742817401886
seed-2,gatsby,pnp,29,1.049905776977539,0.004202948417514563,0.18961834907531738,8.242657713708468e-06,,,7.23053453839384e-05,0.007924545556306839,,,0.008512742817401886
seed-2,gatsby,pnp,30,1.0497140884399414,0.004193178378045559,0.18979059159755707,8.398335012316238e-06,,,7.27082442608662e-05,0.00789304543286562,,,0.008512742817401886
